text,label,source,radar_score,wild_score,t5_score,lr_score,radar_labels,wild_labels
"**Title: Unspecified**

**Review:**

**Strengths:**

1. **Relevance and Importance:** The paper tackles a critical issue in natural language processing (NLP) concerning the automatic generation of paraphrases and word substitutions. Enhancing context-specific word replacement is vital for tasks like machine translation and semantic representation.

2. **Innovative Method:** Authors introduce a fresh technique for clustering paraphrases in the Paraphrase Database (PPDB) through a multi-view clustering algorithm. This method integrates various dimensions of paraphrase similarity, including lexical substitution rankings, cross-lingual translations, and WordNet synset comparisons.

3. **Broad Applicability:** The proposed method can be applied to any part of speech and multiple languages, broadening its utility in diverse linguistic settings.

4. **Evaluation Criterion:** Utilizing the B-Cubed F-Score as a standard for measuring the substitutability of sense inventories is a sound decision. It offers a quantifiable assessment of how closely aligned the sense clusters are with human judgments.

5. **Empirical Evidence:** The paper includes practical evidence showing that the proposed method improves lexical substitution accuracy, as demonstrated by its agreement with human-generated lexsub annotations.

**Weaknesses:**

1. **Clarity Issues:** Some parts of the paper lack clarity, particularly the shift from the introduction to the methodology. Further explanation is needed for the multi-view clustering algorithm.

2. **Limitation Exploration:** The paper does not thoroughly address potential limitations, such as scalability issues with larger datasets or the impact of paraphrase database quality.

3. **Comparative Insights:** While the paper briefly mentions other sense inventory resources like WordNet+ and TWSI, it doesn't delve into how the proposed method compares to these alternatives across various scenarios.

4. **Detailed Implementation:** Key implementation details, such as the B-Cubed F-Score calculation, should be included within the main text to ensure the paper remains self-contained without relying on external supplements.

5. **Illustrative Examples:** The paper offers few examples to show the method's effectiveness. Providing additional examples, particularly those highlighting edge cases or where the method fails, would offer a more comprehensive understanding of its capabilities.",1,AI,0.5797572135925293,0.99676114320755,0.9058802165091038,1.476486086845398,LABEL_0,0
"---

### 1. Introduction
The introduction offers an insightful overview of deep learning’s role in natural language processing (NLP) and highlights the shortcomings of traditional word embeddings. It clearly defines the core challenge: the ambiguity inherent in word embeddings. While the explanation is solid, there's room for enhancement by contextualizing the current landscape of multi-sense word representation learning. How recent approaches differ from traditional methods would add depth.

**Strengths:** Clear explanation of the problem and the significance of deep learning in NLP.
**Weaknesses:** Could benefit from a deeper dive into the current state of the art in multi-sense word representation learning.
**Suggestions for Improvement:** Include more context on the state-of-the-art techniques and highlight how the proposed method stands out.

### 2. Related Work
This section provides a thorough review of various methods used for learning multi-sense word representations. It succinctly outlines the strengths and weaknesses of each technique, emphasizing how the proposed method innovates. While informative, it might benefit from delving into the specific challenges faced by each approach.

**Strengths:** Comprehensive coverage of existing methods for multi-sense word representation learning.
**Weaknesses:** Could include more specifics about the difficulties encountered by different methodologies.
**Suggestions for Improvement:** Provide detailed insights into the challenges each method faces and how the proposed technique overcomes them.

### 3. Proposed Approach: DRL-Sense
The proposed method is presented clearly and intuitively. The authors explain the sense selection and representation modules effectively, detailing how they interconnect. To enhance clarity, it might be beneficial to delve into the specific architectures of these components.

**Strengths:** Well-explained and intuitive presentation of the proposed method.
**Weaknesses:** Could benefit from a more detailed description of the architectural specifics.
**Suggestions for Improvement:** Offer detailed information on the internal structures of the sense selection and representation modules.

### 4. Experimental Results
The experimental section clearly delineates the methodology and presents the results. Comparisons with other methods show the efficacy of the proposed approach. However, it would be valuable to specify the metrics used for evaluating the performance.

**Strengths:** Clear explanation of the experimental setup and results.
**Weaknesses:** Could benefit from specifying the metrics used for performance evaluation.
**Suggestions for Improvement:** Detail the specific metrics employed in the performance assessment.

---
",1,AI,0.8539401888847351,0.9995781779289246,0.7206965833902359,1.2760759592056274,LABEL_0,0
"The paper introduces a new way to learn representations in deep neural networks by using the Information Bottleneck (IB) principle. Specifically, the authors propose a method called Variational Information Bottleneck (VIB), which uses variational inference to approximate the IB objective. This approach aims to produce representations that are highly informative about the target variable while also being less revealing about the input data. By doing so, it balances expressiveness with compression, making these representations both useful and efficient.

### Strengths

1. **Innovative Method**: The paper brings forward a groundbreaking technique, VIB, that employs variational inference to apply the IB principle to deep neural networks. This is significant because it addresses a long-standing computational challenge in this area.

2. **Theoretical Foundations**: The work is supported by strong theoretical underpinnings from information theory, including mutual information and the data processing inequality. These concepts provide a clear and principled basis for understanding what constitutes a good representation.

3. **Practical Implementation**: The authors have made VIB practical through the use of techniques like the reparameterization trick and Monte Carlo sampling, allowing it to be optimized using stochastic gradient descent. This makes it suitable for working with complex, high-dimensional data, such as images.

4. **Improved Robustness**: The paper suggests that models trained with VIB are better at resisting overfitting and adversarial attacks. This is particularly valuable given that real-world data often contains noise or is manipulated in some way.

5. **Comparative Analysis**: The authors provide a thorough comparison of their method with existing work, placing VIB in the broader context of information-theoretic approaches to deep learning. This contextualization highlights the unique advantages of their approach.

### Weaknesses

1. **Insufficient Experiments**: While the paper outlines several experiments, it lacks detailed results and comparisons with other methods. This makes it hard to fully evaluate the practical benefits and performance of the VIB technique.

2. **Computational Challenges**: The paper doesn't delve into the computational complexities or scalability of VIB. Understanding how it performs on large datasets and whether it introduces significant computational overhead would be helpful.

3. **Accessibility**: The paper is dense with technical details, which might be challenging for readers unfamiliar with information theory. Providing more intuitive explanations and visual aids could enhance its accessibility.

4. **Specific Examples**: The paper doesn't include concrete examples demonstrating how VIB works in practice",1,AI,0.5893515944480896,0.999605357646942,0.9805510034784676,1.223320722579956,LABEL_0,0
"This paper is about improving feature learning in deep reinforcement learning, by augmenting the main policy's optimization problem with terms corresponding to (domain-independent) auxiliary tasks. These tasks are about control (learning other policies that attempt to maximally modify the state space, i.e. here the pixels), immediate reward prediction, and value function replay. Except for the latter, these auxiliary tasks are only used to help shape the features (by sharing the CNN+LSTM feature extraction network). Experiments show the benefits of this approach on Atari and Labyrinth problems, with in particular much better data efficiency than A3C.

The paper is well written, ideas are sound, and results pretty convincing, so to me this is a clear acceptance. At high level I only have few things to say, none being of major concern:
- I believe you should say something about the extra computational cost of optimizing these auxiliary tasks. How much do you lose in terms of training speed? Which are the most costly components?
- If possible, please try to make it clearer in the abstract / intro that the agent is learning different policies for each task. When I read in the abstract that the agent ""also maximises many other pseudo-reward functions simultaneously by reinforcement learning"", my first understanding was that it learned a single policy to optimize all rewards together, and I realized my mistake only when reaching eq. 1.
- The ""feature control"" idea is not validated empirically (the preliminary experiment in Fig. 5 is far from convincing as it only seems to help slightly initially). I like that idea but I am worried by the fact the task is changing during learning, since the extracted features are being modified. There might be stability / convergence issues at play here.
- Since as you mentioned, ""the performance of our agents is still steadily improving"", why not keep them going to see how far they go? (at least the best ones)
- Why aren't the auxiliary tasks weight parameters (the lambda_*) hyperparameters to optimize? Were there any experiments to validate that using 1 was a good choice?
- Please mention the fact that auxiliary tasks are not trained with ""true"" Q-Learning since they are trained off-policy with more than one step of empirical rewards (as discussed in the OpenReview comments)

Minor stuff:
- ""Policy gradient algorithms adjust the policy to maximise the expected reward, L_pi = -..."" => that's actually a loss to be minimized
- In eq. 1 lambda_c should be within the sum
- Just below eq. 1 r_t^(c) should be r_t+k^(c)
- Figure 2 does not seem to be referenced in the text, also Figure 1(d) should be referenced in 3.3
- ""the features discovered in this manner is shared"" => are shared
- The text around eq. 2 refers to the loss L_PC but that term is not defined and is not (explicitly) in eq. 2
- Please explain what ""Clip"" means for dueling networks in the legend of Figure 3
- I would have liked to see more ablated versions on Atari, to see in particular if the same patterns of individual contribution as on Labyrinth were observed
- In the legend of Figure 3 the % mentioned are for Labyrinth, which is not clear from the text.
- In 4.1.2: ""Figure 3 (right) shows..."" => it is actually the top left plot of the figure. Also later ""This is shown in Figure 3 Top"" should be Figure 3 Top Right.
- ""Figure 5 shows the learning curves for the top 5 hyperparameter settings on three Labyrinth navigation levels"" => I think it is referring to the left and middle plots of the figure, so only on two levels (the text above might also need fixing)
- In 4.2: ""The left side shows the average performance curves of the top 5 agents for all three methods the right half shows..."" => missing a comma or something after ""methods""
- Appendix: ""Further details are included in the supplementary materials."" => where are they?
- What is the value of lambda_PC? (=1 I guess?)

[Edit] I know some of my questions were already answered in Comments, no need to re-answer them",0,Human,0.0099175572395324,0.0280327796936035,0.9117114543914796,1.946919679641724,LABEL_1,1
"**Review of the Paper on Prototypical Networks for Few-Shot Learning**

**Strengths:**

1. **Simplicity and Elegance:** Prototypical networks propose a straightforward method where each class is represented by a single prototype, typically the mean of the support set in an embedding space. This simplicity makes the model both easy to implement and computationally efficient.

2. **Competitive Performance:** Despite its simplicity, the method outperforms more complex models like matching networks. This showcases the effectiveness of using a prototypical representation.

3. **Episodic Training:** The use of episodic training, which mirrors the test environment during training, improves generalization, making the model more adaptable.

4. **Flexible Prototypes:** The method allows for flexibility in computing and updating prototypes, enabling better handling of additional support points and accommodating new data.

5. **Comprehensive Comparison:** The paper includes a detailed comparison with other methods, highlighting the unique aspects of prototypical networks.

**Weaknesses:**

1. **Insufficient Experimental Evidence:** The paper lacks detailed experimental results and comparisons across multiple datasets. More empirical data would help strengthen the claims about competitive performance.

2. **Limited Discussion of Limitations:** The paper doesn’t delve into potential limitations of prototypical networks, such as their performance on imbalanced datasets or sensitivity to the choice of embedding function.

3. **Prototype Normalization:** The section on prototype normalization needs more detail. While the concept is introduced, there’s insufficient explanation of its impact and when it’s most beneficial.

4. **Scalability Issues:** Although the method works well with small support sets, the paper doesn’t address scalability with a large number of classes or high-dimensional data.

5. **Lack of Theoretical Insights:** The paper could benefit from more theoretical analysis to explain why prototypical representations are so effective for few-shot learning tasks.

**Suggestions for Improvement:**

1. **Enhanced Experimental Section:** Include more extensive experiments across diverse datasets, including imbalanced and high-dimensional ones, to demonstrate the robustness and versatility of the approach.

2. **In-depth Discussion of Limitations:** Discuss the specific challenges and limitations of prototypical networks, such as their performance on imbalanced data and sensitivity to the embedding function.

3. **Thorough Explanation of Prototype Normalization:** Provide a deeper exploration of how and when prototype normalization impacts the model's performance.

4. **Address Scalability:** Address how the method scales with increasing numbers of classes and dimensions, and explore potential solutions to overcome scalability issues.

5",1,AI,0.6954403519630432,0.9990554451942444,0.872320331633091,1.1960185766220093,LABEL_0,0
"
Strengths:

- The paper introduces a groundbreaking method for creating continuous semantic representations of symbolic expressions, a critical area in AI.
- It offers a straightforward introduction to the topic, making the importance and relevance of the research clear.
- The authors provide a comprehensive breakdown of their model, EQNETs, including its various components, which aids in understanding the technical aspects.
- They extensively evaluate their approach across different types of symbolic expressions, demonstrating its efficacy.

Weaknesses:

- The motivation for choosing symbolic expressions isn't clearly articulated, leaving some questions unanswered.
- There's a lack of discussion on the limitations of their approach, like the risk of overfitting or the necessity for substantial training data.
- More visual aids, like diagrams or flowcharts, would enhance comprehension of the architecture.
- How the proposed method can be applied in practical scenarios isn’t fully explained.

Suggestions for Improvement:

- Clarify the rationale behind focusing solely on symbolic expressions and consider other types of expressions.
- Offer a more detailed exploration of potential limitations and challenges of the approach.
- Integrate more visuals, such as diagrams or flowcharts, to better illustrate the structure and components.
- Explain the real-world applicability of the method, particularly in areas like NLP or CV.
- Compare their method with others, such as recurrent neural networks or graph neural networks.
- Provide more information about the experimental setup, including dataset sizes, hyperparameters, and evaluation metrics.
",1,AI,0.8840965628623962,0.9837337136268616,0.9804500062018632,1.3987226486206057,LABEL_0,0
"
**INTRODUCTION**

The introduction gives a solid overview of recent advancements in Reinforcement Learning (RL) and points out the limitations of current techniques. It underscores the significance of efficient system utilization in RL, a critical component of deep RL methods. This sets the foundation for the rest of the paper, which addresses computational issues within deep RL and proposes a hybrid CPU/GPU implementation of the Asynchronous Advantage Actor-Critic (A3C) algorithm.

**Strengths:** The introduction is clear and succinct, providing an overview of recent RL developments and their limitations.

**Weaknesses:** The introduction could benefit from more context on why efficient system utilization is vital in RL and how it impacts deep RL performance.

**Suggestions for Improvement:** Include more context on the importance of efficient system utilization in RL and its effect on deep RL. Also, delve into specific challenges addressed in the paper.

**RELATED WORK**

The related work section offers a comprehensive review of recent advancements in deep RL, touching on the introduction of Deep Q-Networks (DQNs) and various Deep Neural Network architectures. It also touches on the shortcomings of current methods, such as the reliance on replay memory and the necessity for efficient system utilization.

**Strengths:** The related work section provides a thorough overview of recent deep RL advancements and outlines the limitations of existing methods.

**Weaknesses:** The related work could be enhanced with more specific challenges and limitations highlighted.

**Suggestions for Improvement:** Include more specific challenges and limitations of current approaches. Also, elaborate on the importance of efficient system utilization and its impact on deep RL.

**ASYNCRACHONOUS ADVANTAGE ACTOR-CRITIC (A3C)**

The A3C section offers a detailed look at the A3C algorithm, including its architecture and training cost functions. It also provides a thorough explanation of the asynchronous gradient descent algorithm employed in A3C.

**Strengths:** The A3C section presents a comprehensive overview of the A3C algorithm and its architecture.

**Weaknesses:** The section could benefit from exploring more specific challenges and limitations associated with the A3C algorithm.

**Suggestions for Improvement:** Discuss more specific challenges and limitations of the A3C algorithm. Additionally, consider elaborating on the importance of efficient system utilization in RL and its role in enhancing A3C performance.

",1,AI,0.8067724108695984,0.9997022747993468,0.4709523022174835,1.011743664741516,LABEL_0,0
"This paper develops a differentiable interpreter for the Forth programming
language. This enables writing a program ""sketch"" (a program with parts left
out), with a hole to be filled in based upon learning from input-output
examples. The main technical development is to start with an abstract machine
for the Forth language, and then to make all of the operations differentiable.
The technique for making operations differentiable is analogous to what is done
in models like Neural Turing Machine and Stack RNN. Special syntax is developed
for specifying holes, which gives the pattern about what data should be read
when filling in the hole, which data should be written, and what the rough
structure of the model that fills the hole should be. Motivation for why one
should want to do this is that it enables composing program sketches with other
differentiable models like standard neural networks, but the experiments focus
on sorting and addition tasks with relatively small degrees of freedom for how
to fill in the holes.

Experimentally, result show that sorting and addition can be learned given
strong sketches.

The aim of this paper is very ambitious: convert a full programming language to
be differentiable, and I admire this ambition. The idea is provocative and I
think will inspire people in the ICLR community.

The main weakness is that the experiments are somewhat trivial and there are no
baselines. I believe that simply enumerating possible values to fill in the
holes would work better, and if that is possible, then it's not clear to me what
is practically gained from this formulation. (The authors argue that the point
is to compose differentiable Forth sketches with neural networks sitting below,
but if the holes can be filled by brute force, then could the underlying neural
network not be separately trained to maximize the probability assigned to any
filling of the hole that produces the correct input-output behavior?)

Related, one thing that is missing, in my opinion, is a more nuanced outlook of
where the authors believe this work is going. Based on the small scale of the
experiments and from reading other related papers in the area, I sense that it
is hard to scale up differentiable forth to large real-world problems. It
would be nice to have more discussion about this, and perhaps even an experiment
that demonstrates a failure case. Is there a problem that is somewhat more
complex than the ones that appear in the paper where the approach does not work?
What has been tried to make it work? What are the failure modes? What are the
challenges that the authors believe need to be overcome to make this work.

Overall, I think this paper deserves consideration for being provocative.
However, I'm hesitant to strongly recommend acceptance because the experiments
are weak.",0,Human,0.1570174098014831,0.005750298500061,0.9453601725399494,1.7645732164382937,LABEL_1,1
"This paper investigates the  modeling of graph sequences . Authors propose Graph Convolutional Recurrent Networks (GRCN)  that extends convLSTM  (Shi et al. 2015) for data having an unregular graph structure at each timestep. They replace the 2D convolution with a graph convolutional operator from (Defferrad et al., 2016).
Authors propose two variations of the GRCN model. In Model 1,  the graph convolution is only applied on the input data. In Model 2, the graph convolution  is applied on both  input data and the previous hidden states. They evaluate their approaches on two different tasks, video generation using the movingMNIST dataset and world-level language modelling using Penntreebank.

On movingMNIST authors show that their GRCN 2 improves upon convLSTM. However, they evaluate only with one-layer convLSTM, while Shi et al. report better results with 3 layers (also not as good as  GRCN) . It would be nice to evaluate GCRCN in that setting as well.
While the authors show an improvement of GRCN relatively to convLSTM, GRCN on this task seems relatively weak compared to recent works such as the Video Pixel Networks (Kalchbrenner et al., 2016). It contradicts the claim that ""Model 2 has shown good performance in the case of video prediction"" in the conclusion.

For the Penntreebank experiments, author compares  their model 1 with FC-LSTM, with or without dropout. However, the results in (Zaremba et al., 2014) still seems different than the one reported here. In (Zaremba et al., 2014), they  reports a test perplexity of 78.4 for the large regularized LSTM in their table 1 which outperforms the score of the GRCN. Also, following works such as variational dropout or zoneout have since improve upon Zaremba results. Is there some differences in the experimental setting?  It would be nice to have results that are directly comparable to previous work.


Pros:
- Interesting model, 
Cons:
- Overall, the proposed contribution is relatively incremental compared to (Shi et al. 2015) and (Defferrad et al., 2016). 
- Weak results of GRCN relatively to previous works in the experiments, that do not convince of the GRCN advantages.
",0,Human,0.0682038068771362,0.9030632972717284,0.9513422939926386,1.836517333984375,LABEL_1,0
"**Review of the Paper**

**Title:** The paper tackles a critical issue in machine learning: the shortage of labeled data. By introducing a method to augment datasets in feature space using sequence autoencoders, it offers a versatile solution applicable across multiple domains.

**Strengths:**

1. **Novel and Relevant:** The paper addresses the limitation of having insufficient labeled data. It proposes a method to enhance datasets in the feature space, which could prove useful across various fields.

2. **Strong Motivation:** The authors convincingly explain why traditional data augmentation methods fall short in areas beyond image processing, emphasizing the need for a more generalized solution.

3. **Sophisticated Choice of Tools:** Using sequence autoencoders (SA) makes sense because they can handle both time-series and static data, aligning perfectly with the aim of developing an all-purpose augmentation tool.

4. **Thorough Explanation:** The paper delves into the details of the sequence autoencoder architecture and the modifications made to improve reconstruction accuracy, which is crucial for effective data augmentation.

5. **Potential Impact:** If successful, this method could substantially boost the performance of supervised learning models, particularly those operating in scenarios with limited labeled data.

**Weaknesses:**

1. **Insufficient Evidence:** The paper lacks empirical results to substantiate its claims about the effectiveness of the proposed augmentation technique. Without such evidence, the validity of the approach remains uncertain.

2. **Limited Consideration of Limitations:** Although the paper highlights the benefits of the method, it doesn't sufficiently address potential drawbacks or challenges, such as the possibility of generating unrealistic data or the computational demands of training autoencoders.

3. **Lack of Comparative Analysis:** The paper doesn’t compare its approach with other data augmentation techniques in either feature or input space, making it hard to gauge its relative strengths and weaknesses.

4. **Structure and Clarity:** The paper could benefit from a more organized structure, especially in the methodology section. The flow from the introduction to related work and then to model description seems somewhat disjointed.

5. **Incomplete Methodology:** While the paper mentions extrapolation and interpolation in feature space, it doesn't provide enough information on how these transformations are actually implemented or evaluated.

**Suggestions for Improvement:**

1. **Add Experimental Results:** Perform experiments to validate the effectiveness of the proposed augmentation technique. Include quantitative results demonstrating improvements in model performance under different conditions.

2. **Discuss Potential Limitations:** Clearly outline any potential downsides of the method, such as the risk of producing inaccurate",1,AI,0.6873838901519775,0.9984866380691528,0.8891272656619549,1.2604913711547852,LABEL_0,0
"---

**INTRODUCTION**

The introduction gives a clear summary of the information-theoretic perspective on deep networks and the Information Bottleneck (IB) principle. It explains the essence and appeal of the IB principle, along with its limitations, setting the groundwork for the remainder of the paper. This section explores how the IB principle can be applied to deep neural networks through variational inference.

**Strengths**: The introduction is well-written and offers a clear overview of the IB principle and its relevance to deep neural networks. The authors effectively highlight the limitations of the IB principle, which is crucial for understanding the motivation behind the proposed method.

**Weaknesses**: The introduction could benefit from a deeper dive into the information-theoretic concepts used in the paper, such as mutual information and the data processing inequality. Additionally, it would be useful to provide more context about why the IB principle is significant in the realm of deep learning.

**Suggestions for Improvement**: The introduction could include more context on the importance of the IB principle within the field of deep learning. Furthermore, the authors should elaborate on the information-theoretic concepts used, such as mutual information and the data processing inequality, to enhance clarity.

**RELATED WORK**

The related work section offers a thorough review of existing literature on the IB principle and its applications to deep neural networks. It discusses the limitations of current approaches and emphasizes the contributions of the proposed method.

**Strengths**: The related work section is well-organized and provides a comprehensive overview of the existing literature. The authors clearly articulate the limitations of existing methods and highlight the contributions of their proposed method.

**Weaknesses**: The section could provide more detail on the specific contributions of the proposed method. Additionally, it might be beneficial to offer more context on the relevance of the IB principle to the field of deep learning.

**Suggestions for Improvement**: The related work section could delve more deeply into the specific contributions of the proposed method. Also, the authors could expand on the relevance of the IB principle within deep learning to provide additional context.

**METHOD**

The method section elaborates on the proposed Variational Information Bottleneck (VIB) approach, detailing the variational lower bound on the IB objective and the reparameterization trick used to optimize this objective.

**Strengths**: The method section is well-written and provides a clear explanation of the proposed VIB method. The authors provide a detailed explanation of the variational lower bound on the IB objective and the reparameter",1,AI,0.847099781036377,0.999784767627716,0.7689987197518349,0.8823099136352539,LABEL_0,0
"Dear ACs,

We are concerned about the quality of review provided by Reviewer #4. The only point of criticism offered by the reviewer is that ""the proposed solution depends on a reasonably good dialogue model to begin with, which is not guaranteed, rendering the new metric possibly meaningless."" We believe the review indicates that the reviewer did not thoroughly read or understand our paper, for several reasons:

1) As stated in the rebuttal, the claim that our model 'depends on a good dialogue model to begin with' is false. This can be seen by simply looking at our main results table, where we have additional results using publicly available sentence embedding methods (i.e. tweet2vec). What our method does require is a sentence embedding method, but we believe this is hardly a limitation of the work. 

2) Several details in the reviewer's summary of our paper are incorrect (it is not simply an LSTM used to encode the context, but a hierarchical model; our evaluation method is not in itself a dialogue model, as explained to Reviewer #1), although we do not mention this in our rebuttal. 

3) As stated in the rebuttal, we show that our evaluation procedure works (is correlated with human judgements) on a dataset (Twitter) that has seen the significant use in the recent literature. It is obvious that our method works on this popular dataset (since we demonstrate it in our experiments); thus, the claim that our method is 'meaningless' is not accurate (it would be very useful even if it only worked for Twitter).

4) Finally, the domain in which the reviewer implies our method would be 'meaningless' (when there exists no sentence embedding method for that domain) is very small: it encompasses only domains that (a) have too little data to train an embedding method (and if this is the case, it likely has too little data to train a dialogue model anyway), and (b) are different enough from all existing domains such that transfer learning can't be used (i.e. one can't use a generic embedding method such as skip-thought). The majority of domains studied in the literature (Twitter, Ubuntu, Reddit, movies, etc.) do not satisfy these criteria.

This is not to say there are no valid criticisms of our work -- indeed, the review provided by Reviewer #1 (although we believe they are mistaken) at least indicates that the reviewer read the paper. 

We would appreciate if this could be taken into consideration when deciding whether to accept or reject this paper.


Thanks,

-The Authors",0,Human,0.1308632493019104,0.0306366086006164,0.8474117144942284,1.4141480922698977,LABEL_1,1
"UPDATE: The authors addressed all my concerns in the new version of the paper, so I raised my score and now recommend acceptance.
--------------
This paper combines the recent progress in variational autoencoder and autoregressive density modeling in the proposed PixelVAE model. The paper shows that it can match the NLL performance of a PixelCNN with a PixelVAE that has a much shallower PixelCNN decoder.
I think the idea of capturing the global structure with a VAE and modeling the local structure with a PixelCNN decoder makes a lot of sense and can prevent the blurry reconstruction/samples of VAE. I specially like the hierarchical image generation experiments.

I have the following suggestions/concerns about the paper:

1) Is there any experiment showing that using the PixelCNN as the decoder of VAE will result in better disentangling of high-level factors of variations in the hidden code? For example, the authors can train a PixelVAE and VAE on MNIST with 2D hidden code and visualize the 2D hidden code for test images and color code each hidden code based on the digit and show that the digits have a better separation in the PixelVAE representation. A semi-supervised classification comparison between VAE and the PixelVAE will also significantly improve the quality of the paper.

2) A similar idea is also presented in a concurrent ICLR submission ""Variational Lossy Autoencoder"". It would be interesting to have a discussion included in the paper and compare these works.

3) The answer to the pre-review questions made the architecture details of the paper much more clear, but I still ask the authors to include the exact architecture details of all the experiments in the paper and/or open source the code. The clarity of the presentation is not satisfying and the experiments are difficult to reproduce.

4) As pointed out in my pre-review question, it would be great to include two sets of MNIST samples maybe in an appendix section. One with PixelCNN and the other with PixelVAE with the same pixelcnn depth to illustrate the hidden code in PixelVAE actually captures the global structure.

I will gladly raise the score if the authors address my concerns.",0,Human,0.0406302809715271,0.0076124668121337,0.9726646160706878,1.721498727798462,LABEL_1,1
"**Review of the Paper on Instance-Level Image Retrieval Using CNNs**

**Strengths:**

- The paper has a clear focus and motivation, distinguishing instance-level retrieval from category-level retrieval. It sets the stage well and emphasizes the unique challenges this area presents.
  
- The literature review is comprehensive, tracing the evolution of image retrieval from traditional BoF (Bag of Words) approaches to modern CNN-based techniques. This contextualizes the research and underscores its significance.
  
- The authors claim three key contributions: exploring five influencing factors, proposing a new multi-scale image representation, and showcasing superior performance on various challenging datasets. These points are articulated clearly and offer a roadmap for future research.
  
- The paper promises rigorous experimentation to assess different factors’ impacts on retrieval performance, indicating a solid empirical foundation.
  
- By emphasizing unsupervised methods and compact image representations, the paper tackles practical constraints like limited data and resource efficiency, making it highly relevant for real-world applications.

**Weaknesses:**

- The paper lacks detailed descriptions of the experimental setup, including specific CNN architectures, dataset specifics, and feature extraction/aggregation procedures. This hinders assessment of reproducibility.
  
- Despite promising a thorough evaluation, the paper does not delve deeply into how different factors affect performance. A more detailed analysis would bolster its claims.
  
- The multi-scale image representation is described as a novel contribution but could benefit from clearer differentiation and justification of how it stands out compared to existing methods.
  
- There’s an overemphasis on CNNs at the expense of considering other emerging architectures like transformers or graph neural networks.
  
- The discussion on unsupervised methods could be expanded to include other techniques and their potential benefits.

This review highlights both the strengths and areas for improvement in the paper, providing a balanced perspective.",1,AI,0.8829777240753174,0.9730874300003052,0.8361285105347633,1.620261788368225,LABEL_0,0
"Variational auto-encoders, adversarial networks, and kernel scoring rules like MMD have recently gained popularity as methods for learning directed generative models and for other applications like domain adaptation. This paper gives an additional method along the scoring rules direction that uses the matching of central moments to match two probability distributions. The technique is simple, and in the case of domain adaptation, highly effective.

CMD seems like a very nice and straightforward solution to the domain adaptation problem. The method is computationally straightforward to implement, and seems quite stable with respect to the tuning parameters when compared to MMD. I was skeptical reading through this, especially given the fact that you only use K=5 in your experiments, but the results seem quite good. The natural question that I have now is: how will this method do in training generative models? This is beyond the scope of this paper, but it’s the lowest hanging fruit.

Below I give more detailed feedback.

One way to speed up MMD is to use a random Fourier basis as was done in “Fastmmd: Ensemble of circular discrepancy for efficient two-sample test” by Zhao and Meng, 2015. There are also linear time estimators, e.g., in “A Kernel Two-Sample Test“ by Gretton et al., 2012. I don’t think you need to compare against these approaches since you compare to the full MMD, but they should be cited.

The paper “Generative Models and Model Criticism via Optimized Maximum Mean Discrepancy” by Sutherland et al. submitted to ICLR 2017 as well, discusses techniques for optimizing the kernel used in MMD and is worth citing in section 3.

How limiting is the assumption that the distribution has independent marginals?

The sample complexity of MMD depends heavily on the dimensionality of the input space - do you have any intuitions about the sample complexity of CMD? It seems like it's relatively insensitive based on the results in Figure 4, but I would be surprised if this were the case with 10,000 hidden units. I mainly ask this because with generative models, the output space can be quite high-dimensional.

I’m concerned that the central moments won’t be numerically stable at higher orders when backpropagating. This doesn’t seem to be a problem in the experimental results, but perhaps the authors could comment a bit on this? I’m referring to the fact that ck(X) can be very large for k >= 3. Proposition 1 alleviates my concerns that the overall objective is unstable, I’m referring specifically to the individual terms within.

Figure 3 is rather cluttered, and aside from the mouse class it’s not clear to me from the visualization that the CMD regularizer is actually helping. It would be useful to remove some of the classes for the purpose of visualization.

I would like some clarification about the natural geometric interpretations of K=5. Do you mean that the moments up to K=5 have been well-studied? Do you have any references for this? Why does K >= 6 not have a natural geometric interpretation?

Figure 4 should have a legend",0,Human,0.1171897053718566,0.0722879767417907,0.9224406778812408,1.7905094623565674,LABEL_1,1
"The paper presents an application of a tensor factorization to linear models, which allows to consider higher-order interactions between variables in classification (and regression) problems, and that maintains computational feasibility, being linear in the dimension. The factorization employed is based on the TT format, first proposed by Oseledests (2011). The authors also propose the adoption of a Riemannian optimization scheme to explicit consider the geometry of the tensor manifold, and thus speed up convergence.

The paper in general is well written, it presents an interesting application of the TT tensor format for linear models (together with an application of Riemannian optimization), which in my opinion is quite interesting since it has a wide range of possible applications in different algorithms in machine learning.

On the other side, I have some concerns are about the experimental part, which I consider not at the level of the rest of the paper, for instance in terms of number of experiments on real datasets, role of dropout in real datasets, comparison with other algorithms on real datasets. Moreover the authors do not take into account explicitly the problem of the choice of the rank to be used in the experiments. In general the experimental section seems a collection of preliminary experiments where different aspects have been tested by not in a organic way.

I think the paper is close to a weak acceptance / weak rejection, I don't rate it as a full acceptance paper, mainly due to the non-satisfactory experiment setting. In case of extra experiments confirming the goodness of the approach, I believe the paper could have much better scores.

Some minor comments:
-formula 2: Obvious comment: learning the parameters of the model in (1) can be done as in (2), but also in other ways, depending on the approach you are using.
-the fact that the rank is bounded by 2r, before formula 9, is explained in Lubich et al., 2015?
-after formula 10: why the N projections in total they cost O(dr^2(r+N)), it should be O(Ndr^2(r+1)), no? since each of the elements of the summation has rank 1, and the cost for each of them is O(dr^2(r+TT_rank(Z)^2)), where TT-rank(Z)=1. Am I wrong?
-section 6.2: can you explain why the random initialization freezes the convergence? This seems interesting but not motivated. Any guess?
-section 6.3: you adopt dropout: can you comment in particular on the advantages it gives in the context of the exponential machines? did you use it on real datasets?
-how do you choose r_0 in you experiments? with a validation set?
-in section 7: why you don't have x_1 x_2 among the variables?
-section 8: there is a typo in ""experiments""
-section 8.1: ""We simplicity, we binarized"" I think there's a problem with the English language in this sentence
-section 8.3: ""we report that dropout helps"".. this is quite general statement, only tested on a synthetic dataset
-section 8.5: can you provide more results for this dataset, for instance in terms of training and inference time? or test wrt other algorithms?",0,Human,0.0764840245246887,0.02725350856781,0.947054522112012,1.7094212770462036,LABEL_1,1
"**Title: Enhancing Predictive Models of Physical Environments with Unsupervised Learning**

**Strengths:**

1. **Innovative Approach:** The study introduces an innovative method using unsupervised learning to boost predictive models in physical environments. This is a notable contribution as it aims to integrate human-like intuition about physics with machine learning.

2. **New Dataset:** Authors have developed a fresh dataset featuring video sequences of block configurations, which is a significant asset for the scientific community. This dataset facilitates a more thorough analysis of stability prediction tasks.

3. **Dual-Module Architecture:** The study proposes a unique architecture combining a future frame predictor with a stability predictor. This dual-system design shows promise for enhancing prediction accuracy.

4. **Thorough Experiments:** Multiple architectures for both components have been tested, offering a comprehensive evaluation of the proposed methodology.

**Weaknesses:**

1. **Insufficient Quantitative Data:** While there are qualitative examples provided, the paper lacks robust quantitative data to substantiate its claims. Including metrics like accuracy, precision, recall, and F1-score against baseline models would strengthen the argument.

2. **Lack of Evidence for Generalization:** The authors claim generalization capability but don’t present substantial evidence. More experimental data showing the model’s performance on unseen scenarios or different physical environments would bolster the argument.

3. **Adversarial Training Analysis:** The use of adversarial training is mentioned but not thoroughly explained. Further insight into how this technique failed to improve stability predictions would add depth to the research.

4. **Clarity and Structure:** The paper could benefit from clearer writing and better section flow. Sections like the architecture description might need simplification and smoother transitions between sections.

5. **Theoretical Foundation:** There is a need for a stronger theoretical basis explaining why unsupervised learning improves stability prediction. Providing a clear hypothesis or theoretical framework would solidify the study’s foundation.

**Suggestions for Improvement:**

1. **Quantitative Evaluation:** Include a section detailing quantitative results comparing the proposed method to existing benchmarks. Standard metrics should be used to evaluate performance, and statistical analyses should be included to validate the findings.

2. **Generalization Experiments:** Conduct additional experiments to validate the model’s ability to perform consistently across various configurations or distinct physical settings.",1,AI,0.6903415322303772,0.9987345337867736,0.6081211566925049,1.4836596250534058,LABEL_0,0
"The authors propose the use of a vertical and horizontal one-dimensional RNN (denoted as L-RNN module) to capture long-range dependencies and summarize convolutional feature maps. L-RNN modules are an alternative to deeper or wider networks, 2D RNNs, dilated (Atrous) convolutional layers, and a simple flatten or global pooling layer when applied to the last convolutional layer for classification. L-RNN modules are faster than 2D RNNs, since rows and columns can be processed in parallel, are easy to implemented, and can be inserted in existing convolutional networks. The authors demonstrate improvements for classification and semantic segmentation.

However, further evaluations are required that show for which use cases L-RNNs are superior to alternatives for summarizing convolutional feature maps:

1. I suggest to use a fixed CNN with as certain number of layers, and summarize the last feature map by a) a flatten layer, b) global average pooling, c) a 2D RNN, d) and dilated convolutional layers for segmentation. The authors should report both the run-time and number of parameters for these variants in addition to prediction performances. For segmentation, the number of dilated convolutional layers should be chosen such that the number of parameters is similar to a single L-RNN module.

2. The authors compare classification performances only on 32x32 CIFAR-10 images. For higher resolution images, the benefit of L-RNN modules to capture long-range dependencies might be more pronounced. I therefore suggest evaluating classification performances on one additional dataset with higher resolution images, e.g. ImageNet or the CUB bird dataset.

Additionally, I have the following minor comments:

3. The authors use vanilla RNNs. It might be worth investigating LSTMs or GRUs instead.

4. For classification, the authors summarize hidden states of the final vertical recurrent layer by global max pooling. Is this different from more common global average pooling or concatenating the final forward and backward recurrent states?

5. Table 3 is hard to understand since it mingles datasets (Pascal P and COCO C) and methods (CRF post-processing). I suggest, e.g., using an additional column with CRF ‘yes’ or ‘no’. I further suggest listing the number of parameters and runtime if possible.

6. Section 3 does not clearly describe in which order batch-normalization is applied in residual blocks. Figure 2 suggest that the newer BN-ReLU-Conv order described in He et al. (2016) is used. This should be mentioned in the text.

Finally, the text needs to be revised to reach publication level quality. Specifically, I have the following comments:

7. Equation (1) is the update of a vanilla RNN, which should be stated more clearly. I suggest to first describe (bidirectional) RNNs, to reference GRUs and LSTMs, and then describe how they are applied here to images. Figure 1 should also be referenced in the text.

8. In section 2.2, I suggest to describe Bell at al. more clearly. Why are they using eight instead of four RNNs? 

9. Section 4 starts with a verbose description about transfer learning, which can be compressed into a single reference or skipped entirely.

10. Equation (6) seems to be missing an index i.

11.In particular section 5 and 6 contain a lot of clutter and slang, which should be avoided:
11.1 page 8: ‘As can be seen’, ‘we turn to that case next’
11.2 page 9: ‘to the very high value’, ‘as noted earlier’,  ‘less context to contribute here’
11.3 page 10: ‘In fact’, ‘far deeper’, ‘a simple matter of’, ‘there is much left to investigate.




",0,Human,0.1249282956123352,0.944864809513092,0.8155733868479729,1.647262454032898,LABEL_1,0
"
The paper introduces a novel framework called ""nonparametric neural networks,"" designed to dynamically adjust the size of a neural network during training. This approach addresses the inefficiencies of traditional methods, which often require numerous full training iterations and don't change the model size during training. The paper lays out the theoretical foundations, introduces a new normalization layer (CapNorm), and a training algorithm (AdaRad) to support these innovations.

### Strengths

- **Innovative Approach**: The idea of adjusting neural network sizes dynamically is groundbreaking. It could lead to more efficient training processes and better-performing models.
- **Theoretical Justification**: The paper includes a theoretical foundation, backed by a theorem that guarantees reaching a global minimum under certain conditions. This adds credibility to the approach.
- **Resource Efficiency**: By potentially reducing the number of full training runs, this method could save significant computing resources, which is particularly valuable in large-scale machine learning tasks.
- **Integration of Existing Techniques**: The combination of fan-in and fan-out regularizers to promote sparsity and control network size is an excellent integration of existing practices in a novel setting.

### Weaknesses

- **Clarity and Organization**: The paper could be clearer, especially in its introduction and theoretical sections. Some concepts are introduced without adequate context or explanation, which might confuse readers who aren't familiar with the topic.
- **Lack of Experimental Evidence**: The paper doesn’t provide enough details about experiments that validate the proposed method. While the theoretical foundation is solid, empirical data is crucial to show the practical effectiveness and efficiency of the approach.
- **Comparison with Other Methods**: The paper doesn't adequately compare its method against existing model selection and pruning techniques. A discussion on performance, computational efficiency, and ease of implementation would be beneficial.
- **Implementation Challenges**: The paper doesn't explain how to practically implement the proposed framework. Information on integrating the new normalization layer and training algorithm into existing neural network architectures would help.
- **Assumptions and Limitations**: The paper doesn't thoroughly explore the assumptions and limitations of the proposed method. For example, the reliance on specific types of regularizers and nonlinearities might restrict its applicability.

### Suggestions for Improvement

- **Enhance Clarity**: Provide more background information and detailed explanations where necessary to ensure the paper flows smoothly and is easier to follow.
- **Include Experimental Results**: Add more experimental validation to demonstrate the practical benefits and efficiency of the method.
- **Compare with",1,AI,0.728141725063324,0.9958327412605286,0.9464776553213596,1.343888521194458,LABEL_0,0
"### Review of the Paper

#### Strengths

1. **Novelty and Contribution**: The paper presents a new method, TBuckets, for assessing the coherence of topics derived from topic models. It offers a unique approach using thematic grouping (buckets), which is fresh and innovative compared to conventional techniques.

2. **Methodological Rigor**: The paper delineates three bucket creation methods: clustering-based, Singular Value Decomposition (SVD), and SVD with reorganization. This diversity enables a thorough examination of TBuckets and suggests avenues for enhancing its reliability.

3. **Parameter-Free Approach**: The SVD-based approaches are noted for being entirely free of parameters. This eliminates potential biases associated with tuning parameters, thereby simplifying application and increasing robustness across various datasets.

4. **Empirical Validation**: The study includes an empirical evaluation correlating TBuckets coherence scores with human-annotated scores, providing a solid basis for the method’s practicality and effectiveness.

5. **Benchmarking**: Comparing TBuckets to established state-of-the-art methods helps establish its contribution and performance benchmarks within the field.

#### Weaknesses

1. **Lack of Detail**: Although TBuckets is introduced, there's insufficient explanation of the clustering and SVD techniques used. A deeper dive into these methods would clarify their roles in creating buckets and enhance understanding.

2. **Insufficient Experimental Details**: The paper omits detailed information about the datasets used, specific coherence metrics, and the experimental procedures. This lack of transparency hampers replication and broader applicability.

3. **Annotation Process**: The human-annotated scores’ acquisition process isn’t explained adequately. Insights into the number of annotators, their qualifications, and the criteria used for annotations would bolster the credibility of the empirical evaluations.

4. **Overemphasis on Coherence**: While coherence is critical, discussing additional factors like topic diversity and relevance can provide a more holistic view. TBuckets may offer complementary insights here.

5. **Limited Related Work**: The literature review is concise and could benefit from a broader scope to encompass a more comprehensive overview of existing methods for topic coherence.",1,AI,0.4400392174720764,0.9728609323501588,0.973968517035246,1.5310291051864624,LABEL_1,0
"**Title: Improving DLGMs for Sparse Data Using Hybrid Inference Techniques**

**Review:**

**Strengths:**

1. **Innovative Methodology:** The paper introduces an innovative hybrid approach that merges traditional variational inference with modern inference networks. This method tackles the initialization issue in DLGMs by optimizing local variational parameters, which is especially advantageous for handling high-dimensional sparse data.

2. **Enhanced Interpretability:** The paper offers a technique to enhance interpretability by leveraging Jacobian vectors. This contributes significantly to bridging the gap between model complexity and their explainability, a common challenge in deep learning.

3. **Thorough Theoretical Foundation:** The paper lays a solid theoretical groundwork for variational inference and clearly explains the ELBO (Evidence Lower Bound) optimization process. It also details how stochastic backpropagation can be used to manage the expectations within the ELBO.

4. **Practical Value:** By integrating tf-idf features, the paper effectively addresses the issue of learning from sparse data, which is prevalent in fields like text analysis. This makes the proposed method highly relevant for practical applications.

5. **Clear Structure and Presentation:** The paper is meticulously organized, beginning with the problem statement and concluding with its theoretical foundations and supporting diagrams. This structure makes the content easy to follow and understand.

**Weaknesses:**

1. **Insufficient Empirical Validation:** The paper fails to provide a comprehensive empirical evaluation section. Without experimental results to demonstrate the methodology's effectiveness and compare it against existing techniques, the validity of the findings remains uncertain.

2. **Lack of Limitation Discussion:** The paper does not delve into potential limitations or shortcomings of the proposed approach. For example, it doesn’t address issues related to computational costs or scalability for large datasets.

3. **Assumptions and Simplifications:** The paper assumes a normal distribution for both the prior and the variational approximation, which may not always be applicable across different data types. This assumption should be critically evaluated in relation to the broader applicability of the approach.

4. **Incomplete Algorithmic Detail:** While the conceptual aspects of the methodology are well-articulated, a more detailed algorithmic description or pseudocode would facilitate better comprehension and ensure reproducibility.

5. **Interpretability Method Critique:** The paper’s contribution to enhancing interpretability could benefit from a more thorough examination of the method's performance and its applicability in various contexts.",1,AI,0.8512499928474426,0.9988962411880492,0.7299425005912781,1.4268321990966797,LABEL_0,0
"
---

**Introduction**
The introduction offers a solid foundation for understanding the significance of probabilistic modeling and the complexities involved in creating efficient Bayesian inference methods. The authors introduce variational inference (VI), highlighting its limitations, which serves as an excellent starting point for the paper. However, the introduction could benefit from additional context and background information about the current state of VI and the rationale behind the proposed techniques. 

**Strengths:** The introduction clearly outlines the problem and introduces the proposed solution.
**Weaknesses:** The introduction lacks sufficient contextual information and historical perspective.
**Suggestions for Improvement:** Enhance the introduction by adding more background on the state-of-the-art in VI and the motivations behind the new methods.

**Stein’s Identity, Stein Discrepancy, Stein Variational Gradient**
This section effectively explains Stein’s identity and its applications within the framework of VI. While the explanations are clear, there could be more mathematical detail to substantiate the claims. 

**Strengths:** Provides a clear and succinct explanation of Stein’s identity and its applications.
**Weaknesses:** Could benefit from more rigorous mathematical details and derivations.
**Suggestions for Improvement:** Include more detailed mathematical derivations to bolster the arguments presented.

**Wild Variational Inference**
This section introduces Wild Variational Inference and discusses its practical applications. The explanations are straightforward and highlight the benefits of the approach. 

**Strengths:** Clearly outlines the concepts and their advantages.
**Weaknesses:** Could benefit from more illustrative examples and real-world case studies to demonstrate the efficacy of the methods.
**Suggestions for Improvement:** Incorporate more detailed examples and case studies to showcase the practical applications and outcomes.

**Using Stochastic Gradient Langevin Dynamics (SGLD) as the Inference Network**
This section covers the application of SGLD as an inference network, presenting a clear and concise overview of the method and its benefits. 

**Strengths:** Offers a clear and succinct explanation of the method and its advantages.
**Weaknesses:** Could include more mathematical rigor and derivations to support the claims.
**Suggestions for Improvement:** Add more detailed mathematical derivations to strengthen the theoretical foundations.

**Related Works**
This concluding section provides a comprehensive review of existing research in VI, setting the stage for the new developments discussed in the paper.

---
",1,AI,0.8358949422836304,0.9996821880340576,0.7584333419799805,1.2151365280151367,LABEL_0,0
"The paper introduces a groundbreaking approach to enhancing deep neural networks through the lens of information theory, specifically using the Information Bottleneck (IB) principle. The authors employ variational inference to approximate this principle, developing a technique they name the Variational Information Bottleneck (VIB). Their goal is to create representations that are highly informative about the target variable without revealing too much about the input data, thereby striking a balance between expressiveness and efficiency.

### Strengths

1. **Innovative Method**: By integrating variational inference with the IB principle, the VIB method offers a fresh approach to deep learning. This innovative strategy tackles previous computational limitations and represents a significant advancement.

2. **Strong Theoretical Basis**: The research draws on established principles from information theory, like mutual information and the data processing inequality. The use of the reparameterization trick and Monte Carlo sampling to calculate gradients is sound and consistent with modern variational inference practices.

3. **Enhanced Robustness**: The authors argue that models trained with VIB perform better against overfitting and adversarial attacks compared to conventional models. This robustness is particularly valuable in real-world applications where reliability is key.

4. **Contextual Review**: The paper provides a thorough examination of related work, placing the VIB method in the larger context of information-theoretic approaches to deep learning. This contextualization highlights the method's significance and potential impact.

### Weaknesses

1. **Lack of Practical Evidence**: While promising, the paper doesn't provide concrete experimental results or detailed analyses of the VIB method’s performance. Without specific outcomes, it's challenging to gauge the effectiveness and practical utility of the technique.

2. **Technical Depth**: The paper is filled with complex theoretical concepts and equations, making it somewhat inaccessible to readers without a strong background in information theory and variational inference. More intuitive explanations or visual aids would greatly enhance understanding.

3. **Assumptions and Constraints**: The research relies on certain assumptions about the data distribution and model architecture, which might not universally apply. The implications of these assumptions on the method's generalizability are not fully explored.

4. **Comparison Shortcomings**: The paper compares the VIB method with related techniques but fails to conduct a thorough comparative analysis. A more detailed comparison would provide clearer insights into the VIB method's strengths and weaknesses relative to other state-of-the-art approaches.",1,AI,0.6900006532669067,0.9994454979896544,0.9889843151904644,1.3540221452713013,LABEL_0,0
"The paper introduces a new technique called Energy-Based Spherical Sparse Coding (EB-SSC). This approach aims to improve upon traditional sparse coding methods by utilizing unit-length codes and a reconstruction loss based on cosine similarity. It proposes a bi-directional coding strategy that integrates both top-down and bottom-up information, drawing inspiration from cognitive neuroscience.

### Strengths

1. **Novel Approach**: EB-SSC offers a fresh perspective on sparse coding by employing unit-length codes and cosine similarity for reconstruction. This could provide computational advantages over conventional methods like least-squares minimization.

2. **Dual Information Integration**: Incorporating both top-down and bottom-up data streams aligns with cognitive theories and could enhance the robustness of feature representations, particularly beneficial for classification tasks.

3. **Theoretical Foundations**: The paper lays out a solid theoretical framework, addressing challenges like the convolutional sparse coding problem through relaxation techniques and highlighting the efficiency of the proposed method.

4. **Potential Efficiency**: By sidestepping iterative optimization, EB-SSC might offer substantial computational savings, making it more practical for large-scale applications compared to traditional sparse coding techniques.

### Weaknesses

1. **Lack of Empirical Evidence**: The paper doesn't present any experimental validation to support the claims about EB-SSC’s performance. Without concrete results, it's hard to gauge its practical utility and efficiency relative to existing methods.

2. **Technical Complexity**: The paper includes numerous theoretical concepts and complex mathematical formulations, which can be challenging for readers to follow. A clearer explanation and more intuitive examples would help bridge this gap.

3. **Comparative Analysis**: While the paper mentions the limitations of traditional sparse coding, it doesn’t compare EB-SSC favorably with emerging models like deep learning, which have largely supplanted sparse coding in many fields.

4. **Assumptions and Limitations**: The paper doesn’t thoroughly examine the underlying assumptions and potential limitations of EB-SSC. For example, relaxing the constraints in convolutional sparse coding might sometimes lead to suboptimal solutions.

5. **Incomplete Sections**: There appears to be a missing section on ""Top-Down Classification,"" which is crucial for understanding how the top-down component is utilized and evaluated within the overall framework.

### Suggestions for Improvement

1. **Add Experimental Data**: Including empirical results would significantly bolster the paper, providing clear evidence of EB-SSC’s performance and demonstrating its advantages over existing techniques.",1,AI,0.9390610456466676,0.9988963603973388,0.982288991101086,1.3114112615585327,LABEL_0,0
"The paper tackles the challenge of extracting basic physical knowledge from unstructured text, focusing on aspects like size, weight, strength, rigidity, and speed. It introduces a novel task of extracting common-sense physical knowledge and proposes a model for inferring relationships between objects based on actions described in text. The authors also develop a dataset called VERBPHYSICS.

### Strengths

- **Originality**: The paper fills a significant gap in AI research by addressing the extraction of physical commonsense knowledge from text, a domain where traditional computer vision methods fall short.
- **Clarity**: The authors clearly define the problem, outlining the dimensions they focus on (size, weight, strength, etc.), which makes the research more understandable.
- **Innovative Methodology**: By proposing a joint inference model that considers both objects and their interactions, the authors offer a unique approach to overcoming the challenges inherent in language-based knowledge acquisition.
- **Dataset Contribution**: Introducing VERBPHYSICS is a valuable addition to the field, providing researchers with a resource to further explore this area.
- **Broader Impact**: The study’s findings have the potential to extend beyond natural language processing into areas like computer vision and robotics.

### Weaknesses

- **Lack of Details**: The paper doesn’t provide enough information about the experimental setup, including details on the dataset size, data collection methods, and evaluation metrics. This lack of transparency can make it challenging to evaluate the robustness and validity of the results.
- **Limited Evaluation**: While some empirical results are mentioned, there isn’t a thorough assessment of the proposed model. More comprehensive evaluations, including comparisons with baseline methods, would be necessary to validate the effectiveness.
- **Scalability Issues**: The scalability of the model is not discussed, raising concerns about whether it can handle large datasets or more complex sentences.
- **Unclear Knowledge Representation**: Although the use of probability distributions to represent knowledge is beneficial, the paper lacks detailed explanation on how these probabilities are calculated and how exceptions are managed in real-world scenarios.
- **Insufficient Discussion on Limitations**: The paper doesn’t thoroughly address the limitations of the model, which might hinder its practical application and future improvements.",1,AI,0.7955787777900696,0.9956704378128052,0.919137567281723,1.344435691833496,LABEL_0,0
"**Review of the Paper**

**Title:** The paper doesn't have a title, but it revolves around generating data-to-text corpora for Natural Language Generation (NLG) systems, especially focusing on micro-planners.

**Strengths:**

1. **Comprehensive Analysis:** The paper offers a thorough look at existing NLG benchmarks, organizing them into three categories: domain-specific, expert-annotated, and crowdsourced. This breakdown gives us a clear picture of what's out there and highlights the strengths and weaknesses of each type.

2. **Innovative Approach:** The authors introduce a fresh method for creating corpora using crowdsourcing and existing knowledge bases like DBpedia. This strategy aims to enhance the diversity and complexity of training data for NLG systems, addressing some of the issues found in previous datasets.

3. **Emphasis on Micro-Planning:** The paper underscores the importance of micro-planning tasks, such as lexicalization, aggregation, and referring expression generation, which are critical for developing more human-like NLG systems.

4. **Empirical Validation:** The authors compare their new dataset against Wen et al.'s work (2016) using various metrics, showcasing the linguistic and computational benefits of their framework.

**Weaknesses:**

1. **Lack of Detail:** Although the paper discusses comparisons using metrics, it lacks specifics about the experimental setup, the exact metrics used, and the outcomes. This makes it hard to fully evaluate the paper’s claims.

2. **Insufficient Discussion:** The paper doesn’t delve deeply enough into the potential downsides of their approach, such as how crowdsourced data can be unreliable and whether the method scales well across different knowledge bases.

3. **Incomplete References:** The paper cites some sources (like Lebret et al., 2016) without giving full context or explaining why they're relevant. This could be confusing for readers who aren't familiar with those studies.

4. **Incomplete Sections:** The introduction and the part describing the framework feel incomplete, leaving questions about the methodology and implementation unaddressed.

**Suggestions for Improvement:**

1. **Enhance Experimental Details:** Offer more information about the experimental setup, including the metrics used, dataset sizes, and specific results. This would allow others to replicate the study and understand its implications better.

2. **Address Challenges:** Discuss any potential hurdles in implementing the framework, such as how to ensure the quality of crowdsourced data and how to extend the approach to cover various types of knowledge bases.",1,AI,0.8451967239379883,0.997111439704895,0.6441255658864975,1.3302160501480105,LABEL_0,0
"**Title: Semi-Supervised Skill Generalization (S3G) for Reinforcement Learning**

**Strengths:**

1. **Novelty and Contribution:**
   - The paper introduces a novel approach to reinforcement learning (RL) by formalizing semi-supervised RL. This addresses the challenge of learning in environments where reward functions are not always available.
   - S3G leverages unlabeled experiences to improve policy generalization, making it particularly useful for real-world applications.

2. **Methodology:**
   - The integration of inverse reinforcement learning (IRL) with RL to infer rewards in unlabeled settings is a clever approach. This allows the system to learn autonomously from its own experiences rather than relying on human demonstrations.
   - Guided cost learning for high-dimensional, continuous tasks is well-suited for the problem domain, showcasing the method's versatility.

3. **Experimental Evaluation:**
   - The paper presents a comparative analysis with two baselines, demonstrating that S3G outperforms standard RL approaches and reward regression methods. This supports the claim of improved generalization and effectiveness.

4. **Relevance and Impact:**
   - The work is highly relevant to robotics and dialog systems, where labeled data is scarce. S3G could significantly impact how RL is applied in these domains.

**Weaknesses:**

1. **Clarity and Presentation:**
   - The paper could benefit from clearer explanations of the technical details, especially around the inverse RL component. Some readers might find the transition between RL and IRL concepts abrupt without enough background.
   - The introduction is somewhat lengthy and could be more concise to maintain reader engagement.

2. **Experimental Details:**
   - While the paper mentions high-dimensional robotic tasks, it lacks specific details about the experimental setup, such as the types of tasks, the environment used, and the metrics for evaluation. Providing more context would help assess the robustness of the results.
   - The paper does not discuss the computational complexity or resource requirements of the proposed method, which are important for practical deployment.

3. **Scope and Limitations:**
   - The paper doesn't address potential limitations of S3G, such as scenarios where the distribution of labeled and unlabeled data might differ significantly.
   - There is no discussion on how the method scales with the size of the dataset or the number of tasks.",1,AI,0.8334007859230042,0.9971530437469482,0.9119099006056786,1.3680751323699951,LABEL_0,0
"### Review of the Paper

#### Strengths

1. **Novel Contribution**: The paper offers a groundbreaking approach to robust Kernel PCA (KPCA) and pre-image estimation, eliminating the need for a pre-training phase. This addresses a significant limitation in existing non-linear dimensionality reduction techniques by solving ill-posed problems more effectively.

2. **Theoretical Insights**: By leveraging trace norm regularization in the feature space, the paper introduces a fresh perspective on handling the implicit nature of these spaces in non-linear dimensionality reduction.

3. **Practical Relevance**: The method has been demonstrated to excel in tasks like missing data prediction and NRSfM, showcasing its real-world utility.

4. **Generalizability**: The framework is designed to accommodate various cost functions, making it adaptable to numerous ill-posed inference scenarios.

5. **Problem Clarity**: The paper clearly outlines the challenges faced by non-linear dimensionality reduction techniques and provides a comprehensive overview of the issues involved.

#### Weaknesses

1. **Experimental Details**: Despite claiming state-of-the-art results, the paper lacks thorough experimental validation. Detailed analyses across multiple datasets would bolster the credibility of these claims.

2. **Computational Complexity**: The paper does not delve into the computational efficiency of the proposed algorithm or its scalability to larger datasets, which is essential for practical implementation.

3. **Assumptions and Limitations**: The assumptions behind the method and its potential limitations, such as the choice of kernel function, are not clearly articulated.

4. **Literature Review**: The review of relevant literature is somewhat limited and might benefit from incorporating more recent developments in non-linear dimensionality reduction and related areas.

5. **Readability**: The paper could improve its structure and clarity. Sections like the introduction could be better organized to enhance readability.

#### Suggestions for Improvement

1. **Enhance Experimental Section**: Include more comprehensive evaluations across diverse datasets and compare the proposed method against a wider array of existing approaches. Provide quantitative metrics and graphical representations to substantiate the claims.

2. **Address Computational Aspects**: Analyze the algorithm's computational complexity and discuss how it scales with larger datasets. This information will help users understand the practical limitations and potential bottlenecks.

3.",1,AI,0.6887745261192322,0.9955496788024902,0.9432905055582524,1.3725429773330688,LABEL_0,0
"
**INTRODUCTION**

The introduction lays out the core issue of zero-shot task generalization in reinforcement learning (RL) and underscores its significance. It offers a clear, well-structured explanation of the problem, detailing the challenges faced and the urgent need for solutions. Additionally, it briefly introduces hierarchical RL and highlights its limitations, setting the stage for the proposed approach.

**Strengths:**  
The introduction is well-crafted, succinct, and provides a clear overview of the problem. The authors strike an excellent balance between explaining the issue and offering background context.

**Weaknesses:**  
While the introduction is strong, it could benefit from a deeper dive into the motivations behind the problem. Why is it crucial to develop agents capable of generalizing to new tasks without extra training? What practical applications could result from such advancements?

**Suggestions for Improvement:**  
Adding a few paragraphs about the importance and potential applications would enrich the introduction. This could involve discussing how robots or other systems might operate more efficiently without needing extensive reprogramming.

**RELATED WORK**

The related work section offers a thorough survey of relevant literature on hierarchical RL, zero-shot task generalization, and instruction execution. The authors present a clear and concise summary of the key contributions and limitations of various works.

**Strengths:**  
This section is well-organized and provides a clear overview of the relevant research. The authors maintain a good balance between highlighting achievements and pointing out weaknesses.

**Weaknesses:**  
While comprehensive, the related work could delve further into the limitations. For instance, what are the potential downsides of the methods reviewed?

**Suggestions for Improvement:**  
Expanding with a few paragraphs on the limitations of each approach will add depth and help readers understand where the proposed solution stands.

**OVERVIEW**

The overview succinctly summarizes the paper’s main objectives and introduces the proposed solution.

**Strengths:**  
The overview is well-written and clearly outlines the paper’s goals and proposed solution.

**Weaknesses:**  
To enhance clarity, the overview should delve more into the proposed solution, detailing how it tackles the challenges of zero-shot task generalization.

**Suggestions for Improvement:**  
Adding a couple of paragraphs on the specifics of the proposed solution and its impact on zero-shot task generalization will strengthen the overview.

---

**CONCLUSION**

The paper effectively presents the problem of zero-shot task generalization in RL and proposes a solution that addresses this challenge. The introduction and related work sections are well-crafted",1,AI,0.8682261109352112,0.9997565150260924,0.5561298131942749,1.2201857566833496,LABEL_0,0
"The paper introduces a new dataset tailored for machine learning applications in interactive theorem proving (ITP), specifically targeting the HOL Light theorem prover. It seeks to bridge the gap between rapidly advancing machine learning, particularly deep learning, and the less explored use of these techniques in theorem proving. The authors describe how they created a dataset based on HOL Light’s multivariate analysis library and formally proved the Kepler conjecture. They also outline some initial models for classifying proof steps.

### Strengths

- **Relevance and Innovation**: The study tackles an important and timely issue by combining machine learning with theorem proving. Creating a unique dataset is a significant contribution that can inspire further research in this field.
- **Sizeable Dataset**: The dataset includes over 2 million training examples and nearly 200,000 test examples, covering various mathematical domains. This diversity makes it highly valuable for different machine learning tasks.
- **Precise Problem Statement**: The paper clearly defines the task of proof step classification and discusses its potential benefits, like reducing search spaces and guiding internal processes.
- **Baseline Models**: By providing initial models, researchers have a solid foundation to build upon, aiding in benchmarking and understanding the potential impact of machine learning.

### Weaknesses

- **Insufficient Experimental Data**: Although baseline models are introduced, there are no detailed experimental results to evaluate their effectiveness. This limits our ability to gauge the practical utility of the dataset and models.
- **Limited Discussion on Challenges**: The paper doesn’t delve deeply into the obstacles faced when applying machine learning to theorem proving, such as the intricacies of logical reasoning and model interpretability.
- **Lack of Comparative Analysis**: There’s a dearth of comparisons with existing methods or datasets, which could provide a better understanding of where this research fits within the broader academic landscape.
- **Scalability Issues**: The paper doesn’t address potential scalability problems, especially when dealing with larger theorem libraries or complex proofs.
- **Evaluation Metrics**: No specific metrics are mentioned for assessing the performance of the models, making it hard to fully understand their effectiveness.

### Suggestions for Improvement

- **Provide Detailed Experimental Results**: Include comprehensive experimental outcomes to demonstrate the efficacy of the proposed models and dataset.
- **Address Challenges**: Offer insights into the difficulties encountered when using machine learning in theorem proving.
- **Compare with Existing Work**: Conduct a thorough comparison with other studies to establish a clearer position of your research.
- **Consider Scalability**: Discuss strategies or limitations regarding the applicability of the approach to larger and more complex systems",1,AI,0.5252715349197388,0.9983600974082948,0.9343005307018756,1.505046248435974,LABEL_0,0
"**Review:**

**Strengths:**

1. **Innovative Approach:** The paper introduces an innovative hybrid methodology that blends traditional variational inference techniques with modern inference networks. This approach successfully tackles the initialization issue within deep latent Gaussian models (DLGMs) by optimizing local variational parameters, which is especially advantageous for handling high-dimensional sparse data.

2. **Enhanced Interpretable Models:** By introducing a method to interpret deep generative models through Jacobian vectors, the paper makes a valuable contribution. This enhances the transparency of deep models, making them more accessible and useful for practitioners who seek insights into the model's learning process.

3. **Strong Theoretical Underpinnings:** The research is built upon solid theoretical foundations, drawing from key contributions by authors like Kingma et al. and Rezende et al. The proposed enhancements are both theoretically robust and practically applicable.

4. **Effective Practical Strategy:** Using tf-idf features to integrate global information during the inference process is a practical and effective way to manage sparse data, addressing a common challenge encountered in numerous real-world applications.

**Weaknesses:**

1. **Lack of Empirical Evidence:** The paper lacks empirical results or experiments to validate its proposed methods. Without concrete evidence, it’s challenging to gauge the practical impact and effectiveness of the hybrid inference approach and interpretability technique.

2. **Potential Overhead and Scalability Issues:** Although the benefits of optimizing local variational parameters are highlighted, the paper doesn’t address the potential computational overhead associated with this step. Additionally, there is no discussion on the scalability of the approach for very large datasets.

3. **Clarity and Structure:** The paper could benefit from clearer explanations and a more organized structure. Sections, particularly those detailing the methodology, can be dense and difficult to follow without a strong background in variational inference and deep generative models.

4. **Insufficient Discussion on Limitations:** The paper does not adequately address the limitations or potential drawbacks of its proposed methods. For example, the reliance on tf-idf might not be universally applicable, and the interpretability method could face scalability challenges as models become more complex.

**Suggestions for Improvement:**

1. **Add Empirical Validation:** Include experimental results comparing the proposed methods against baselines on benchmark datasets. This would help demonstrate the practical benefits and effectiveness of the hybrid inference approach and interpretability technique.

2. **Address Computational Overhead and Scalability:** Discuss how the optimization step impacts computational efficiency and explore strategies to improve scalability for larger datasets.

3.",1,AI,0.6538213491439819,0.99785977602005,0.8123931214213371,1.3515137434005735,LABEL_0,0
"**Title: Predicting Rare Entities in Reading Comprehension**

**Strengths:**

1. **Novelty and Relevance:** The paper brings forward a new challenge, rare entity prediction, which targets specific instances of entities rather than general concepts. This innovative task fills a gap in current reading comprehension by integrating structured and unstructured data, thereby advancing the field.

2. **Enhanced Dataset:** Authors have expanded the Wikilinks dataset by incorporating entity descriptions from Freebase. This enriched dataset serves as a valuable resource for researchers looking to combine external knowledge with NLP tasks.

3. **Model Innovation:** The introduction of the Hierarchical Double Encoder Model (HIERENC) stands out. By leveraging external knowledge effectively, HIERENC surpasses baseline models, showing a 17% improvement in accuracy.

4. **Comprehensive Review:** The paper offers a comprehensive overview of related work, placing the rare entity prediction task in the broader context of entity prediction, script learning, and reading comprehension. This contextualization highlights the task’s significance and novelty.

**Weaknesses:**

1. **Clarity and Organization:** The paper could benefit from a clearer and more organized structure. The introduction is dense with information, making it challenging to grasp the main contributions and objectives at first glance. Breaking down the problem statement, contributions, and sections would improve readability.

2. **Experimental Analysis:** Although the paper shows a notable increase in accuracy, it doesn’t delve deeply into why this happens. Understanding the specific components of the HIERENC model that contribute to these improvements would add depth to the findings. Additionally, comparing against a broader range of baselines could provide stronger evidence of its effectiveness.

3. **Limitations Discussion:** The paper doesn’t adequately address potential limitations. For instance, the use of Freebase descriptions might not be universally applicable across different domains or languages. Discussing these constraints and suggesting ways to mitigate them would provide a more balanced perspective.

4. **Detailed Dataset Information:** While the paper introduces an updated dataset, it lacks detailed information on its creation. Criteria for selecting entities, alignment processes, and other specifics would enhance reproducibility and enable others to utilize the dataset effectively.

**Suggestions for Improvement:**

1. **Clarify Structure and Clarity:** Rearrange the introduction to make the problem statement, contributions, and sections more distinct and easier to follow.",1,AI,0.6872366070747375,0.9986690282821656,0.8935310766100883,1.5802593231201172,LABEL_0,0
"
---

### Introduction
The introduction lays out the significance of machine comprehension and the shortcomings of current datasets. It emphasizes the need for an expansive, challenging dataset suitable for training machine comprehension models. Written clearly and concisely, this section serves as a solid base for the entire paper.

**Strengths:** Clear and compelling, setting the stage for what follows.
**Weaknesses:** None identified.
**Suggestions for improvement:** None needed.

### Related Datasets
This section offers a comprehensive look at existing machine comprehension datasets like MCTest, CNN/Daily Mail, Children’s Book Test, BookTest, and SQuAD. It discusses the pros and cons of each and highlights their differences.

**Strengths:** Thorough review, emphasizing distinctions.
**Weaknesses:** Can be lengthy and overwhelming for those unfamiliar with these datasets.
**Suggestions for improvement:** Break down the section into smaller parts or include brief summaries to aid understanding.

### Dataset Collection Methodology
This section details the four-step process used to compile the NewsQA dataset. It walks through each phase in detail, explaining how articles were curated, questions sourced, answers determined, and validated.

**Strengths:** Clear and comprehensive.
**Weaknesses:** Might be too technical for beginners.
**Suggestions for improvement:** Offer a high-level overview first, followed by more detailed explanations for those interested.

### Dataset Statistics and Analysis
This section presents statistics and analyses about the NewsQA dataset, covering the number of questions, answer lengths, and question difficulties.

**Strengths:** Provides valuable insights into the dataset's characteristics.
**Weaknesses:** Could use more visual aids like charts or graphs to better illustrate the statistics.
**Suggestions for improvement:** Incorporate visual aids to enhance understanding.

### Experiments
This part outlines the experiments conducted to assess machine comprehension model performance on the NewsQA dataset. Two strong neural network baselines are compared against human performance.

**Strengths:** Clearly described and results presented succinctly.
**Weaknesses:** Could be expanded upon.
**Suggestions for improvement:** Add more context or depth to provide a richer understanding of the experiments and their outcomes.

",1,AI,0.6035209894180298,0.9964579939842224,0.5350632667541504,1.4706889390945437,LABEL_0,0
"### Review of the Paper

#### Strengths

1. **Novelty and Contribution**: The paper introduces a fresh approach to key-value-predict attention mechanisms, which separate output vector functions in neural language models. This is a notable advancement, addressing the issue of overloaded representations seen in traditional attention mechanisms.

2. **Well-Structured Methodology**: The authors provide a detailed methodology section that logically progresses from standard attention to key-value and finally to key-value-predict attention. The explanations are clear and well-explained.

3. **Empirical Validation**: The paper supports its claims with empirical data showing superior performance compared to existing memory-augmented neural language models on the Children's Book Test and a new Wikipedia corpus. This substantiates the approach’s validity.

4. **Insightful Observations**: The authors note that their model tends to rely heavily on the last five representations, leading to a simpler yet effective model. This observation provides valuable insights into the model’s strengths and limitations.

5. **Clear Organization and Visual Aid**: The paper is well-organized, with clear sections and logical flow. The inclusion of equations and figures enhances the understanding of complex mechanisms.

#### Weaknesses

1. **Shortcomings in Handling Long-Range Dependencies**: Although the paper recognizes the challenge in leveraging long-range dependencies, it lacks a thorough exploration or proposed solutions for this issue. This is particularly problematic given the importance of long-range dependencies in language modeling.

2. **Lack of Detailed Experimental Data**: The paper highlights the model’s superior performance but doesn’t delve into detailed quantitative results or comparisons. Providing more comprehensive experimental data, including statistical significance tests, would bolster these claims.

3. **Limited Dataset Testing**: The evaluation is confined to the Children’s Book Test and a specific Wikipedia corpus. Extending the testing to a broader range of datasets could enhance the model’s credibility.

4. **Computational Efficiency**: The paper doesn't address the computational complexity or efficiency of the proposed models. Given the addition of extra vectors and mechanisms, analyzing these aspects would be useful.

5. **Missing Related Work Discussion**: There's no discussion on how this research fits into the broader landscape of language modeling and attention mechanisms, which could provide context and further validation.

#### Suggestions for Improvement

1. **Deeper Dive into Long-Range Dependencies**: The authors should explore methods to enhance the model’s ability to handle long-range dependencies, such as incorporating techniques like skip connections or hierarchical structures.

2. **Comprehensive Experimental Data**: Include more detailed quantitative results and possibly perform statistical",1,AI,0.7298012971878052,0.9963173866271972,0.8940001726150513,1.3982640504837036,LABEL_0,0
"This paper proposes a simple but effective extension to reinforcement learning algorithms, by adding a temporal repetition component as part of the action space, enabling the policy to select how long to repeat the chosen action for. The extension applies to all reinforcement learning algorithms, including both discrete and continuous domains, as it is primarily changing the action parametrization. The paper is well-written, and the experiments extensively evaluate the approach with 3 different RL algorithms in 3 different domains (Atari, MuJoCo, and TORCS).

Here are some comments and questions, for improving the paper:

The introduction states that ""all DRL algorithms repeatedly execute a chosen action for a fixed number of time steps k"". This statement is too strong, and is actually disproved in the experiments — repeating an action is helpful in many tasks, but not in all tasks. The sentence should be rephrased to be more precise.

In the related work, a discussion of the relation to semi-MDPs would be useful to help the reader better understand the approach and how it compares and differs (e.g. the response from the pre-review questions)

Experiments:
Can you provide error bars on the experimental results? (from running multiple random seeds)

It would be useful to see experiments with parameter sharing in the TRPO experiments, to be more consistent with the other domains, especially since it seems that the improvement in the TRPO experiments is smaller than that of the other two domains. Right now, it is hard to tell if the smaller improvement is because of the nature of the task, because of the lack of parameter sharing, or something else.

The TRPO evaluation is different from the results reported in Duan et al. ICML ’16. Why not use the same benchmark?

Videos only show the policies learned with FiGAR, which are uninformative without also seeing the policies learned without FiGAR. Can you also include videos of the policies learned without FiGAR, as a comparison point?

How many laps does DDPG complete without FiGAR? The difference in reward achieved seems quite substantial (557K vs. 59K).

Can the tables be visualized as histograms? This seems like it would more effectively and efficiently communicate the results.

Minor comments:
-- On the plot in Figure 2, the label for the first bar should be changed from 1000 to 3500.
-- “idea of deciding when necessary” - seems like it would be better to say “idea of only deciding when necessary""
-- ""spaces.Durugkar et al.” — missing a space.
-- “R={4}” — why 4? Could you use a letter to indicate a constant instead? (or a different notation)
",0,Human,0.1625723838806152,0.0859116315841674,0.8858797661960125,1.848034381866455,LABEL_1,1
"**Title: Zero-Shot Relation Extraction via Reading Comprehension**

**Strengths:**

1. **Innovative Methodology:** This paper presents an innovative way to tackle relation extraction by framing it within the realm of reading comprehension. It draws upon existing models' strengths to overcome the shortcomings of conventional approaches.

2. **Zero-Shot Learning:** The system excels at extracting previously unknown relations without needing any prior training data, a feature that significantly advances the field.

3. **Efficient Scalability:** Utilizing schema querification, the method efficiently generalizes across various scenarios, requiring minimal manual intervention—a practical boon for real-world applications.

4. **Large Dataset:** The authors have compiled a substantial dataset containing over 30 million question-sentence-answer pairs. This rich resource is invaluable for training and testing reading comprehension models in relation extraction tasks.

5. **Empirical Validation:** Experiments show that the model can successfully generalize to new and unseen relations, achieving reasonable F1 scores. These results substantiate the model's effectiveness and potential for practical deployment.

**Weaknesses:**

1. **Question Quality Dependence:** The model's performance hinges on the quality and breadth of the questions generated for each relation. Poorly crafted or incomplete questions can undermine its accuracy.

2. **Handling Unanswerable Questions:** Although the paper hints at extending the model to manage unanswerable queries, more details are needed on how effectively this is implemented and what challenges arise.

3. **Insufficient Failure Case Analysis:** There's limited insight into the types of relations the model fails to grasp adequately. A more comprehensive breakdown would offer deeper understanding and guide further enhancements.

4. **Complex Relation Challenges:** The approach might falter when dealing with intricate relations that require deeper semantic understanding or contextual information beyond straightforward question-answer pairs. Future work should explore overcoming these hurdles.

5. **Limited Evaluation Metrics:** F1 scores are the primary metric reported, but adding precision, recall, and qualitative assessments could provide a more nuanced view of the model’s performance.

**Suggestions for Improvement:**

1. **Optimize Question Generation:** Enhance the question generation process through advanced natural language generation techniques or by leveraging larger language models to ensure a diverse set of high-quality questions.",1,AI,0.31331467628479,0.9860198497772216,0.7895994633436203,1.5195025205612185,LABEL_1,0
"
The paper introduces a novel neural network architecture called Shift Aggregate Extract Networks (SAEN), designed specifically for learning representations from input graphs, especially targeting the unique challenges presented by social network data. Structured into two main sections—the first outlining the problem and proposing the solution, and the second delving into the detailed SAEN architecture—this paper makes a significant contribution to the field.

### Strengths

1. **Novel Approach**: Introducing SAEN as a fresh methodology for graph representation learning is a notable advancement. Its ability to handle hierarchical decompositions of graphs stands out, offering a departure from conventional graph kernels and recursive neural networks.

2. **Addressing Limitations**: The paper adeptly identifies the shortcomings of existing methods, like recursive neural networks and graph kernels, particularly in their struggle with the irregularities inherent in social network data. By permitting different vector representation sizes for various levels of the graph, SAEN addresses these issues effectively.

3. **Memory and Performance Enhancements**: A domain compression algorithm is introduced to reduce memory usage and runtime. This pragmatic addition underscores a deep understanding of the computational challenges in graph processing and provides a solution that could be highly beneficial in real-world applications.

4. **Theoretical Foundation**: The paper lays a robust theoretical groundwork for the proposed method, incorporating concepts like H-hierarchical decompositions and the Shift Aggregate Extract schema. This theoretical support is crucial for evaluating the method's potential impact and applicability.

### Weaknesses

1. **Readability Issues**: Despite its innovative nature, the paper is quite dense and may prove challenging for those unfamiliar with graph kernels, recursive neural networks, and hierarchical decompositions. The introduction of new terminology and concepts without sufficient explanation can indeed hinder understanding.

2. **Lack of Empirical Validation**: The paper lacks experimental results, making it difficult to gauge the practical effectiveness and efficiency of SAEN relative to existing methods. Without empirical evidence, it’s hard to assess whether SAEN truly delivers on its promises.

3. **Model Complexity**: While SAEN’s hierarchical decomposition and SAE schema are innovative, they also introduce complexity. The paper doesn’t delve into the potential computational overhead or the scalability of this approach, which are critical considerations for practical applications.

4. **Parameter Selection Guidance**: Several parameters, such as the number of strata and dimensions of vector representations, are introduced but not fully discussed in terms of how to select them or their impact on performance.

### Suggestions for Improvement",1,AI,0.7112707495689392,0.997663140296936,0.985678294673562,1.446799397468567,LABEL_0,0
"**Title: Enhancing Question Classification with Group Sparse Autoencoders and Convolutional Neural Networks**

**Review:**

**Strengths:**

1. **Innovative Methodology:** The paper introduces a novel approach with Group Sparse Autoencoders (GSA), which when integrated with Convolutional Neural Networks (CNNs) to create Group Sparse Convolutional Neural Networks (GSCNNs), significantly advances the field of question classification. By addressing the unique challenges posed by this task, such as hierarchical and overlapping category structures and the availability of detailed answer sets, the authors provide a specialized model that outperforms general sentence classification frameworks.

2. **Thorough Understanding of Challenges:** The authors effectively identify and address the unique characteristics of question classification, such as its inherent complexities. This deep understanding is critical for developing tailored solutions.

3. **Strong Theoretical Foundation:** The paper offers a robust theoretical foundation for their proposed methods. Clear explanations of sparse autoencoders and the evolution to group sparse autoencoders make the underlying principles accessible to readers.

4. **Empirical Validation:** The experimental results presented validate the authors' claims, demonstrating the efficacy of GSCNNs against strong baselines on four different datasets. These results bolster the authors’ argument for the superiority of their approach.

**Weaknesses:**

1. **Insufficient Detail in Experiments:** Despite highlighting significant improvements over baselines, the paper lacks detailed information about the experimental setup, including dataset specifics, hyperparameters, and evaluation metrics. This lack of detail hampers reproducibility and contextual understanding of the results.

2. **Limited Comparative Analysis:** The paper could benefit from a more comprehensive comparative analysis with other leading methods in question classification. Mentioning CNNs as a baseline is useful, but incorporating evaluations against other recent approaches would provide a clearer picture of GSCNNs' strengths and weaknesses.

3. **Scalability and Complexity Discussion:** The paper does not delve into the computational complexity and scalability of GSCNNs. Given the added complexity introduced by the group sparse constraints, it’s important to evaluate how these models perform in terms of training time and resource requirements.

4. **Clarification and Readability:** The paper could enhance clarity and readability by breaking down dense sections, particularly those explaining GSA, into more manageable parts. A smoother transition between sections would also improve overall readability.

**Suggestions for Improvement:**

1. **Enhance Experimental Section:** Provide a detailed experimental section that includes a thorough breakdown of the datasets used, the size and nature",1,AI,0.7659745812416077,0.9986721277236938,0.9043254554271698,1.349562406539917,LABEL_0,0
"This paper explores different strategies for instance-level image retrieval with deep CNNs. The approach consists of extracting features from a network pre-trained for image classification (e.g. VGG), and post-process them for image retrieval. In other words, the network is off-the-shelf and solely acts as a feature extractor. The post-processing strategies are borrowed from traditional retrieval pipelines relying on hand-crafted features (e.g. SIFT + Fisher Vectors), denoted by the authors as ""traditional wisdom"".

Specifically, the authors examine where to extract features in the network (i.e. features are neurons activations of a convolution layer), which type of feature aggregation and normalization performs best, whether resizing images helps, whether combining multiple scales helps, and so on. 

While this type of experimental study is reasonable and well motivated, it suffers from a huge problem. Namely it ""ignores"" 2 major recent works that are in direct contradictions with many claims of the paper ([a] ""End-to-end Learning of Deep Visual Representations for Image Retrieval"" by  Gordo et al. and [b] ""CNN Image Retrieval Learns from BoW: Unsupervised Fine-Tuning with Hard Examples"" by Radenović et al., both ECCV'16 papers). These works have shown that training for retrieval can be achieved with a siamese architectures and have demonstrated outstanding performance. As a result, many claims and findings of the paper are either outdated, questionable or just wrong.

Here are some of the misleading claims: 

  - ""Features aggregated from these feature maps have been exploited for image retrieval tasks and achieved state-of-the-art performances in recent years.""
  Until [a] (not cited), the state-of-the-art was still largely dominated by sparse invariant features based methods (see last Table in [a]).
  
  - ""the proposed method [...] outperforms the state-of-the-art methods on four typical datasets""
  That is not true, for the same reasons than above, and also because the state-of-the-art is now dominated by [a] and [b].
  
  - ""Also in situations where a large numbers of training samples are not available, instance retrieval using unsupervised method is still preferable and may be the only option."".
  This is a questionable opinion. The method exposed in ""End-to-end Learning of Deep Visual Representations for Image Retrieval"" by Gordo et al. outperforms the state-of-the-art on the UKB dataset (3.84 without QE or DBA) whereas it was trained for landmarks retrieval and not objects, i.e. in a different retrieval context. This demonstrates that in spite of insufficient training data, training is still possible and beneficial.

  - Finally, most findings are not even new or surprising (e.g. aggregate several regions in a multi-scale manner was already achieved by Tolias at al, etc.). So the interest of the paper is limited overall.

In addition, there are some problems in the experiments. For instance, the tuning experiments are only conducted on the Oxford dataset and using a single network (VGG-19), whereas it is not clear whether these conditions are well representative of all datasets and all networks (it is well known that the Oxford dataset behaves very differently than the Holidays dataset, for instance). In addition, tuning is performed very aggressively, making it look like the authors are tuning on the test set (e.g. see Table 3). 

To conclude, the paper is one year too late with respect to recent developments in the state of the art.",0,Human,0.0661969184875488,0.5941473245620728,0.9187219552695752,1.707054615020752,LABEL_1,0
"### Review of the Paper on Universality in Optimization Algorithms

#### Strengths

1. **Novelty and Scope**: The paper tackles a fresh and fascinating concept of universality in optimization algorithms, an under-explored domain. By comparing optimization problems to statistical mechanics, the paper opens up new ways to understand how algorithms behave in intricate landscapes.

2. **Interdisciplinary Approach**: The paper successfully combines concepts from statistical mechanics, random fields, and optimization, offering a comprehensive interdisciplinary viewpoint. This fusion could lead to new theories and methods in both theoretical and applied optimization.

3. **Diverse Examples**: The paper includes a variety of examples, such as spin glasses, deep learning, and human decision-making processes, to demonstrate the concept of universality. These diverse examples showcase its broad applicability.

4. **Clear Definition of Universality**: The paper clearly defines universality within the context of optimization algorithms, making it easier to follow subsequent discussions and results.

5. **Balanced Theory and Empiricism**: The paper blends theoretical insights with empirical observations, particularly in the analysis of the QR algorithm and different ensembles. This balanced approach enhances the credibility of the findings.

#### Weaknesses

1. **Lack of Specific Data Points**: The paper lacks specific empirical data and detailed results to back up its claims about universality. While it mentions several examples, it doesn't offer sufficient quantitative evidence or thorough analysis of these cases.

2. **Brief Explanation of Examples**: The examples, such as Google query times and human decision-making processes, are briefly described without sufficient context or detail. This makes it challenging for readers to fully understand their significance in the context of universality.

3. **Assumed Expertise**: The paper assumes a high degree of familiarity with advanced topics like optimization, random fields, and statistical mechanics. This might limit its appeal to a broader audience, especially those without specialized knowledge in these areas.

4. **Lack of Visual Aids**: The paper could benefit from visual aids such as graphs or diagrams to help illustrate the concept of universality and the behavior of halting times across different algorithms and ensembles.

5. **Insufficient Practical Applications**: Although the paper discusses theoretical aspects, it doesn’t delve deeply into the practical implications or potential real-world applications of these findings.

#### Suggestions for Improvement

1. **Provide Detailed Empirical Data**: Include detailed empirical data and analyses to substantiate the claims about universality.

2. **Enhance Context and Detail**: Offer more detailed explanations and context for the examples used, making",1,AI,0.7477664947509766,0.9975621700286864,0.9698576033115388,1.2208575010299685,LABEL_0,0
"
### 1. Introduction
The introduction starts with a clear explanation of the challenge of answering factoid questions in an open-domain setting using Wikipedia as the primary knowledge source. It highlights the hurdles involved, like finding relevant articles and carefully scanning them to locate the answer. Additionally, it offers a comprehensive look at related work, touching on the use of knowledge bases and machine comprehension tools.

**Strengths**: The introduction is straightforward and gives a solid foundation for the problem and its literature review.

**Weaknesses**: The introduction could benefit from concrete examples illustrating the challenges of dealing with open-domain factoid questions and the process of extracting answers from Wikipedia.

**Suggestions for Improvement**: The introduction could include more specific examples, such as difficulties in finding relevant articles and the meticulous effort required to sift through them to find the answer.

### 2. Related Work
This section provides an overview of existing research in the field, mentioning the use of knowledge bases and machine comprehension techniques. It also points out the limitations of these methods, particularly their reliance on incomplete and static schemas.

**Strengths**: This part gives a broad view of previous work and identifies its shortcomings.

**Weaknesses**: The section could be enhanced by giving more specific examples of these limitations, such as the issue of retrieving relevant articles and the need for careful examination of the text.

**Suggestions for Improvement**: The related work section can be improved by providing specific examples of how these limitations manifest, like difficulties in finding pertinent information and the necessity of thorough reading to locate the answer.

### 3. Methodology
The methodology explains the proposed approach in detail, detailing the use of bigram hashing and TF-IDF matching for document retrieval and a multi-layer recurrent neural network for machine comprehension.

**Strengths**: The methodology is clear and detailed, offering a comprehensive overview of the proposed solution.

**Weaknesses**: More specifics would help understand the implementation better. For instance, the specific algorithms used for bigram hashing and TF-IDF matching should be mentioned.

**Suggestions for Improvement**: The methodology could benefit from elaborating on the implementation details, such as the algorithms used for bigram hashing and TF-IDF matching.

### 4. Experiments
The experiments section outlines the results of the tests conducted, including the performance metrics.

",1,AI,0.8600705862045288,0.9981265664100648,0.8739959299564362,1.1490987539291382,LABEL_0,0
"- Strengths:
*- Task
*- Simple model, yet the best results on SQuAD (single model0
*- Evaluation and comparison

- Weaknesses:
*- Analysis of errors/results (See detailed comments below)

- General Discussion:
In this paper the authors present a method for directly querying Wikipedia to
answer open domain questions. The system consist of two components - a module
to query/fetch wikipedia articles and a module to answer the question given the
fetched set of wikipedia articles. 

The document retrieval system is a traditional IR system relying on term
frequency models and ngram counts.  The answering system uses a feature
representation for paragraphs that consists of word embeddings, indicator
features to determine whether a paragraph word occurs in a question,
token-level features including POS, NER etc and a soft feature for capturing
similarity between question and paragraph tokens in embedding space. A combined
feature representation is used as an input to a bi-direction LSTM RNN for
encoding. For questions an RNN that works on the word embeddings is used. 
These are then used to train an overall classifier independently for start and
end spans of sentences within a paragraph to answer questions.

The system has been trained using different Open Domain QA datasets such as
SQuAD and WebQuestions by modifying the training data to include articles
fetched by the IR engine instead of just the actual correct document/passage.

Overall, an easy to follow interesting paper but I had a few questions:
1) The IR system has a Accuracy@5 of over 75 %, and individually the document
reader performs well and can beat the best single models on SquAD. What
explains the significant drop in Table 6. The authors mention that instead of
the fetched results, if they test using the best paragraph the accuracy reaches
just 0.49 (from 0.26) but that is still significantly below the 0.78-79 in the
SQuAD task.  So, presumably the error is this large because the neural network
for matching isnt doing as good a job in learning the answers when using the
modified training set (which includes fetched articles) instead of the case
when training and testing is done for the document understanding task. Some
analysis of whats going on here should be provided. What was the training
accuracy in the both cases? What can be done to improve it? To be fair, the
authors to allude to this in the conclusion but I think it still needs to be
part of the paper to provide some meaningful insights.

2) I understand the authors were interested in treating this as a pure machine
comprehension task and therefore did not want to rely on external sources such
as Freebase which could have helped with entity typing        but that would have
been interesting to use. Tying back to my first question -- if the error is due
to highly relevant topical sentences as the authors mention, could entity
typing have helped?

The authors should also refer to QuASE (Sun et. al 2015 at WWW2015) and similar
systems in their related work. QuASE is also an Open domain QA system that
answers using fetched passages - but it relies on the web instead of just
Wikipedia.",0,Human,0.1327494978904724,0.0068744421005249,0.9524761904031038,2.024133443832397,LABEL_1,1
"---

The review of this paper highlights several strengths and weaknesses. 

### Title and Focus

The paper doesn’t have a title but seems to revolve around a new technique called WATSET for dealing with ambiguous synonyms and creating synsets. This innovative approach is particularly valuable for languages that don’t have robust lexical resources like WordNet.

### Strengths

1. **Novelty and Impact**: Introducing WATSET is a significant contribution to the field of Natural Language Processing (NLP). It tackles a crucial issue—synonymy resolution—and offers a way to create WordNet-like structures automatically. This is especially important for under-resourced languages.

2. **Relevance**: The paper addresses a pertinent problem in NLP. By enabling the automatic construction of synsets, WATSET enhances various NLP applications in these languages, making it highly relevant.

3. **Comparison**: The authors compare WATSET favorably against existing methods like BabelNet and UBY. They detail how WATSET avoids common pitfalls like manual mapping and machine translation, providing clear advantages.

4. **Methodology**: The use of fuzzy graph clustering is justified and described in some depth. The paper explains how human-readable synonym relationships are transformed into machine-readable synsets, detailing the underlying process.

5. **Implementation**: An implementation of WATSET is made available online, allowing others to reproduce and extend the research. This feature is a strong point as it encourages further investigation.

### Weaknesses

1. **Depth of Methodology**: While the paper outlines WATSET, it lacks sufficient detail about the algorithm. Specifically, it doesn’t explain how the fuzzy graph clustering meta-algorithm works in practical terms. Providing more technical information, including pseudocode, would help readers understand the approach better.

2. **Evaluation**: The paper fails to present empirical results or evaluation metrics to substantiate the claims about WATSET’s superiority over other methods. Adding quantitative data would bolster the paper’s arguments.

3. **Structure and Clarity**: The paper has a disjointed structure. Sections end abruptly, lacking smooth transitions. There also seem to be missing parts, indicated by unusual numbering and fragmented sentences. A clearer and more cohesive layout would improve readability.

4. **Literature Review**: The paper touches on related work, but it could benefit from a more comprehensive review, including recent developments in synset induction and word sense disambiguation.

5. **Support Materials",1,AI,0.773139476776123,0.9980508089065552,0.9864570032805204,1.46342670917511,LABEL_0,0
"**Title: Submodular Sum-Product Networks for Scene Understanding**

**Strengths:**

1. **Innovative Approach**: The paper introduces Submodular Sum-Product Networks (SSPNs), a new model that merges the strengths of sum-product networks with the submodular segmentation capabilities. This innovation tackles the computational challenges faced by current scene understanding techniques.

2. **Theoretical Underpinning**: The authors provide a strong theoretical foundation for SSPNs, detailing how submodular energy functions are incorporated into the sum-product network framework. This integration enables efficient inference without sacrificing expressiveness.

3. **Efficient Algorithm Development**: The INFERSSPN algorithm stands out as a major strength. It efficiently computes the Maximum A Posteriori (MAP) state of the SSPN, leveraging submodularity for approximate inference. The algorithm’s complexity is well-defined, and its effectiveness is validated through empirical testing.

4. **Robust Empirical Validation**: The paper showcases the practical utility of SSPNs through rigorous comparisons with established methods like belief propagation and α-expansion. It demonstrates that SSPNs can process images much faster while maintaining similar performance levels. These results underscore the model’s real-world applicability and efficiency.

5. **Thorough Literature Review**: The paper offers a comprehensive overview of the field, placing SSPNs within the broader context of scene understanding, hierarchical random fields, image grammars, and neural parsing methods. This contextualization highlights the model's significance and relevance.

**Weaknesses:**

1. **Clarity and Readability**: Despite its contributions, the paper can be quite dense and might be challenging for newcomers to the field. Sections explaining the SSPN model and the INFERSSPN algorithm could benefit from clearer explanations and more intuitive examples.

2. **Scope of Experiments**: While the empirical evaluations demonstrate the model’s efficiency, they are somewhat limited. Including experiments on a wider range of datasets and tasks could bolster the model’s versatility and robustness.

3. **Assumptions and Limitations**: The paper doesn’t delve deeply into the assumptions and limitations of SSPNs. For example, the use of submodular energy functions might restrict the types of relationships that can be effectively modeled. A more comprehensive discussion of these aspects would offer a balanced view of the model’s strengths and weaknesses.

4. **Comparison with Neural Approaches**: Although mentioned, a direct comparison with state-of-the-art neural parsing methods would provide a more comprehensive evaluation of SSPNs’ performance and potential advantages over other approaches.",1,AI,0.8186362385749817,0.999461829662323,0.954426372423768,1.3489357233047483,LABEL_0,0
"
The paper introduces a groundbreaking method for tackling both AMR parsing and realization using sequence-to-sequence (seq2seq) models. The authors claim to have created the first successful seq2seq models for these tasks, addressing challenges like graph linearization and data sparsity. The paper outlines a two-pronged strategy: preprocessing AMR data and developing a new paired training procedure.

Experiments show competitive performance in AMR parsing and significant improvements in AMR realization. The study uses the LDC2015E86 AMR corpus and reports SMATCH and BLEU scores to evaluate the approach comprehensively. The paper includes an ablation study and qualitative analysis to understand the contributions of each component, such as preprocessing and paired training.

**Strengths**

- **Innovative Approach**: The paper introduces a paired training procedure that combines self-training and pre-training on a large corpus of unlabeled text, effectively tackling the issue of data sparsity in AMR tasks.
  
- **Comprehensive Preprocessing**: The authors detail a robust preprocessing strategy, including entity anonymization and encoding of nested structures. These techniques are critical for graph linearization and are clearly explained.
  
- **Strong Empirical Evidence**: The paper presents impressive empirical results, demonstrating competitive performance in AMR parsing and substantial enhancements in AMR realization. It also includes a thorough analysis of how different parts of the approach contribute to overall performance.
  
- **Thorough Related Work**: The authors provide a comprehensive review of previous work, situating their approach within the broader context of AMR parsing and realization research.

**Weaknesses**

- **Clarity and Structure**: While the paper offers valuable insights, some sections, especially those detailing methods and experiments, can be overly dense and difficult to follow. Improving organization and clarity would enhance readability.
  
- **Limitation Discussion**: The paper briefly touches on strengths but lacks a detailed discussion on limitations. Potential issues such as scalability to other datasets or languages are not adequately explored.
  
- **Algorithm Details**: The paired training procedure (Algorithm 1) is introduced but not fully detailed. Providing pseudocode or more detailed explanations could improve understanding.
  
- **Evaluation Metrics**: Additional metrics and qualitative examples could offer a more holistic view of the model’s performance.
  
- **Generalization**: The paper primarily focuses on the effectiveness of this approach within specific datasets. A broader exploration of its generalizability across various tasks and languages would strengthen",1,AI,0.7667986154556274,0.9929469227790833,0.8553121238946915,1.5630820989608765,LABEL_0,0
"This paper presents a method for translating natural language descriptions into
source code via a model constrained by the grammar of the programming language
of the source code.  I liked this paper - it's well written, addresses a hard
and interesting problem by taking advantage of inherent constraints, and shows
significant performance improvements. 

Strengths:
- Addresses an interesting and important problem space. 
- Constraints inherent to the output space are incorporated well into the
model. 
- Good evaluation and comparisons; also showing how the different aspects of
the model impact performance.
- Clearly written paper.

Weaknesses:
- My primary and only major issue with the paper is the evaluation metrics.
While accuracy and BLEU4 are easy to compute, I don't think they give a
sufficiently complete picture.                          Accuracy can easily miss
correctly
generated
code because of trivial (and for program functionality, inconsequential)
changes.  You could get 0% accuracy with 100% functional correctness.  As for
BLEU, I'm not sure how well it evaluates code where you can perform significant
changes (e.g., tree transformations of the AST) without changing functionality.
 I understand why BLEU is being used, but it seems to me to be particularly
problematic given its token level n-gram evaluation.  Perhaps BLEU can be
applied to the ASTs of both reference code and generated code after some level
of normalization of the ASTs?  What I would really like to see is an evaluation
testing for functional equivalence of reference and generated code. 
Understandably this is difficult since test code will have to be written for
each reference.  However, even if this is done for a random (reasonably small)
subsample of the datasets, I think it would give a much more meaningful
picture. 

Minor issues:
- Page 2, para 2: ""structural information helps to model information flow
within the network"": by ""network"", do you mean the AST?

- Section 4.2.1, Action Embedding: Are the action embedding vectors in W_R and
W_G simply one-hot vectors or do you actually have a non-trivial embedding for
the actions?  If so, how is it computed?  If not, what is the difference
between the vectors of W_R and e(r) in equation 4?

- Section 5.2, Preprocessing:  If you replace quoted strings in the
descriptions for the DJANGO dataset, how are cases where those strings need to
be copied into the generated code handled?  It is also mentioned (in the
supplementary material) that infrequent words are filtered out.  If so, how do
you handles cases where those words describe the variable name or a literal
that needs to be in the code?

I have read the author response.",0,Human,0.2388511300086975,0.0009166002273559,0.7286065816879272,1.642858624458313,LABEL_1,1
"### Review of the Paper

#### Strengths

1. **In-depth Introduction and Context**: The paper offers a comprehensive overview of recurrent neural networks (RNNs), emphasizing their role and the difficulties associated with training them. It effectively establishes the groundwork for the research by touching on the importance of gate architectures like Long Short-Term Memory (LSTM) and Gated Recurrent Units (GRU).

2. **Focused Research Question**: The study targets the superior performance of gated RNN models over vanilla ones, concentrating on trainability instead of computational efficiency. Given the prominence of these models, this is an interesting and timely area of research.

3. **Thorough Experimental Design**: The authors have put together a meticulous experimental setup, including advanced tools like hyperparameter optimizers and diverse RNN configurations across various tasks. This methodical approach lends credibility to the findings.

4. **Novel Contributions**: By introducing two novel RNN models—the Update Gate RNN (UGRNN) and the Intersection RNN (+RNN)—the paper makes valuable contributions. These developments may offer fresh perspectives on designing and optimizing RNNs.

5. **Significant Computational Resources**: The extensive use of computational resources (millions of CPU hours) underscores the rigorous nature of the research, providing robust evidence for the claims made.

#### Weaknesses

1. **Insufficient Theoretical Justification**: Although there's substantial empirical evidence, the paper doesn't delve deeply into the theoretical underpinnings that support the superior trainability of gated architectures. A stronger theoretical foundation could provide deeper insights.

2. **Limited Practical Considerations**: There's room for more discussion about how practitioners can apply these findings in real-world scenarios. Insights on practical implications would enhance the utility of the research.

3. **Organizational Challenges**: The structure of the paper needs improvement, especially in the experimental results section. The content flows less smoothly, making it challenging for readers to grasp the main points.

4. **Insufficient Evaluation of New Architectures**: Despite introducing novel RNN models, the paper doesn't thoroughly assess their performance against established models. A more comprehensive comparison would bolster the impact of these innovations.

5. **Hyperparameter Tuning Overemphasis**: While hyperparameter optimization is crucial, the paper might focus too much on this aspect, potentially neglecting other critical aspects that influence RNN performance.",1,AI,0.7034705877304077,0.9903905391693116,0.968923857435584,1.376095175743103,LABEL_0,0
"---

**1. Introduction**
The introduction offers a comprehensive view of the significance of synsets in natural language processing and highlights the scarcity of manually created resources for numerous languages. It clearly explains the problem at hand—automatically constructing resources akin to WordNet—and does so in an engaging manner. However, the introduction could benefit from adding more context about contemporary advancements in synset induction and the challenges faced by current techniques.

**Strengths:** The introduction effectively summarizes the problem and underscores the importance of synsets in natural language processing.
  
**Weaknesses:** The introduction might improve by offering deeper insights into the current state of the art and the limitations of existing methods.

**Suggestions for Improvement:** Incorporate more information on recent developments and the challenges encountered in synset induction.

**2. Related Work**
The related work section provides a thorough examination of the various approaches to synset induction and articulates the limitations inherent in these methods. It also clearly delineates the authors' approach and contrasts it with those of the existing techniques.

**Strengths:** The related work section effectively outlines the different methods available and identifies their shortcomings.

**Weaknesses:** The section could be enhanced by detailing the specific algorithms employed by each method and explaining how they diverge from one another.

**Suggestions for Improvement:** Include a detailed comparison of the specific algorithms used and how they differ.

**3. Methodology**
The methodology section elucidates the workings of the WATSET method and provides a solid summary of the evaluation metrics utilized. However, to further enhance understanding, it would be beneficial to delve deeper into the specifics of the algorithms employed within WATSET and explain any differences from comparable methods.

**Strengths:** The methodology section provides a clear account of the WATSET method and the evaluation metrics used.

**Weaknesses:** More details about the specific algorithms and their distinctions from others would enrich this section.

**Suggestions for Improvement:** Provide a more detailed breakdown of the algorithms and their unique features.

**4. Results**
The results section presents an overview of the WATSET method’s performance and how it stacks up against other established methods. It also clearly defines the evaluation metrics used. Yet, for greater clarity, more specific details about the evaluation metrics should be included.

**Strengths:** The results section gives a good overview of the WATSET method's performance and its comparison with other methods.

**Weaknesses:** More specifics about the evaluation metrics should be provided for",1,AI,0.927790641784668,0.9994179010391236,0.8225531801581383,1.1154935359954834,LABEL_0,0
"**Review of the Paper:**

**Title:** Introduction of Microsoft MAchine Reading Comprehension (MS MARCO) Dataset

**Strengths:**

1. **Real-World Relevance:** By basing the MS MARCO dataset on actual user queries from Bing and Cortana, the paper tackles a critical issue—bridging the gap between synthetic datasets and real-world applications. This approach offers a more authentic benchmark for developing question answering systems.

2. **Comprehensive Dataset:** With 100,000 questions, 1 million passages, and links to over 200,000 documents, the dataset is vast and suitable for training deep learning models that require substantial data.

3. **Human-Generated Answers:** Incorporating human-generated answers improves the quality and reliability of the dataset, making it essential for creating models capable of producing human-like responses.

4. **Diverse Data Sources:** The context passages are sourced from real web documents, introducing variability and complexity that mirrors real-world scenarios.

5. **Depth Through Multiple Answers and Segment Information:** The inclusion of multiple answers for some queries and segment information enriches the dataset, facilitating more sophisticated model training and evaluation.

6. **Clear Motivation and Context:** The paper clearly articulates its motivations, connecting them to the shortcomings of existing datasets and the urgent need for more realistic data to advance AI capabilities.

**Weaknesses:**

1. **Lack of Detailed Methodology:** Although the structure and building process of the dataset are outlined, there's a shortfall in detailing the methodologies employed for query selection, passage filtering, and ensuring the quality of human-generated answers.

2. **Evaluation Metrics:** The paper doesn't specify evaluation criteria or benchmarks for assessing model performance with the MS MARCO dataset, making it challenging to measure its impact on improving QA systems.

3. **Insufficient Experimental Details:** The paper mentions initial experiments but fails to detail their results or insights. This limitation hinders a comprehensive understanding of the dataset’s practical utility.

4. **Potential Bias in Data Collection:** Relying on Bing and Cortana queries could introduce bias due to their specific user demographics and usage patterns. The paper doesn’t address how this might affect the dataset’s broad applicability.

5. **Absence of Comparative Analysis:** While the paper contrasts the MS MARCO dataset with others, it lacks a thorough comparative study that quantitatively highlights MS MARCO’s advantages compared to existing datasets.",1,AI,0.8024758100509644,0.9905062317848206,0.8623408302664757,1.422093629837036,LABEL_0,0
"### Review of the Paper on Relation Networks (RNs)

#### Strengths

1. **Novel Architecture**: The paper introduces a fresh neural network model, Relation Networks (RNs), tailored to reason about objects and their relationships. This innovative approach is a noteworthy addition to machine learning, especially for tasks that necessitate understanding and modeling relational structures.

2. **Effective Motivation**: The paper articulates compelling reasons for the necessity of RNs by discussing the importance of reasoning about object relationships across various applications. Examples like predator-prey dynamics are intuitive and help readers grasp the potential of this model.

3. **Clear Design**: The authors outline the key principles behind RNs, including permutation invariance and the focus on learning relationships between multiple objects. This clarity facilitates a better understanding of how RNs are constructed.

4. **Positioning in Literature**: By comparing RNs with Interaction Networks (INs), the paper situates its contribution within the broader landscape of current models, emphasizing what makes RNs stand out, particularly in dealing with static data and computing object-to-object relationships.

5. **Detailed Implementation**: The RN architecture, which incorporates multi-layer perceptrons (MLPs) and an aggregation function, is explained in meticulous detail, providing readers with a clear picture of how RNs are put into practice.

6. **Well-Designed Experiments**: The paper includes a robust experimental framework, generating synthetic datasets to assess the model’s ability to infer relationships and tackle tasks like one-shot learning.

#### Weaknesses

1. **Insufficient Theory**: Although RNs are practically demonstrated, the paper could benefit from a more thorough theoretical explanation of why they work so well for relational modeling. A deeper dive into the underlying mechanisms could strengthen the paper's arguments.

2. **Limited Practicality**: The experiments are mostly confined to synthetic datasets. While useful for controlled studies, showing the model's effectiveness on real-world datasets or tasks would enhance its practical relevance.

3. **Comparative Evaluation**: The paper does not compare RNs with other leading models using benchmark datasets. This comparison would clarify the relative strengths and weaknesses of RNs against established methods.

4. **Scalability Issues**: The scalability of RNs to handle large numbers of objects or complex scenarios is not discussed. Addressing these concerns and considering potential computational bottlenecks would be valuable additions.

5. **Experimental Clarity**: The presentation of experimental results needs clarification. More detailed descriptions of the datasets used, evaluation metrics, and analysis of results would improve the interpretability of the findings",1,AI,0.6743156313896179,0.9976588487625122,0.9510695412755013,1.4415857791900637,LABEL_0,0
"**Understanding Sample Importance in Deep Neural Networks**

**Strengths:**

1. **Relevance and Novelty:** The paper tackles an essential aspect of deep learning—understanding how individual samples contribute to the training process. This topic is highly relevant because it can lead to more efficient training methods and enhance model interpretability.

2. **Clear Hypothesis:** The authors clearly state that easy samples influence higher-level features, while hard samples affect lower-level ones. This hypothesis is intuitive and aligns with the hierarchical structure of feature learning in deep networks.

3. **Empirical Validation:** The paper backs up its hypothesis with empirical evidence using established datasets like MNIST and CIFAR-10. Employing these widely recognized datasets makes the findings more relatable and comparable with existing research.

4. **Robust Methodology:** The paper introduces a quantitative measure of sample importance and details its computation. This approach ensures that the results are reproducible and allows other researchers to build upon this foundational work.

5. **Stability Analysis:** By analyzing sample importance across various initialization points, the paper addresses potential concerns about the robustness of the findings, adding significant value.

**Weaknesses:**

1. **Lack of Theoretical Underpinning:** Although the empirical results are intriguing, the paper lacks a strong theoretical basis to explain why easy and hard samples affect different layers in specific ways. A theoretical framework or model could greatly bolster the study.

2. **Limited Scope of Experiments:** The experiments focus on only two datasets and one network architecture, raising questions about the generalizability of the results to diverse datasets and architectures.

3. **Insufficient Analysis:** While the paper notes that mixing easy and hard samples improves training, it doesn’t delve deeply into why this technique works. Providing a more comprehensive analysis here would add depth to the discussion.

4. **Incomplete Section 3.3:** The section on decomposing sample importance appears unfinished, leaving readers without a full understanding of the results and their implications.

5. **No Practical Application Discussion:** Despite the interesting findings, the paper doesn’t explore how these insights can be practically applied to enhance training processes or improve model performance in real-world scenarios.

**Suggestions for Improvement:**

1. **Develop a Theoretical Model:** Construct a theoretical framework or model to explain the relationship between sample importance and its effect on different layers within deep neural networks.

2. **Expand Experimental Scope:** Conduct additional experiments using a wider range of datasets and architectures to validate the findings and ensure broader applicability.

3. **Enh",1,AI,0.5792137384414673,0.9980260729789734,0.8525762259960175,1.2661305665969849,LABEL_0,0
"This paper introduces CoopNets, an algorithm which trains a Deep-Energy Model (DEM, the “descriptor”) with the help of an auxiliary directed bayes net, e.g. “the generator”. The descriptor is trained via standard maximum likelihood, with Langevin MCMC for sampling. The generator is trained to generate likely samples under the DEM in a single, feed-forward ancestral sampling step. It can thus be used to shortcut expensive MCMC sampling, hence the reference to “cooperative training”.

The above idea is interesting and novel, but unfortunately is not sufficiently validated by the experimental results. First and foremost, two out of the three experiments do not feature a train /test split, and ignore standard training and evaluation protocols for texture generation (see [R1]). Datasets are also much too small. As such these experiments only seem to confirm the ability of the model to overfit. On the third in-painting tasks, baselines are almost non-existent: no VAEs, RBMs, DEM, etc which makes it difficult to evaluate the benefits of the proposed approach.

In a future revision, I would also encourage the authors to answer the following questions experimentally. What is the impact of the missing rejection step in Langevin MCMC (train with, without ?). What is the impact of the generator on the burn-in process of the Markov chain (show sample auto-correlation). How bad is approximation of training the generator from ({\tilde{Y}, \hat{X}) instead of ({\tilde{Y}, \tilde{X}) ? Run comparative experiments.

The paper would also greatly benefit from a rewrite focusing on clarity, instead of hyperbole (“pioneering work” in reference to closely related, but non-peer reviewed work) and prose (“tale of two nets”). For example, the authors fail to specify the exact form of the energy function: this seems like a glaring omission.

PROS:
+ Interesting and novel idea
CONS:
- Improper experimental protocols
- Missing baselines
- Missing diagnostic experiments

[R1] Heess, N., Williams, C. K. I., and Hinton, G. E. (2009). Learning generative texture models with extended fields of-experts.",0,Human,0.030659019947052,0.0049372315406799,0.8778520002961159,1.9934111833572388,LABEL_1,1
"**Review of the Paper**

**Title:** The paper focuses on developing a Graph Convolutional Recurrent Network (GCRN) to model and predict time-varying graph-based data.

**Strengths:**

1. **Relevance and Novelty:** The study tackles a critical and current issue in machine learning—modeling spatio-temporal sequences on graphs. This is particularly relevant given the surge in graph-structured data across various fields like social networks, biology, and meteorology.

2. **Rich Background:** The introduction and preliminary sections offer an extensive review of related work on spatiotemporal sequence modeling, Long Short-Term Memory (LSTM) networks, and graph convolutional networks. This foundational knowledge provides a strong basis for understanding the paper's motivations and contributions.

3. **Innovative Integration:** By merging CNN techniques tailored for graph data with traditional LSTM networks, the authors create a hybrid model that effectively captures both spatial and temporal dependencies. This approach showcases a thoughtful combination of different methodologies.

4. **Deep Technical Insight:** The paper provides detailed technical descriptions of LSTMs and graph convolutional networks, complete with equations and explanations that underscore the authors' deep expertise in these areas.

**Weaknesses:**

1. **Lack of Empirical Validation:** The paper does not include any experimental results or performance metrics to validate the proposed GCRN model. Such evidence is crucial for demonstrating the model’s effectiveness and practical utility.

2. **Clarity and Structure:** Although technically sound, the paper could benefit from improved clarity and structure. For example, transitions between sections need refinement, and the overall layout could use better organization.

3. **Incomplete Visuals and Citations:** A figure labeled Figure 1 is referenced but not included, and some citations and parameter explanations are missing or incomplete.

4. **Limited Discussion of Limitations:** The paper doesn't address potential drawbacks or challenges of the GCRN model, such as computational demands or scalability issues.

5. **Insufficient Specific Examples:** While the paper mentions possible application areas, it fails to provide concrete examples or case studies demonstrating how the GCRN can be applied in real-world scenarios.

**Suggestions for Improvement:**

1. **Add Experimental Results:** Conduct and report experiments to assess the performance of the GCRN model under various conditions and datasets. This will provide tangible evidence of the model's capabilities.

2. **Clarify Structure and Flow:** Enhance the logical flow of the document by refining transitions and ensuring each section has a clear purpose",1,AI,0.7811387181282043,0.9983218312263488,0.90277411788702,1.322044849395752,LABEL_0,0
"

**1 INTRODUCTION**

The introduction offers an excellent overview of the current status of deep neural networks and their applications. It also highlights the challenges researchers face in optimizing complex neural network models. The authors have a clear motivation for their research, which revolves around exploring a straightforward approach of adding annealed Gaussian noise to the gradient. They found this method surprisingly effective in training deep neural networks using stochastic gradient descent.

*Strengths:* The introduction is well-written and provides a comprehensive overview of the current landscape of deep neural networks. The authors articulate their motivation clearly and set a solid foundation for the rest of the paper.

*Weaknesses:* The introduction could benefit from more context about the challenges researchers encounter when optimizing complex neural network models. Additionally, providing more background on the technique of adding noise to the gradient would be beneficial.

**2 RELATED WORK**

The related work section gives a good summary of existing literature on adding noise to the weights, inputs, or hidden units within neural networks. The authors also discuss the advantages of gradient noise and how it combines well with advanced stochastic optimization techniques.

*Strengths:* The related work section is well-organized and covers the existing literature effectively. The authors explain the benefits of gradient noise and its integration with advanced optimization methods clearly.

*Weaknesses:* The related work section could use more context regarding the challenges in optimizing complex neural network models. Additionally, providing more background on the technique of adding noise to the gradient would enhance understanding.

**3 MAIN CONTRIBUTION**

The primary contribution of this work is demonstrating the versatility of a simple method—adding annealed Gaussian noise to the gradient—to train a wide array of complex modern neural architectures. The authors consistently observe improvements when using Gaussian gradient noise across various models, including very deep fully-connected networks and specialized architectures for tasks like question answering and algorithm learning.

*Strengths:* The contribution is clearly defined, and the authors effectively demonstrate the effectiveness of their method. They present a broad spectrum of experiments to substantiate their claims.

*Weaknesses:* The contribution could be enhanced by discussing the challenges faced in optimizing complex neural network models. Additionally, providing more background on the technique of adding noise to the gradient would enrich the discussion.

**4 EXPERIMENTS**

The experiments section includes a diverse set of tests to validate the claims made in the paper. The authors consistently see improvements from Gaussian gradient noise across a variety of optimization scenarios, covering numerous model types and architectures.

",1,AI,0.629991352558136,0.9997705817222596,0.6601881831884384,1.0194041728973389,LABEL_0,0
"**Review of the Paper:**

**Title:** PixelVAE: A Generative Model Combining VAEs and PixelCNNs

**Summary:**
This paper presents PixelVAE, an innovative generative model that integrates the strengths of Variational Autoencoders (VAEs) and PixelCNNs. The goal was to overcome the limitations of VAEs in capturing intricate details and the computational inefficiencies of PixelCNNs. PixelVAE incorporates PixelCNN-based masked convolutions into the VAE's decoder, enabling autoregressive modeling of output pixels. Additionally, the authors extend PixelVAE into a hierarchical model with multiple stochastic layers, showcasing its effectiveness across datasets such as MNIST, ImageNet, and LSUN bedrooms.

**Strengths:**

- **Novel Approach:** The hybrid model combining VAEs and PixelCNNs represents an innovative solution that leverages the benefits of both models.
- **Hierarchical Extension:** Adding a hierarchical structure with multiple stochastic layers is a notable advancement, enhancing the ability to model complex data by capturing both global and local features efficiently.
- **Empirical Validation:** The paper demonstrates strong empirical results, achieving state-of-the-art likelihood on MNIST and competitive performance on challenging datasets like ImageNet and LSUN bedrooms.
- **Efficiency:** By reducing the number of PixelCNN layers and leveraging latent variables for global structure, PixelVAE optimizes computational costs compared to traditional implementations.
- **Clarity of Contributions:** The paper clearly articulates its key contributions, making it easier for readers to grasp the significance and novelty of the research.

**Weaknesses:**

- **Model Complexity:** The model is complex, and certain sections, especially those involving mathematical formulations, can be unclear. Notation in the hierarchical architecture section is dense, potentially posing challenges for readers unfamiliar with the field.
- **Limitation Discussion:** While the strengths are highlighted, the paper lacks a thorough discussion of potential limitations and scenarios where PixelVAE might underperform relative to other methods.
- **Evaluation Scope:** Evaluating on only three datasets (MNIST, ImageNet, and LSUN bedrooms) is limited. Including experiments on more diverse datasets would bolster the model’s credibility and generalizability.
- **GAN Comparison:** The brief mention of Generative Adversarial Networks (GANs) is noted but not extensively compared. Given GANs’ prominence in image generation, a more detailed comparison could strengthen the model’s position.

This review underscores the promising aspects of PixelVAE while highlighting areas for improvement in clarity,",1,AI,0.6668684482574463,0.9951452612876892,0.7025771737098694,1.4887323379516602,LABEL_0,0
"---

The paper offers a novel approach to semi-supervised learning by blending graph-based techniques with neural network training. The authors propose a discriminative training objective that effectively utilizes both labeled and unlabeled data, drawing inspiration from label propagation principles. They achieve this through efficient training using stochastic gradient descent.

Key contributions include a regularization mechanism that ensures nodes in graphs are similar, and the direct incorporation of graphs into training neural network classifiers. 

### Strengths

- **Innovative Approach**: By merging graph-based label propagation with neural networks, this method represents a pioneering step in semi-supervised learning, particularly beneficial when relational data is abundant.
- **Scalability**: Designed for handling large datasets, this approach leverages stochastic gradient descent for scalability, making it efficient even for massive graphs.
- **Flexibility**: The framework allows for the integration of various graphs across different domains, offering greater adaptability compared to more rigid alternatives.
- **Experimental Validation**: The paper provides comprehensive experimental validation, showcasing the method’s efficacy through numerous tests and comparisons with existing approaches.
- **Clear Motivation**: The introduction articulates the need for new methods, emphasizing the limitations of current semi-supervised learning techniques and outlining how the proposed solution addresses them.

### Weaknesses

- **Lack of Detailed Experiments**: Although the paper states it includes extensive experiments, the lack of specific details about setups, datasets, and quantitative results makes it challenging to verify the claims.
- **Complexity and Implementation**: The method involves several intricate components, including graph construction and neural network training. Unfortunately, the paper doesn't delve into sufficient implementation details, which might deter practitioners.
- **Comparative Analysis**: While related work is mentioned, a more detailed comparison isn't provided, limiting the robustness of the paper's comparative analysis.
- **Theoretical Justification**: Despite introducing a novel objective function, the paper lacks a thorough theoretical underpinning explaining why this approach outperforms others. Adding such theoretical insights would significantly bolster the research.
- **Clarity and Structure**: The paper could benefit from clearer organization and additional explanations to ensure the flow and understanding of the methodology.

-",1,AI,0.8230189085006714,0.986543834209442,0.97708972543478,1.5031293630599976,LABEL_0,0
"
**Introduction**
The introduction offers a solid overview of the challenge in optimizing control systems for robots and the constraints faced by existing methodologies. The authors emphasize the necessity of employing a differentiable physics engine to facilitate gradient-based optimization. This paper serves as an excellent foundation, setting the scene for the subsequent sections and highlighting the importance of the research.

Strengths: The introduction is clear and succinct, providing a comprehensive overview of the issue and its significance. 
Weaknesses: To enhance clarity, the introduction could benefit from additional context on the current landscape of robotics and control systems. More specific examples of the limitations of current methods would also strengthen the argument.
Suggestions for Improvement: Include more background information on contemporary robotics and control systems, along with concrete examples illustrating the drawbacks of current methods.

**A 3D RIGID BODY ENGINE**
The authors detail their implementation of a differentiable physics engine using Theano, a software library for automatic differentiation. They discuss the complexities involved in creating a physics engine that can be differentiated, noting the need to constrain the set of implementable functions and the absence of conditional support.

Strengths: The authors clearly outline the challenges and solutions encountered during the implementation.
Weaknesses: The explanation could be enhanced with more specific details about the functions and operations utilized. Additionally, more illustrative examples of the limitations should be provided.
Suggestions for Improvement: Provide more granular information on the specific functions and operations implemented, and offer additional examples of the engine’s shortcomings.

**2.1 Throwing a Ball**
The authors test their physics engine by optimizing the initial velocity and angular velocity of a large soccer ball to achieve a specific trajectory. They use backpropagation through time (BPTT) for parameter optimization.

Strengths: The experimental setup is described clearly, along with the results, making it suitable for evaluating the physics engine’s capabilities.
Weaknesses: Further details on the parameters and optimization process would add value. Specifically, the exact values of initial velocity and angular velocity, as well as the number of iterations needed for optimization, should be provided.
Suggestions for Improvement: Specify the exact values of initial velocity and angular velocity, and provide the total number of iterations used for optimization.

**Policy Search**
The authors explain their approach to designing a neural network controller for a robot and integrate their differentiable physics engine to optimize the policy.

Strengths: The methodology is presented clearly, offering insight into how the physics engine enhances policy optimization.
Weakness",1,AI,0.8382576704025269,0.9964969754219056,0.953919231891632,1.483697772026062,LABEL_0,0
"**Title: Annealed Gaussian Gradient Noise for Deep Neural Network Optimization**

**Strengths:**

1. **Novelty and Contribution:**
   - This paper introduces a novel technique of adding annealed Gaussian noise to the gradient during deep neural network training. It's described as a straightforward yet effective method to enhance optimization, particularly useful for complex models.
   - The key innovation lies in combining this method with adaptive optimizers, an aspect that hasn't been extensively explored before.

2. **Broad Applicability:**
   - The technique is versatile, working well on various neural network architectures, including fully connected networks and specialized models for tasks like question answering and algorithm learning. It's also very user-friendly, requiring minimal implementation effort—just one line of code.
   
3. **Empirical Results:**
   - The paper presents compelling empirical evidence of the method’s effectiveness. It shows improvements in both training loss and generalization across diverse models and tasks. Importantly, even when the method doesn’t improve performance, it generally does not degrade it either.

4. **Theoretical Insights:**
   - The authors discuss how adding noise can aid optimization by helping to escape local minima and saddle points, linking this to concepts like simulated annealing and stochastic gradient Langevin dynamics.

**Weaknesses:**

1. **Lack of Detailed Experimental Setup:**
   - The paper falls short in providing a thorough explanation of its experimental setup, including details about the datasets used, model architectures, and hyperparameters. This lack of detail makes it challenging to replicate the results.

2. **Limited Baseline Comparisons:**
   - While the paper asserts improvements over standard optimization techniques, it doesn’t compare favorably against other leading methods. A more comprehensive benchmarking would bolster the method's claims.

3. **Insufficient Theoretical Underpinning:**
   - The paper offers some theoretical justifications but lacks a rigorous analysis or proof of why the method performs better. A more formal theoretical framework could add credibility to the approach.

4. **Organization and Clarity:**
   - There are areas where the writing could be clearer. Sections like the introduction and related work are dense and might benefit from a more structured presentation.

**Suggestions for Improvement:**

1. **Enhance Experimental Details:**
   - Offer more detailed information about the experimental setup, including specifics on the datasets, model architectures, and hyperparameters used. This would facilitate easier replication and validation of the findings.",1,AI,0.7776491045951843,0.9980384707450868,0.8915403708815575,1.3193185329437256,LABEL_0,0
"In this paper a well known soft mixture of experts model is adapted for, and applied to, a specific type of transfer learning problem in reinforcement learning (RL), namely transfer of action policies and value functions between similar tasks. Although not treated as such, the experimental setup is reminiscent of hierarchical RL works, an aspect which the paper does not consider at length, regrettably.
One possible implication of this work is that architecture and even learning algorithm choices could simply be stated in terms of the objective of the target task, rather than being hand-engineered by the experimenter. This is clearly an interesting direction of future work which the paper illuminates.


Pros:
The paper diligently explains how the network architecture fits in with various widely used reinforcement learning setups, which does facilitate continuation of this work.
The experiments are good proofs of concept, but do not go beyond that i.m.h.o. 
Even so, this work provides convincing clues that collections of deep networks, which were trained on not entirely different tasks, generalize better to related tasks when used together rather than through conventional transfer learning (e.g. fine-tuning).

Cons:
As the paper well recounts in the related work section, libraries of fixed policies have long been formally proposed for reuse while learning similar tasks. Indeed, it is well understood in hierarchical RL literature that it can be beneficial to reuse libraries of fixed (Fernandez & Veloso 2006) or jointly learned policies which may not apply to the entire state space, e.g. options (Pricop et. al). What is not well understood is how to build such libraries, and this paper does not convincingly shed light in that direction, as far as I can tell.
The transfer tasks have been picked to effectively illustrate the potential of the proposed architecture, but the paper does not tackle negative transfer or compositional reuse in well known challenging situations outlined in previous work (e.g. Parisotto et. al 2015, Rusu el. al 2015, 2016).
Since the main contributions are of an empirical nature, I am curious how the results shown in figures 6 & 7 look plotted against wall-clock time, since relatively low data efficiency is not a limitation for achieving perfect play in Pong (see Mnih. et al, 2015). It would be more illuminating to consider tasks where final performance is plausibly limited by data availability. It would also be interesting if the presented results were achieved with reduced amounts of computation, or reduced representation sizes compared to learning from scratch, especially when one of the useful source tasks is an actual policy trained on the target task.
Finally, it is perhaps underwhelming that it takes a quarter of the data required for learning Pong from scratch just to figure out that a perfect Pong policy is already in the expert library. Simply evaluating each expert for 10 episodes and using an  average-score-weighted majority vote to mix action choices would probably achieve the same final performance for a smaller fraction of the data. 
",0,Human,0.0111070275306701,0.0048807859420776,0.9865013579837978,2.0709593296051025,LABEL_1,1
"
**Strengths:**
- The paper offers a thorough examination of the current state-of-the-art in instance-level image retrieval utilizing Convolutional Neural Networks (CNNs). It also identifies five critical factors influencing the performance of such retrieval using off-the-shelf CNNs, which is a significant advancement in the field.
- A notable contribution is the introduction of a compact yet highly effective multi-scale image representation, marking an improvement over earlier techniques.
- Extensive experimental evaluations are provided across four challenging datasets, effectively demonstrating the efficacy of the proposed method.

**Weaknesses:**
- There's a lack of clarity regarding the rationale behind choosing the five factors analyzed and a less thorough exploration of their interrelationships.
- The paper fails to offer a comprehensive comparison against other leading methods, thereby limiting the assessment of its uniqueness and impact.
- The experiments are confined to four datasets, which might not fully represent the variety of image retrieval tasks encountered.
- The feature aggregation technique employed in the multi-scale image representation is inadequately explained.

**Suggestions for Improvement:**
- Clarify the reasons behind selecting the five factors discussed and investigate the interconnections among them.
- Compare the proposed method with other prominent techniques in the domain and offer a thorough evaluation of the outcomes.
- Increase the diversity of testing datasets to showcase the method’s broader applicability and effectiveness.
- Elaborate on the feature aggregation strategy utilized in the multi-scale image representation and validate its efficiency.
- Incorporate supplementary visual aids to aid in understanding the proposed method and its outcomes.

In summary, the paper is a valuable addition to the instance-level image retrieval using CNNs, but it can benefit from clearer motivations, a broader comparison, and expanded empirical validation.",1,AI,0.716784656047821,0.9888702630996704,0.853044867515564,1.4594992399215698,LABEL_0,0
"Summary: The paper proposes a large-scale dataset for reading comprehension, with the final goal of releasing 1 million questions and answers. The authors have currently released 100,000 queries and their answers. The dataset differs from existing reading comprehension datasets mainly w.r.t queries being sampled from user queries rather than being generated by crowd-workers and answers being generated by crowd-workers rather than being spans of text from the provided passage. The paper presents some analysis of the dataset such as distribution of answer types. The paper also presents the results of some generative and some cloze-style models on the MS MARCO dataset.

Strengths:

1. The paper provides useful insights about the limitations of the existing reading comprehension datasets – questions asked by crowd-workers have different distribution compared to that of questions asked by actual users of intelligent agents, answers being restricted to span from the reading text rather than requiring reasoning across multiple pieces of text/passages.

2. MS MARCO dataset has novel useful characteristics compared to existing reading comprehension datasets – questions are sampled from user queries, answers are generated by humans.

3. The experimental evaluation of the existing baseline models on the MS MARCO dataset is satisfactory.

Weaknesses/Suggestions:

1. The paper does not report human performance on the dataset. Human performance should be reported to estimate the difficulty of the dataset. The degree of inter-human agreement will also reflect how well the metric (being used to compute inter-human agreement and accuracies of the baseline models) can deal with variance in the sentence structure with similar semantics.

2. I would like to see the comparison between the answer type distribution in the MS MARCO dataset and that in existing reading comprehension datasets such as SQuAD. This would ground the claim made in the paper the distributions of questions asked by crowd-workers is different from that of user queries.

3. The paper uses automatic metrics such as ROUGE, BLEU for evaluating natural language answers. However, it is known that such metrics poorly correlate with human judgement for tasks such as image caption evaluation (Chen et al., Microsoft COCO Captions: Data Collection and Evaluation Server, CoRR abs/1504.00325 (2015)). So, I wonder how authors justify using such metrics for evaluating open-ended natural language answers.

4. The paper mentions that a classifier was used to filter answer seeking queries from all Bing queries. It would be good to mention the accuracy of this classifier. This will provide insights into what percentage of the MS MARCO questions are answer seeking queries. Similarly, what is the accuracy of the information retrieval based system used to retrieve passages for filtered queries?

5. Please include the description of the best passage baseline in the paper.
  
6. Fix opening quotes, i.e. ” -> “ (for instance, on page 5, ”what” -> “what”).

Review Summary: The paper is well motivated, the use of user queries and human generated answers makes the dataset different from existing datasets. However, I would like to see the human performance on the dataset and quantitative comparison between the distribution of questions obtained from user queries and that of crowd-sourced questions. I would also like the authors to comment on the use of automatic metrics (such as ROUGE, BLEU) in the light of the fact that such metrics do not correlate well with human judgements for tasks such as image caption evaluation.",0,Human,0.2207079529762268,0.230232298374176,0.8662291988730431,1.6065493822097778,LABEL_1,1
"**Review of the Paper**

The paper focuses on developing semantic hierarchies through the use of word embeddings and a fusion learning architecture. Here’s a breakdown of its strengths and weaknesses:

### Strengths

1. **Innovative Approach:** By integrating both discriminative and generative models, the paper introduces a fresh fusion architecture aimed at overcoming the shortcomings of traditional methods, which often rely on linear transformations of word embeddings.

2. **Outstanding Performance:** The method has demonstrated impressive results, achieving an F1-score of 74.20% and a precision rate of 91.60%. These metrics clearly show that this approach significantly enhances the accuracy of identifying hypernym-hyponym relationships compared to existing solutions.

3. **Versatility:** The technique is claimed to be language-independent, making it versatile and capable of being applied across various languages without needing any specific adjustments.

4. **Enhanced Semantic Information:** A key feature is the inclusion of a straightforward lexical structure rule into the fusion architecture, enriching the semantic data captured by word embeddings.

### Weaknesses

1. **Incomplete Content:** Due to the lack of certain sections and abrupt transitions, the paper feels somewhat disjointed. This can make it challenging to grasp the full methodology and experimental findings.

2. **Insufficient Detail:** There’s a need for more explanation regarding the fusion architecture, the specific models employed, and their integration. Readers would benefit from a deeper dive into the architectural design and implementation.

3. **Missing Visual Aids:** The paper references several figures and tables but doesn’t include them. These visuals are essential for comprehending the structure of semantic hierarchies and the outcomes of the experiments.

4. **Limited Literature Review:** Although there’s a brief overview of related work, a more extensive review would help situate the proposed method within the broader field of semantic hierarchy construction.

5. **Incomplete Evaluation:** The evaluation section lacks details about the datasets used, experimental setups, and metrics for comparison. To ensure the validity and reproducibility of the results, these specifics are crucial.

### Suggestions for Improvement

1. **Complete the Paper:** All sections, figures, and tables should be included to provide a comprehensive view of the research.

2. **Elaborate on Methodology:** Provide detailed explanations of the fusion architecture, the models involved, and their integration process.",1,AI,0.8851568698883057,0.9956904053688048,0.9419281613081694,1.330712914466858,LABEL_0,0
"### Review of the Paper

#### Strengths

1. **Innovative Approach**: The paper presents an innovative method by incorporating a differentiable physics engine with analytical gradients. This stands out compared to traditional optimization techniques that rely on derivative-free methods, which can be slower and less efficient, especially for complex systems with numerous parameters.

2. **Modern Tools**: Utilizing modern computational tools such as Theano to compute gradients efficiently is a key strength. This approach streamlines the differentiation process, reducing the likelihood of errors that might occur with manual differentiation.

3. **Practical Application**: By optimizing a neural network controller for a robot, the paper showcases the real-world applicability and potential impact of its research.

4. **Comparative Analysis**: The comparison between gradient-based optimization and CMA-ES (a derivative-free method) in the ""Throwing a Ball"" experiment is thorough and provides compelling evidence of the advantages of the proposed method.

5. **Methodology Clarity**: The explanation of the backpropagation through time (BPTT) for parameter optimization is clear and well-explained.

#### Weaknesses

1. **Implementation Constraints**: Due to limitations in Theano, the approach is limited to certain types of operations, specifically those that don't involve conditional statements on the GPU. This restricts the method's flexibility and broad applicability.

2. **Simplified Physics Model**: Using spheres for collision detection, despite being necessary given the current implementation constraints, simplifies the model and may limit its applicability to more complex and realistic scenarios.

3. **Insufficient Evaluation**: While there is some evaluation, it is limited and doesn’t cover a wide range of tasks and conditions. More comprehensive testing would bolster the claims about the method’s effectiveness.

4. **Assumptions and Limitations**: The paper doesn’t thoroughly address the underlying assumptions and limitations of the proposed approach. For example, the choice of using rotation matrices rather than quaternions isn’t fully explained.

5. **Structure and Clarity**: The paper could benefit from a clearer structure and more detailed explanations in some sections, particularly the transition from introducing the concept to the technical details of the physics engine.

#### Suggestions for Improvement

1. **Expand Experimental Scope**: Conduct additional experiments to validate the method’s performance across various tasks and conditions. This will help establish the broader applicability and efficiency of the proposed technique.",1,AI,0.5615894198417664,0.9881752729415894,0.9606981985270976,1.3316560983657837,LABEL_0,0
"### Review of the Paper

#### Strengths

1. **Novelty and Relevance**: The paper tackles an important issue in Natural Language Processing (NLP), specifically dealing with open vocabularies in neural language models. This is particularly relevant for languages with complex morphology, where standard word-based models often struggle with lexical coverage.

2. **Character-Level Embeddings**: Utilizing character-level embeddings to generate word representations is a promising technique. It enables the model to handle out-of-vocabulary words more adeptly by capturing subword patterns, which is a significant improvement for languages with intricate grammatical structures.

3. **Noise Contrastive Estimation (NCE)**: Applying NCE to train the model without requiring a finite vocabulary is a sound methodological choice. This method overcomes the computational inefficiencies associated with softmax and facilitates generalization beyond the training vocabulary.

4. **Model Description**: The paper provides a comprehensive explanation of the model architecture, detailing how convolutional layers for character embeddings are integrated into a neural n-gram model.

5. **Experimental Setup**: The study uses a large-scale translation task in a reranking framework to evaluate the proposed approach, making the practical implications clear and relevant.

#### Weaknesses

1. **Lack of Experimental Data**: The paper doesn't offer detailed experimental results or quantitative assessments of the proposed model's performance. This hinders an evaluation of its actual benefits and practical utility.

2. **Clarity and Structure**: Some sections, particularly the model description, are overly dense and could benefit from clearer organization and improved readability.

3. **Limitation Discussion**: Although the paper touches on some training challenges, a more thorough discussion of limitations, such as computational overhead or hyperparameter tuning difficulties, would be valuable.

4. **Comparative Analysis**: There is a scarcity of comparisons with existing models. Including a comparative analysis with baseline methods or state-of-the-art approaches would underscore the strengths and trade-offs of the proposed method.

5. **Visual Aids**: The paper references a figure (Figure 1) but doesn't include it in the text. Visual aids, such as diagrams or graphs, are essential for understanding the model architecture and should be incorporated appropriately.

#### Suggestions for Improvement

1. **Detailed Experimental Data**: Incorporate detailed experimental results, including metrics like accuracy, perplexity, or BLEU scores for translation tasks.

2. **Enhanced Clarity and Structure**: Improve the flow and structure of the paper by breaking down complex sections and ensuring each part is clearly articulated.

3. **Th",1,AI,0.5429030060768127,0.993453860282898,0.9197015278041364,1.3436343669891355,LABEL_0,0
"**Review of the Paper:**

**Title:** Introduction of NewsQA: A New Dataset for Machine Comprehension

**Strengths:**

1. **Novel Dataset Introduction:** The paper introduces NewsQA, a groundbreaking new dataset for machine comprehension. It addresses shortcomings found in previous datasets, making it a significant contribution to the field. This resource offers fresh material for training and testing machine comprehension models.

2. **Challenging Dataset Features:** NewsQA is meticulously crafted with various complexities, like long-answer spans, questions without answers, and missing candidate options. These elements make the dataset more reflective of real-world scenarios and push the boundaries of current machine comprehension models.

3. **Clear Methodology:** The authors provide a thorough explanation of how they created the dataset, outlining a four-step process from article selection to validation. This level of detail is invaluable for ensuring the dataset's reliability and for enabling others to reproduce the results.

4. **Contextual Positioning:** The paper places NewsQA within the broader context of existing datasets, highlighting its unique attributes and the gaps it seeks to fill. This positioning underscores the dataset’s significance and potential impact.

5. **Benchmarking Human vs. Machine Performance:** The paper evaluates the performance of humans versus machine models on NewsQA, showing the current gap and the challenges posed by the dataset. This is essential for setting benchmarks and motivating future research.

**Weaknesses:**

1. **Limited Baseline Models:** While the paper mentions the use of two strong neural-network baselines, it doesn’t delve into details about these models or their architectures. Providing more information on these models would give a clearer picture of the challenges presented by the dataset.

2. **Lack of Detailed Error Analysis:** Although performance metrics are provided, there’s a missing element—details about the errors made by models. Such analysis could reveal the types of questions or reasoning patterns where current models struggle, guiding future improvements.

3. **Dataset Bias Issues:** The paper overlooks potential biases in the dataset, such as those arising from the selection of news articles or the backgrounds of the crowdworkers. Understanding these biases is crucial for interpreting model performance and ensuring the dataset's generalizability.

4. **Scalability and Practicality:** The paper doesn’t explore how scalable the dataset collection process is or whether it’s practical for other researchers to replicate or expand. Addressing these aspects could enhance the dataset's appeal and utility.",1,AI,0.7570415735244751,0.9977802634239196,0.8578086420893669,1.34986674785614,LABEL_0,0
"
**Title: Compositional Kernel Machines: A New Approach to Visual Classification**

**Strengths:**

1. **Innovation and Novelty:** This paper introduces Compositional Kernel Machines (CKMs), a fresh approach blending the power of Convolutional Neural Networks (CNNs) and Instance-Based Learning (IBL). By doing so, it tackles some of the challenges inherent in deep learning, like needing substantial computational resources and tuning hyperparameters.

2. **Theoretical Foundations:** The authors build a robust theoretical framework for CKMs, drawing on principles from kernel methods and instance-based learning. Their innovative use of virtual instances to mitigate the curse of dimensionality is particularly noteworthy and could significantly impact image classification tasks.

3. **Efficiency:** An important contribution is the sum-product function (SPF), which enables efficient computation over an enormous number of virtual instances. This is a major leap forward compared to conventional methods, which can be computationally taxing.

4. **Comparative Analysis:** The paper showcases CKMs' superior performance on the NORB dataset through detailed comparisons, providing empirical evidence for their effectiveness.

5. **Generalization Potential:** The approach holds promise for broad applicability, leveraging compositionality and symmetry that are prevalent in various types of data.

**Weaknesses:**

1. **Depth and Clarity:** Despite its technical depth, the paper can be challenging for readers without a strong background in machine learning and kernel methods. The notation and mathematical formulations, while thorough, might benefit from clearer explanations.

2. **Empirical Validation:** While promising results are shown on the NORB dataset, broader testing across multiple datasets and tasks would strengthen the paper's claims. More extensive evaluations would also highlight the method's robustness.

3. **Implementation Details:** The paper lacks crucial details on how to practically implement CKMs. Information on selecting appropriate kernel functions, determining weights, and the computational resources needed would be invaluable for researchers and practitioners.

4. **State-of-the-Art Comparison:** The paper asserts CKMs outperform CNNs in certain areas but doesn't thoroughly compare against the latest state-of-the-art deep learning models. Including such comparisons would bolster the paper's claims.

5. **Scalability Concerns:** There is concern about the scalability of CKMs, especially when applied to very large datasets or high-dimensional problems. Further research into scalability would help ensure widespread applicability.
",1,AI,0.6588915586471558,0.992698609828949,0.8344522193074226,1.378806471824646,LABEL_0,0
"**Title: Neural Physics Engine: A Hybrid Approach to Physical Reasoning**

**Strengths:**

1. **Innovative Hybrid Method:** The paper presents the Neural Physics Engine (NPE), blending the strengths of top-down and bottom-up approaches to physical reasoning. This method innovatively aims to harness the expressive power of symbolic physics engines alongside the flexibility of neural networks.

2. **Clear Motivation and Context:** The introduction lays a solid foundation by highlighting the significance of intuitive physics in human cognition and the challenges in replicating this capability in artificial agents. It underscores the necessity for a system capable of universal application across various scenarios without needing retraining.

3. **Focus on Generalization:** The paper places great emphasis on the ability to generalize across different numbers of objects and scene configurations. This is a crucial aspect for creating robust AI systems, and the proposed framework's versatility is a noteworthy contribution.

4. **Comprehensive Framework Description:** The paper offers a detailed walkthrough of the NPE framework, detailing its core components like object-based representations, pairwise factorization, and compositional structures. This thorough explanation aids in understanding how the NPE functions to meet its objectives.

5. **Separation of Vision and Dynamics:** The decision to distinguish between visual and physical attributes is well-founded, facilitating a more versatile physics engine. This design choice aligns with the goal of enhancing generalization capabilities.

**Weaknesses:**

1. **Lack of Empirical Evidence:** The paper doesn't include experimental results or quantitative evaluations of the NPE's performance. Without concrete data, it's challenging to assess the practical effectiveness of the proposed method.

2. **Limited Scope of Application:** The experiments are confined to simple 2D environments involving balls and obstacles, potentially limiting the perceived applicability of the NPE to more complex, real-world scenarios. The simplicity of the testbed may not fully showcase the framework’s potential.

3. **Insufficient Comparative Analysis:** While the paper outlines the benefits and drawbacks of top-down and bottom-up approaches, it falls short in providing a detailed comparison of the NPE's performance against other established methods in physical reasoning.

4. **Technical Clarity:** Some sections, especially those describing pairwise factorization and the encoder-decoder architecture, could benefit from clearer explanations and illustrative examples. These technical details might be challenging for readers without a strong background in neural networks or physics simulation.

5. **Assumptions and Limitations:** The paper doesn’t delve deeply into the assumptions and limitations of the NPE, leaving some aspects open",1,AI,0.719690203666687,0.9967442750930786,0.918520949780941,1.3469583988189695,LABEL_0,0
"The paper is a novel application for the sticky HDP-HMM, focused on correctly identifying the number of components in bird and whale song across a variety of datasets. It's nice to see the model applied to an interesting dataset. My main issues with the paper have to do with structure and the choice of representation used in the model. Namely:

The organization of the paper could be significantly improved. There is a lot of repetitive introduction that adds little to the paper. The first and last two sentences of the abstract could be cut. Many other parts of the abstract basically repeat the introduction. The second paragraph of section 2.3 also repeats your introduction - by now we know what you're doing. I think most people reading this will have no idea what Kershenbaum (2014) is. The description of the data should go in the experiments section. ""Different hypotheses for the songs were emitted"" in the introduction is odd phrasing. Figure 4 should be the first figure and go in the introduction. Figure 5 should be in the methods section. A summary of Table 1 should be in the experiments section. Generally the writing could be tightened quite a bit, which would make space for these figures. The description of the HDP-HMM, which mostly follows the existing literature, is well done.

Some general questions about the methods used:

If you're interested in scalable inference, why use Gibbs sampling? Why not the beam sampler (van Gael 2008), which at least recently was the state of the art for MCMC inference in the HDP-HMM? More generally, why use MCMC at all? For very large datasets, most of the Bayesian ML community has converged on stochastic variational inference as the most practical method (eg Wang, Paisley and Blei 2011).

If your interest is mainly in the number of clusters, how would you address the fact that DP mixture models are known not to be consistent for estimating the true number of clusters (Miller and Harrison 2013)?

MFCC features are calibrated to the human auditory system, not bird or whale auditory systems. In your data, do you calibrate the MFCC scale to be closer to the auditory systems of the animals that generated the song?

And a final suggestion for future work, which could use the results presented here as a baseline:

Given the success of LSTMs in speech recognition in recent years, it may be the case that deep learned representations are superior to linear features (like the means of each cluster in an HDP-HMM) for animal song as well. Have you considered a hybrid model, similar to recent work combining autoencoders and graphical models (Johnson, Duvenaud, Wiltschko, Datta and Adams 2016)?",0,Human,0.1450783014297485,0.0154697895050048,0.9602526351809502,1.7385125160217283,LABEL_1,1
"**Title: Relational Dynamic Model with Gaussian Representations for Forecasting Complex Time Series Data**

**Strengths:**

1. **Novel Contributions:**
   - The research presents a fresh approach to state space models tailored for relational time series, a domain that hasn't received much attention before. Its capability to manage both internal and external dependencies is a notable advancement.
   - Utilizing Gaussian distributions in the latent space to capture uncertainties adds a new dimension, aligning with current trends in representation learning.

2. **Comprehensive Literature Review:**
   - The study offers a thorough exploration of the literature, including both traditional statistical methods and contemporary machine learning techniques, placing the proposed model within the broader context of time series forecasting and representation learning.

3. **Clearly Defined Problem:**
   - The paper precisely outlines the challenge of forecasting relational time series and contrasts it with conventional time series forecasting, highlighting the unique relational dependencies involved.

4. **Real-World Applications:**
   - The model's versatility across diverse fields like ecology, medicine, and social sciences is highlighted, indicating its broad potential for practical use.

**Weaknesses:**

1. **Insufficient Detail:**
   - The explanation of the model is somewhat vague, lacking detailed mathematical formulations and explicit definitions of key elements such as latent space dynamics and the decoder function. This makes it hard to fully grasp the model’s inner workings.

2. **Lack of Rigorous Testing:**
   - Although experimental results are mentioned, the specifics—such as the datasets used, experimental setups, and evaluation criteria—are not provided. This hinders an assessment of the model's performance and generalizability.

3. **Comparative Analysis:**
   - The research doesn’t compare its findings against established benchmarks. Providing such a comparison would bolster the claim of the model’s effectiveness.

4. **Graph Assumptions:**
   - The paper assumes a static graph structure, which might not apply to all scenarios, especially in rapidly evolving environments. Discussing these assumptions and exploring ways to adapt the model for dynamic graphs would be valuable.

5. **Logical Flow and Clarity:**
   - The transition between the introduction and the literature review feels abrupt, and the informal description of the model needs a clearer narrative flow to maintain reader engagement.",1,AI,0.9183738827705384,0.99124675989151,0.929117489606142,1.4815926551818848,LABEL_0,0
"### Review of the Paper

#### Strengths

1. **Novel Contribution**: The paper introduces a groundbreaking framework for robust Kernel PCA (KPCA) and pre-image estimation without needing a pre-training phase. This is a significant advancement because it tackles the inherent challenges faced by current non-linear dimensionality reduction techniques in handling ill-posed problems.

2. **Theoretical Insights**: By offering a theoretical basis for using trace norm regularization in the feature space, the paper provides a unique approach to managing the complexities of feature spaces in non-linear dimensionality reduction.

3. **Practical Relevance**: The proposed method excels in tasks like missing data prediction and non-rigid structure from motion (NRSfM), showcasing its real-world applicability.

4. **Flexibility and Generality**: The framework is versatile and can accommodate various cost functions, making it adaptable to numerous ill-posed inference scenarios.

5. **Clear Problem Formulation**: The paper effectively lays out the problem and solution, enabling readers to grasp the significance of the contribution easily.

#### Weaknesses

1. **Insufficient Evidence**: Despite claiming state-of-the-art performance, the paper doesn't provide extensive experimental evidence. Detailed comparative analyses with other methods across different datasets would bolster these claims.

2. **Complexity Concerns**: There's no discussion about the computational complexity and scalability of the proposed algorithm, which is crucial for understanding its feasibility in large-scale applications.

3. **Assumptions and Limits**: The paper fails to delve into the assumptions and limitations of the proposed method. For example, the use of trace norm as a proxy for rank minimization might have its own set of constraints that aren't fully explored.

4. **Readability Issues**: Certain sections, especially the introduction, are dense and could benefit from clearer structuring to enhance comprehension. The transitions between topics also could be smoother.

5. **Lack of Visual Support**: The absence of diagrams or flowcharts to visually represent the proposed framework and its components could hinder understanding.

#### Suggestions for Improvement

1. **Enhance Experimental Section**: Include a broader range of experiments with multiple datasets, providing detailed quantitative metrics and visual illustrations to substantiate the claimed superiority.

2. **Address Computational Aspects**: Offer a thorough breakdown of the algorithm's computational complexity and scalability, especially in relation to larger datasets. Discuss under what conditions the method performs optimally.",1,AI,0.519142210483551,0.993147313594818,0.9033631719648838,1.4893805980682373,LABEL_0,0
"### Review of the Paper

#### Strengths

1. **Novelty and Relevance**: The paper tackles an important issue in natural language processing (NLP), specifically the challenge of handling open vocabularies in neural language models, particularly for languages with complex morphologies like those rich in inflections and derivations.

2. **Methodological Innovation**: By using character-level embeddings through convolutional layers to infer word embeddings, the authors have introduced a novel approach that can capture subword patterns, potentially improving the model's ability to generalize across diverse linguistic contexts.

3. **Noise Contrastive Estimation (NCE)**: Applying NCE to manage the open vocabulary problem is a smart choice, as this technique has proven effective in other probabilistic models. The justification for its use is sound and well-supported.

4. **Model Description**: The detailed explanation of the model architecture, including the use of convolutional layers and character-level embeddings, is quite clear and comprehensive. This makes it easier for others to understand and replicate the research.

5. **Experimental Setup**: The paper describes a large-scale translation task in a reranking setup, which is a practical and meaningful way to test the effectiveness of the proposed method.

#### Weaknesses

1. **Lack of Experimental Results**: While the paper suggests that experimental results are included in section 4, the text doesn't provide them. Without concrete data, it's hard to gauge the real-world performance and applicability of the proposed approach.

2. **Clarity and Organization**: Some sections, especially those detailing the model and its objectives, are quite dense and might be confusing without additional context or visual aids like diagrams.

3. **Comparative Analysis**: The paper doesn’t compare the proposed model to other leading approaches in terms of performance metrics. Adding such a comparison would help establish the model’s superiority or areas needing improvement.

4. **Scalability and Efficiency**: The authors touch on the theoretical advantages of their model but don’t delve into potential computational hurdles or scalability issues, especially with larger datasets.

5. **Limitation Discussion**: The paper lacks a thorough discussion of any potential limitations or drawbacks of their method, such as computational costs and training time.

#### Suggestions for Improvement

1. **Include Detailed Experimental Results**: Provide specific examples and metrics from the experiments to substantiate the claims made about the model's performance. This will add credibility and allow readers to assess the practical utility of the research.

2. **Clarify and Organize Sections**: Simplify and break down dense sections to improve",1,AI,0.6459982395172119,0.9978329539299012,0.8987054564058781,1.2887364625930786,LABEL_0,0
"
1. **Introduction**: The introduction offers an excellent overview of the significance of AMR and its practical uses. It would benefit from additional context on the challenges of employing neural methodologies in AMR. For instance, the authors could delve into the limitations of past research in this field and explain how their approach overcomes these hurdles.

2. **Related Work**: The related work section is detailed and provides a solid foundation of previous studies in AMR parsing and realization. However, it could be enriched by elaborating on the unique contributions of each study and their relevance to the proposed method.

3. **Methods**: The methods section is clearly laid out and well-organized, but it might gain clarity with more specific details about the sequence-to-sequence models used. Discussing the choice of encoder and decoder architectures, as well as any specialized techniques for handling graph data, would be insightful.

4. **Experiments**: The experimental section is well-structured and presents a good summary of findings. Yet, adding more specifics about the chosen evaluation metrics and their connection to AMR parsing and realization would strengthen the analysis.

5. **Conclusion**: While the conclusion is concise and to the point, it could be expanded to discuss broader implications of the results and potential future directions. Mentioning possible applications and extensions to other NLP tasks would provide valuable insights.

**Strengths**: 
- Comprehensive exploration of challenges and opportunities in applying neural methods to AMR.
- Proposes a novel approach addressing previous limitations.
- Clear and organized presentation of methods and results.

**Weaknesses**: 
- Introduction lacks necessary contextual details about AMR application challenges.
- Related work section could benefit from more specific contributions discussion.
- Methods section could include more information about model architectures and techniques.
- Experiments section could clarify evaluation metrics and their relevance.

**Suggestions for Improvement**: 
- Offer more background on AMR application challenges in the introduction.
- Elaborate on the specific contributions of each referenced work.
- Detail the architecture and techniques used in sequence-to-sequence models.
- Explain the choice and calculation of evaluation metrics.

---",1,AI,0.8354047536849976,0.9749577045440674,0.8769068978726864,1.3690783977508545,LABEL_0,0
"Summary:
This paper proposes a regularizer that is claimed to help escaping from the saddle points. The method is inspired from physics, such that thinking of the optimization process is moving a positively charged particle would over the error surface which would be pushed away from saddle points due to the saddle point being positively changed as well. Authors of the paper show results over several different datasets.

Overview of the Review:
    Pros:
        - The idea is very interesting.
        - The diverse set of results on different datasets.
    Cons:
        - The justification is not strong enough.
        - The paper is not well-written.
        - Experiments are not convincing enough.

Criticisms:

I liked the idea and the intuitions coming from the paper. However, I think this paper is not written well. There are some variables introduced in the paper and not explained good-enough, for example in 2.3, the authors start to talk about p without introducing and defining it properly. The only other place it appears before is Equation 6. The Equations need some work as well, some work is needed in terms of improving the flow of the paper, e.g., introducing all the variables properly before using them.

Equation 6 appears without a proper explanation and justification. It is necessary to explain it what it means properly since I think this is one of the most important equation in this paper. More analysis on what it means in terms of optimization point of view would also be appreciated.

$\phi$ is not a parameter, it is a function which has its own hyper-parameter $\alpha$. 

It would be interesting to report validation or test results on a few tasks as well. Since this method introduced as an additional cost function, its effect on the validation/test results would be interesting as well.
The authors should discuss more on how they choose the hyper-parameters of their models. 

The Figure 2 and 3 does not add too much to the paper and they are very difficult to understand or draw any conclusions from. 

There are lots of Figures under 3.4.2 without any labels of captions. Some of them are really small and difficult to understand since the labels on the figures appear very small and somewhat unreadable.


A small question:

* Do you also backpropagate through $\tilde{\mW}_i^t$?",0,Human,0.9311320781707764,0.9047980308532716,0.5301590412855148,1.5415877103805542,LABEL_0,0
"**Review of the Paper on Adversarial Attacks on Generative Models**

**Strengths:**

- The paper tackles a relatively untapped area of adversarial attacks on generative models, focusing on Variational Autoencoders (VAEs) and VAE-GANs. This is a novel contribution since most adversarial research has centered around classification models.
  
- The authors provide a compelling rationale for why attacking generative models is crucial, especially in cases where encoding and decoding processes are separate, potentially leading to security vulnerabilities.

- The paper offers a comprehensive overview of both adversarial attacks and generative models, setting a strong foundation for the research.

- The technical details of the VAE architecture and loss functions are explained thoroughly, ensuring a solid understanding of the proposed attacks.

**Weaknesses:**

- The paper lacks experimental results to substantiate its claims about the effectiveness of the proposed attacks on VAEs and VAE-GANs. This omission makes it difficult for readers to gauge the practical utility of the attacks.
  
- There's limited discussion on the real-world implications and practical impacts of these attacks, which would be valuable given the potential risks posed by generative models.
  
- Although the paper references related work, it doesn't offer a thorough comparison with existing adversarial techniques, such as those described in Tabacof et al. (2016).
  
- The structure of the paper could use improvement. The transition between explaining the background and introducing the novel contributions isn't smooth, which can be confusing for readers.

**Suggestions for Improvement:**

- Conduct experiments to validate the effectiveness of the proposed adversarial attacks on VAEs and VAE-GANs. Include metrics like success rates, perturbation sizes, and visual examples of adversarial inputs and their reconstructions.
  
- Elaborate on the practical consequences of these attacks, including potential defenses and how they might affect applications using generative models.
  
- Provide a detailed comparison with other adversarial techniques to establish the uniqueness and efficacy of the proposed methods.",1,AI,0.9213443398475648,0.9925011992454528,0.8797006346285343,1.2611967325210571,LABEL_0,0
"**Review of the Paper on Techniques for Improving Generative Models**

**Strengths:**

1. **Comprehensive Overview:** The paper offers an extensive introduction to generative models, with a particular focus on Variational Autoencoders (VAEs) and Generative Adversarial Networks (GANs). It establishes a solid foundation by explaining latent spaces and their applications, making it easier to discuss enhancements.

2. **Innovative Techniques:** Novel methods like spherical linear interpolation (slerp), J-diagrams for visual analogies, and MINE grids for manifold traversal are introduced. These techniques are highlighted as being broadly applicable across various generative models, which is a significant strength.

3. **Real-World Relevance:** The paper underscores the practical benefits of these techniques in fields like creative design, emphasizing improved visual quality and enhanced model comparisons. This addresses real-world needs directly.

4. **Handling Correlated Data:** Insights on managing correlated data through data replication and balancing are valuable. This could help reduce bias in datasets, an important consideration in machine learning.

5. **Visual Tools:** The inclusion of J-diagrams and MINE grids as visualization aids is commendable. These tools aid in understanding and navigating the latent spaces of generative models.

**Weaknesses:**

1. **Lack of Mathematical Depth:** Despite introducing several techniques, the paper lacks detailed mathematical explanations and derivations. For example, the slerp method is briefly mentioned without a proper context in the generative model framework.

2. **Insufficient Empirical Validation:** While promising results are noted, there is a need for more extensive empirical testing. Quantitative metrics and comparisons to existing methods would strengthen the paper's claims.

3. **Limited Scope:** The study mainly covers visual data, and its applicability to other forms of data (like text or audio) is not thoroughly explored. This restricts the broad applicability of the findings.

4. **Dataset Dependence:** The examples on handling correlated labels rely heavily on the CelebA dataset. More varied datasets should be considered to assess the techniques' broader utility.

5. **Organization and Clarity:** Some sections, particularly those discussing correlated labels, could benefit from clearer integration into the main narrative. They feel somewhat disjointed.

**Suggestions for Improvement:**

1. **Enhance Mathematical Explanations:** Include detailed mathematical formulations and derivations for the proposed techniques, especially slerp. This will enhance the rigor and comprehensibility of the paper.

2. **Expand Empirical Studies:**",1,AI,0.6505671143531799,0.9840528964996338,0.925941839814186,1.4433609247207642,LABEL_0,0
"### Review of the Paper

#### Strengths

1. **Relevance and Importance**: The paper tackles an important issue in machine learning—learning efficiently from very little data. It's vital for creating more efficient and human-like learning systems.

2. **In-depth Analysis**: The paper combines both theoretical insights and empirical evidence to support its methods. By exploring real-world applications through case studies alongside rigorous theoretical derivations, it gives a well-rounded view of its findings.

3. **New Discoveries**: The paper introduces fresh perspectives on how gradient regularization affects feature representations and how this can be connected to batch normalization. The Bayesian angle adds unique insight to the field.

4. **Extensive Testing**: The authors conducted extensive testing across various datasets, including synthetic data and popular ones like Omniglot and ImageNet. This broad spectrum of testing demonstrates the robustness of their proposed methods.

5. **Clear Presentation**: The structure of the paper is clear, making it easy for readers to follow the flow of ideas and understand the key contributions.

#### Weaknesses

1. **Clarity and Organization**: Some parts of the paper, especially the theoretical sections, are quite dense and could use more explanation. Readers might find them hard to navigate without extra guidance.

2. **Detailed Explanations**: The explanations of certain mathematical derivations need to be more detailed. This could help ensure that readers fully understand the concepts behind the methods.

3. **Limitation Discussion**: The paper doesn't delve deeply into the limitations of its proposed methods. Discussing what situations these techniques might fail in would provide a more complete picture.

4. **Comparison with Other Work**: While the paper mentions other related work, it doesn't thoroughly compare its findings against the latest state-of-the-art techniques in low-shot learning. A more detailed comparison would strengthen the paper.

5. **Additional Case Studies**: The case studies are valuable, but adding more complex scenarios could offer deeper insights into the effectiveness of the regularization techniques.

#### Suggestions for Improvement

1. **Enhance Clarity**: Simplify the presentation of theoretical concepts and provide more intuitive explanations. Using diagrams or visuals can also help clarify complex ideas.

2. **Expand Case Studies**: Incorporate more varied and challenging scenarios to showcase the broader applicability of the methods.

3. **Dive Deeper into Limitations**: Discuss the potential drawbacks of the proposed methods and consider edge cases where they might not perform as expected.

4. **Thorough Comparison**: Conduct a more comprehensive comparison with existing techniques to highlight the unique strengths and weaknesses",1,AI,0.7614641189575195,0.998550832271576,0.940512642264366,1.2821500301361084,LABEL_0,0
"---

**Introduction**

The paper introduces an enhanced version of the PixelCNN model, a generative image model known for its tractable likelihood. While the authors acknowledge that their enhancements boost the original model’s performance, the introduction fails to offer a comprehensive overview of the PixelCNN and highlight its limitations. Additionally, the motivation behind these modifications is not clearly articulated, making it challenging to grasp the significance of the authors’ contributions.

**Strengths**

The paper provides a detailed explanation of the modifications made to the PixelCNN model, which is beneficial for readers familiar with the original. It also includes experimental data showing the effectiveness of these changes.

**Weaknesses**

The paper lacks an introductory section that offers an overview of the original PixelCNN and highlights its shortcomings. Furthermore, there is no clear rationale provided for the modifications, which detracts from understanding their importance. Lastly, the paper doesn’t compare its approach with other leading models, thus complicating the evaluation of its performance improvements.

**Suggestions for Improvement**

To enhance clarity and comprehensibility, the authors should include a clear introduction that outlines the original PixelCNN model and identifies its limitations. They should also elucidate the reasons for their modifications and explain how they contribute to the model’s performance. Finally, incorporating comparisons with other state-of-the-art models would facilitate a better assessment of their work.

**Modifications to PixelCNN**

The authors outline several adjustments to the PixelCNN model, including the utilization of a discretized logistic mixture likelihood, conditioning on entire pixels, and using downsampling instead of dilated convolutions. They claim that these changes improve the PixelCNN’s performance but fail to detail these modifications adequately or provide sufficient mathematical explanations.

**Strengths**

The authors provide a thorough description of the modifications made to the PixelCNN, making it useful for those acquainted with the original model. Experimental results confirm the efficacy of these changes.

**Weaknesses**

The descriptions of the modifications are vague and lack detailed mathematical explanations. The authors do not clarify why these changes are necessary or how they enhance the PixelCNN’s performance.

**Suggestions for Improvement**

For greater clarity, the authors should provide a detailed and mathematically sound description of the modifications. Additionally, they need to clarify the necessity and benefits of these changes.

**Experiments**

The authors present experimental data demonstrating the PixelCNN’s enhanced performance through these modifications.

---

This version maintains the original content while making the text flow more naturally and engagingly.",1,AI,0.8691084980964661,0.9992049336433412,0.9636006318032742,1.1430604457855225,LABEL_0,0
"### Review of the Paper

#### Strengths

1. **Novelty and Relevance**: The paper tackles a fascinating and pertinent topic in NLP and cognitive science—how various writing tasks affect writing styles. By offering a fresh perspective, it enriches our understanding of writing beyond purely personal or psychological influences.

2. **Methodology**: Using the ROC story cloze task as a case study is well-founded. The task’s structure, which involves crafting both coherent and incoherent endings, offers a robust framework for studying stylistic variations. The authors effectively utilize this data set to examine how task constraints influence writing style.

3. **Empirical Results**: The study presents compelling evidence showing that a linear classifier can accurately distinguish between different types of story endings. This advance over existing methods underscores the practical value of the proposed technique.

4. **Contributions**: The paper makes three notable contributions: insights into cognitive load and writing style, implications for NLP task design, and a superior result on the story cloze challenge. These points are clearly articulated and backed by the research findings.

5. **Neural Integration**: Combining stylistic features with neural language models enhances performance on the story cloze task, showcasing the synergy between traditional linguistics and modern machine learning techniques.

#### Weaknesses

1. **Clarity and Organization**: While the paper is substantive, its flow could be smoother. The introduction is dense, and transitions between sections are occasionally abrupt. For example, moving from the discussion of writing task impacts to the specific details of the ROC story cloze task could be more fluid.

2. **Cognitive Process Insights**: Although the paper acknowledges cognitive processes, it doesn’t delve deeply into how they specifically shape writing styles. A more thorough exploration of the cognitive mechanisms involved would bolster the study’s theoretical underpinnings.

3. **Lack of Qualitative Analysis**: Focused largely on quantitative outcomes, the paper could benefit from a qualitative analysis of the stylistic differences observed. This would offer richer interpretative value to the findings.

4. **Generalizability**: Given that the study relies on a particular dataset and task, it would be beneficial to discuss the broader applicability of the findings. How do these results extend to other writing scenarios and data sets?",1,AI,0.6101566553115845,0.9796019792556764,0.9719883939251304,1.4341882467269895,LABEL_0,0
"

**INTRODUCTION**

The introduction lays out the fundamental issue of question classification and highlights the shortcomings of current methods. It underscores the unique challenges posed by the hierarchical and overlapping nature of question categories and the availability of detailed answer sets. This section also introduces the proposed solution: using dictionary learning and group sparse autoencoders to enhance the accuracy of question classification.

**Strengths:** 
- The introduction is clear and succinct, setting the foundation for the proposed solution.
- It offers a comprehensive overview of the problem and the limitations of existing techniques.

**Weaknesses:** 
- More context on the significance of question classification and its practical applications would be beneficial.
- Providing deeper insights into the limitations of existing approaches could further clarify the need for the proposed solution.

**Suggestions for Improvement:**  
Include more information on the importance of question classification and its real-world applications. Also, delve more deeply into the limitations of current approaches to underscore why the proposed solution is necessary.

**PRELIMINARIES: SPARSE AUTOENCODERS**

This section provides an overview of autoencoders and their sparse variant. The authors clearly define the mathematical notations and explain the objectives behind these models. 

**Strengths:**  
- The section is organized logically and is straightforward to understand.
- Mathematical explanations are clear and precise.

**Weaknesses:**  
- To make the material more engaging, it would be helpful to include more examples and applications of sparse autoencoders.
- Providing additional details on how these models work in practice can help readers grasp the concepts better.

**Suggestions for Improvement:**  
Provide more context on the applications of sparse autoencoders. Offering concrete examples can help readers visualize these concepts more easily.

**GROUP SPARSE AUTOENCODERS**

This part introduces a novel form of autoencoder called the group sparse autoencoder, designed to capture a sparse representation of input data. The authors describe the objective function and the optimization process in detail.

**Strengths:**  
- The section is well-organized and easy to follow.
- Clear explanations of the objective function and optimization process are provided.

**Weaknesses:**  
- More elaboration on the group sparse autoencoder and its potential applications would enhance understanding.
- Illustrating the concepts through additional examples can make the material more accessible.

**Suggestions for Improvement:**  
Detail the applications of group sparse autoencoders. Incorporating more examples will help readers connect the theory with practical scenarios.

**EXPERIMENTS",1,AI,0.9035600423812866,0.99966561794281,0.710071012377739,1.0963579416275024,LABEL_0,0
"
**Introduction**

The paper begins by outlining the challenge of developing data-to-text corpora for training Natural Language Generation (NLG) systems. The authors identify that current corpora have several drawbacks, including being domain-specific, requiring manual annotation, and lacking adequate linguistic coverage. They propose an innovative crowd-sourcing strategy to overcome these issues and create a new corpus.

**Strengths**: The paper clearly articulates the shortcomings of existing corpora and introduces a novel solution. The introduction is succinct and establishes a clear direction for the rest of the research.

**Weaknesses**: While the paper does a good job of identifying the challenges, it could benefit from a deeper discussion on why NLG is important and the specific ramifications of these limitations in the field.

**Suggestions for Improvement**: It would be helpful to elaborate more on the significance of NLG and how the identified limitations affect the field. Providing concrete examples of the impacts could further strengthen the argument.

**NLG Benchmarks**

The authors examine various NLG benchmarks, including corpora tailored to specific domains, benchmarks based on expert linguistic annotations, and crowdsourced benchmarks. They analyze the pros and cons of each, noting the necessity for manual annotation, the restriction to certain domains, and the limited linguistic coverage.

**Strengths**: The authors offer a thorough analysis of existing benchmarks, pointing out both their strengths and weaknesses.

**Weaknesses**: The review could benefit from more detailed examples and case studies to illustrate the nuances of each benchmark type.

**Suggestions for Improvement**: Adding more real-world examples and detailed case studies would help clarify the benefits and drawbacks of each benchmark type.

**A Framework for Creating Data-to-Text, Micro-Planning Benchmarks**

The authors introduce a novel framework for generating data-to-text corpora from large knowledge bases like DBPedia. This framework integrates a content selection module with a crowdsourcing process to link data units with human-written texts effectively.

**Strengths**: The proposed framework offers a fresh approach to creating data-to-text corpora, addressing the limitations of existing methods. The framework is well-explained and straightforward.

**Weaknesses**: More detail could be added to explain the content selection module and the crowdsourcing process, including the algorithms used and the quality control measures employed.

**Suggestions for Improvement**: Providing additional information on the content selection module and the crowdsourcing process would enhance the framework’s comprehensibility.

**Evaluation**

The authors evaluate their proposed framework using a",1,AI,0.7381211519241333,0.9990925788879396,0.815711073577404,1.1814558506011963,LABEL_0,0
"The paper introduces a groundbreaking technique for managing machine learning issues involving categorical data by leveraging Tensor Train (TT) format to capture feature interactions. The authors have developed a highly efficient method capable of handling every conceivable interaction without requiring the impractically large number of parameters that usually come with such complexities. They've also created a new predictor model based on a stochastic Riemannian optimization algorithm, expanding the model to accommodate interactions between different functions of these features.

### Strengths

- **Innovative Methodology**: Using TT format to model interactions in categorical data is a novel approach. By significantly reducing the required parameters, this method offers substantial advancements in the realm of machine learning.
  
- **Scalability**: The proposed method ensures efficient computation by controlling the TT-rank, allowing for interactions between all possible features without overwhelming computational resources.

- **Theoretical Foundation**: The authors provide a strong theoretical basis for their approach, including a clear explanation of the TT format and its properties. They also prove that responses can be calculated efficiently, in linear time relative to the number of features.

- **Flexibility and Generalization**: The model includes linear models as a specific case when the TT rank is set to 2, showcasing the versatility and broad applicability of the technique.

- **Empirical Evidence**: The paper supports its claims with experimental results showing that the proposed stochastic Riemannian optimization algorithm outperforms traditional methods like stochastic gradient descent.

### Weaknesses

- **Accessibility**: Although theoretically robust, the explanation of the TT format can be challenging for those unfamiliar with tensor algebra. Simplifying the explanations or providing visual aids could enhance understanding.
  
- **Experimental Depth**: While the study compares the new algorithm against a baseline, further experiments contrasting it with other advanced methods for categorical data interactions would strengthen the findings.

- **Practical Application**: The paper doesn't delve into the real-world implications or potential hurdles in deploying the proposed model.

- **Hyperparameters**: The paper notes that the TT rank is a crucial hyperparameter that affects model performance but doesn't discuss the optimal setting or methods to tune it. Further research on this aspect would be valuable.",1,AI,0.7424793839454651,0.9900744557380676,0.97183658182621,1.4887354373931885,LABEL_0,0
"**Title: Boosting Generative Models**

**Strengths:**

1. **Innovative Approach:**
   - The paper introduces a novel method to enhance generative models using a boosting-like technique inspired by supervised learning. This fresh idea aims to tackle the limitations faced by current generative models in capturing complex data distributions.

2. **Theoretical Backbone:**
   - The work lays a strong theoretical groundwork, supported by theorems and proofs in the appendices. These ensure the proposed method's robustness and reliability.

3. **Versatile Application:**
   - The approach is flexible enough to be applied across various generative models, including restricted Boltzmann machines and variational autoencoders, making it highly adaptable for diverse applications.

4. **Integration with Discriminative Models:**
   - The inclusion of discriminative models within the generative boosting framework is a smart move, potentially boosting overall performance.

5. **Practical Benefits:**
   - The authors claim that their boosted generative models can perform better than baseline models without needing extra computational power, which makes the method attractive for real-world applications.

**Weaknesses:**

1. **Insufficient Evidence:**
   - The paper lacks empirical validation through experiments, making it hard to assess the practical benefits of the proposed method.

2. **Complexity and Clarity:**
   - The theoretical details and mathematical formulations are somewhat dense and may be challenging for some readers to grasp, especially the transition from theory to practical application.

3. **Assumptions and Limitations:**
   - The paper doesn't delve into the assumptions and limitations of the proposed method, leaving room for further exploration on scenarios where it might not work effectively.

4. **Comparison with Other Techniques:**
   - There isn't a direct comparison with other methods used to improve generative models, which would help situate the proposed approach within the broader context of the field.

5. **Scalability Concerns:**
   - The study doesn't thoroughly examine how well the method scales up to larger datasets or more complex models, which is crucial for its long-term applicability.",1,AI,0.8387210965156555,0.9973496198654176,0.8099548816680908,1.1134299039840698,LABEL_0,0
"---

1. **Introduction**
   The introduction offers an informative overview of the challenge in acquiring knowledge via language and the necessity of combining external knowledge sources with natural language understanding. The authors articulate a compelling motivation for their work, underscoring the difficulties encountered in current reading comprehension tasks and the pressing need for more complex and practical scenarios. While the introduction effectively sets the stage, it could benefit from additional context about the specific issue of rare entity prediction and its real-world significance.

2. **Related Work**
   The section on related work provides a comprehensive review of pertinent literature within natural language processing, touching on topics like entity prediction, script learning, and discourse coherence modeling. It adeptly delineates the differences between the proposed task and existing ones, emphasizing the unique challenges and requirements of rare entity prediction. However, this section could be enhanced with more detailed analysis of the various approaches and their limitations.

3. **Model**
   The model description is clear and detailed, introducing the hierarchical double encoder model (HIERENC) and elucidating the roles of its components. Although the architecture is well-explained, the section might benefit from elaborating further on the training procedures and the specific hyperparameters utilized.

4. **Experiments**
   The experimental results are well-presented, detailing the accuracy and F1 scores achieved by the proposed models. The authors conduct a thorough analysis of these results, highlighting both strengths and weaknesses across different models. Nevertheless, the section could be enriched by providing more details on the metrics used for evaluation and the methodologies employed.

5. **Conclusion**
   The conclusion succinctly summarizes the key contributions of the paper and points toward future research directions. It offers insightful discussions on the limitations of the proposed models and potential applications of rare entity prediction. While the conclusion is effective, it could delve deeper into the practical implications and broader impacts of these models.

**Strengths:**
- The paper offers a clear and succinct introduction to rare entity prediction and its practical applications.
- It provides an extensive review of the relevant literature in natural language processing.
- The proposed models are well-articulated, and their architecture is easily understandable.
- The experimental results are clearly presented and analyzed.

**Weaknesses:**
- The introduction could benefit from richer context regarding the specifics of rare entity prediction and its real-world applicability.
- The related work section might gain depth by offering a more in-depth analysis of existing approaches and their limitations.

---
",1,AI,0.914603590965271,0.9995867609977722,0.9666248690336944,1.3198726177215576,LABEL_0,0
"The primary point made by this paper is that given certain architectural characteristics of multi-GPU systems, namely the use of bi-directional PCI-E for communication and the integration of two independent DMA engines on recent GPU devices (providing support for simultaneous independent communications), and given the characteristics of the communications patterns required by synchronous SGD trainers for deep neural networks, namely that the messages are large, dense, and have a fixed length, it makes sense to design communication collectives such as broadcast, reduce, and allreduce specifically for the use case of synchronous SGD training on a multi-GPU system.  The paper describes the implementation of these three collectives (broadcast, reduce, and allreduce) using a linear pipelining (LP) scheme on a (logical) ring topology.  The paper compares the LP collectives to two alternatives:  collectives based on a minimal spanning tree (MST) topology and collectives based on bidirectional exchange (BE).  First, a theoretical comparison is made using a standard cost model used in the high performance computing community.  When assumptions based on multi-GPU system architecture (very low latency for messages) and on the communication characteristics of synchronous SGD training (very large messages) are integrated into the model, the paper finds that the LP collectives should be less costly than BE collectives by a factor of 2 and less costly than MST collectives by a factor of log(p), where p is the number of GPUs being used.  Second, an empirical comparison is performed in which (1) the time required to perform each of the different collectives on a 4-device (k40m) system is measured as a function of message size and (2) the time required to perform each of the different collectives with a 200 MB message length is measured as a function of the number of devices in the system.  These measurements show that the LP-based collectives are consistently the fastest.  Third, DNN training experiments with AlexNet and GoogLeNet are performed on a 4-device system using three different synchronous SGD algorithms with the different implementations of the collectives (a total of 6 different algorithms in all).  Measurements of the communication and computation costs show that the LP collectives reduce communication costs without affecting computation costs (as expected).  Measurements of the convergence of the training loss as a function of time for the two DNN architectures show that use of the LP collectives leads to faster training.

While the theory says that the costs of LP collectives should be invariant to the number of devices in a multi-GPU system, the empirical work shows that in practice this does not hold going from 4 to 5 devices (in the tested configuration) because in a 5-device system messages must traverse the QPI.  Are there other practical considerations that the authors are aware of that affect the scaling of the LP collectives?  If so, these should be mentioned in the paper.

In the sentence ""Worringen (2003) proposed a pipeline collective model in shared memory environment for CPU data, but communications of different MPI processes sharing the same CPU memory bus within the same CPU socket."" I really can't figure out what the words after ""but communications of different MPI processes"" are trying to convey.  This sentence is not comprehensible.

""Please note the latency term is log pα, which is the smallest among algorithms in Table.1. Therefore, MST only suits for high frequent short messages.""  The claim that MST collectives are only suitable for high-frequency, short messages does not follow from the statement that MST collectives have the smallest latency term.  You also need to consider the way the cost scales with message size (the bandwidth term).  If the MST collectives had a better bandwidth term than the other collectives, then they would also be superior for large messages.

""Let’s take an appropriate block size b to ensure n/b ≪ α.""  This looks wrong, since n > b.  Should it be b/n ≪ α?

""However, the parameters are not consistent after several iterations due to the precision issues of float multiplications in Gradient Update.""  Are you sure the inconsistency in weight estimates across devices is due to multiplication?  I would expect that it would be due to gradients being accumulated in different orders; that is, because floating point addition is not commutative.

I recommend replacing the term ""sub-gradients"" in this paper with ""partial gradients.""  In the optimization literature, the term ""sub-gradient"" has a very specific meaning that differs from this paper's use of the term (see",0,Human,0.0155779123306274,0.9988695979118348,0.98024364374578,1.5457147359848022,LABEL_1,0
"This paper proposed a set of different things under the name of ""sampling generative models"", focusing on analyzing the learned latent space and synthesizing desirable output images with certain properties for GANs.  This paper does not have one single clear message or idea, but rather proposed a set of techniques that seem to produce visually good looking results.  While this paper has some interesting ideas, it also has a number of problems.

The spherical interpolation idea is interesting, but after a second thought this does not make much sense.  The proposed slerp interpolation equation (page 2) implicitly assumes that the two points q1 and q2 lie on the same sphere, in which case the parameter theta is the angle corresponding to the great arc connecting the two points on the sphere.  However, the latent space of a GAN, no matter trained with a uniform distribution or a Gaussian distribution, is not a distribution on a sphere, and many points have different distances to the origin.  The author's justification for this comes from the well known fact that in high dimensional space, even with a uniform distribution most points lie on a thin shell in the unit cube.  This is true because in high-dimensional space, the outer shell takes up most of the volume in space, and the inner part takes only a very small fraction of the space, in terms of volume.  This does not mean the density of data in the outer shell is greater than the inner part, though.  In a uniform distribution, the data density should be equal everywhere, a point on the outer shell is not more likely than a point in the inner part.  Under a Gaussian model, the data density is on the other hand higher in the center and much lower on the out side.  If we have a good model of data, then sampling the most likely points from the model should give us plausible looking samples.  In this sense, spherical interpolation should do no better than the normally used linear interpolation.  From the questions and answers it seems that the author does not recognize this distinction.  The results shown in this paper seem to indicate that spherical interpolation is better visually, but it is rather hard to make any concrete conclusions from three pairs of examples.  If this is really the case then there must be something else wrong about our understanding of the learned model.

Aside from these, the J-diagram and the nearest neighbor latent space traversal both seems to be good ways to explore the latent space of a learned model.  The attribute vector section on transforming images to new ones with desired attributes is also interesting, and it provides a few new ways to make the GAN latent space more interpretable.

Overall I feel most of the techniques proposed in this paper are nice visualization tools.  The contributions however, are mostly on the design of the visualizations, and not much on the technical and model side.  The spherical interpolation provides the only mathematical equation in the paper, yet the correctness of the technique is arguable.  For the visualization tools, there are also no quantitative evaluation, maybe these results are more art than science.",0,Human,0.0230955481529235,0.9978067278862,0.9812866058200598,1.536831021308899,LABEL_1,0
"
Could you please provide a detailed review of the paper we discussed? I'm particularly interested in hearing about its strengths, weaknesses, and areas where improvements could be made.

The paper introduces a new method for neural memory access using Lie groups. It argues that current neural memory systems fall short in two crucial aspects: they aren't differentiable for end-to-end training and don't offer robust relative indexing. To address these issues, the authors propose a set of memory access techniques rooted in Lie group theory, which do meet both criteria.

**Strengths:**
- The paper offers a clear and concise overview of the challenges faced by existing neural memory systems.
- It presents a novel and innovative solution leveraging Lie groups to enhance the natural structure of neural memory access.
- The authors conduct a comprehensive analysis of their proposed approach, backed by experimental results and comparisons with traditional methods.

**Weaknesses:**
- The paper assumes a high level of mathematical and technical knowledge, making it challenging for readers without a strong background in these areas to fully grasp.
- The authors lack a detailed explanation of the mathematical underpinnings, like Lie groups and their properties.
- The experiments presented are somewhat limited, focusing on a few examples, and it’s unclear how the approach might perform in broader contexts.

**Suggestions for Improvement:**
- Offer a more detailed breakdown of the mathematical concepts, such as Lie groups, explaining their significance and properties.
- Include more extensive experimental results and comparisons with established methods to demonstrate the practical utility of the proposed technique.
- Provide a deeper analysis of the limitations of the proposed method and explore potential future research directions.
- Elaborate on the implementation details, including specific algorithms and data structures used.
- Conduct a more thorough computational complexity analysis and discuss potential real-world applications.

Overall, the paper offers a promising new direction in neural memory access, but it does so at the expense of accessibility and broad applicability. A richer discussion of the method's limitations and an expanded set of experimental data would significantly strengthen the paper. 

",1,AI,0.9810842871665956,0.9875836968421936,0.9404971860349178,1.311174988746643,LABEL_0,0
"Dear reviewers, 
 
thanks for your detailed reviews. We will use them to improve our paper. We tried to gather them in different categories in oder to address them properly. 
Feel free to come back to us if you have some remaining questions.
 
Elena, Flavian & Thomas
 
Common themes:
     • We do not do end-to-end learning (I.1. & III.1)
        ◦ TL;DR: A modular architecture is the easiest way to put in production such a complex model - efficient way of computational resources (as also ack by the first reviewer)
           ▪ the fact that we specialize each modality-specific network to the final task independently allows us to scale better by reducing the parameter space and the resulting computation time, gives us better interpretability and insight into the relative value of each modality (as raised by reviewer #2) and allows us to better control any convergence issues in a production environment.
           ▪ the fact that during specialization we do not backprop through the full ImageCNN network is based on previous findings (see 'Learning visual clothing style with heterogeneous dyadic co-occurences’ for instance)  that show that the fc7 layer provides a good cross-task representation for images. For the other two networks we do backprop all the way down.
         ◦ Using pretrained models for each modality allows us to leverage external source of data and do transfer learning, whose value was repeatedly confirmed in the literature such as 'How transferable are features in deep NN?' for instance. 
         ◦ We agree that in the limit given enough data and computational resources the models can be learnt from scratch and in a joint manner, but our concern is on delivering a simple solution that can be delivered in production setting and at very large scale.
     • ResNet motivation (I.2. & II.2)
         ◦ We decided to use “residual” in describing our new pairwise embedding layer based on the similarity in motivation with the original residual unit that was introduced to help the system approximate the identity and allows the new layers to focus on the remaining unexplained error. We agree that in our case the layer does not serve the same practical purpose as in the original ResNets architectures that use the unit mostly for training very deep networks.
     • Missing baselines
         ◦ the state of the art on this dataset (I.3.b & III.3.)
            ▪ ImageCNN is the McAuley et al solution that introduced the dataset (He used GoogLeNet and we used AlexNet)
            ▪ VBPR is another baseline introduced by He & McAuley. It uses reviews as implicit feedback and try to predict the interest of a user based on products images and the sequence of products he was interested in. Our approach focuses more on a item to item similarity matrix and that is why we have not implemented this approach.   
         ◦ jointly fine-tuned model (I.1)
            ▪ We agree that we could respecialize the networks jointly and its on our list of remaining experiments to try 
         ◦ additional fully-connected layer that mixes the modality specific embeddings to form a final embedding (I.2)
            ▪ We agree that having an additional full connected layer that compress into a lower dimension vector could be a good idea. However we did not manage to make it work. We’ll try different initialisations in the next version of the paper.
 
Other concerns:
   • TextCNN setup details (I.3.a.)
         ◦ As per not providing more info on training the TextCNN, we choose to not add more info as our paper was running long as it was. For more specific info, please let us know what details are you interested in.
         ◦ Concerning the choice of keeping only the first 10 words, we agree that we could have kept more, however a lot of the descriptions were empty so we did not feel we need to make them longer. However, the architecture allows to choose an arbitrary length for the text input. 
    • The paper should clearly motivate and show how different modalities contribute to the final task. (II.1.)
         ◦ We agree and this is why we reported separately the performance of each modality network in Tables 1 & 2
         ◦ Something we did not mention is that in Content2Vec-linear model the image and text modalities have very similar coefficients 
    • The choice of the term embedding for the dot product of two items is not usual.  Here it refers to the final output, and renders the output layer in Figure 2 pointless. (II.3.a.)
         ◦ In the Content2Vec-crossfeat and Content2Vec-embedpairs we do have a pair embedding layer (one using polynomial features, one using a real embedding representation) so this is why we differentiate  between the Output layer (the softmax) and the Pairwise layer in Figure 2.
    • This architecture makes it hard to say how easily the model would generalize to arbitrary feature types, say e.g. if I had audio or video features describing the item. (III.2.)
         ◦ The modular design assumes that the input modalities do have extra modeling value for the pairwise similarity prediction. To your point, if interested in song similarities, if shown that text and audio signals do separately predict video similarities (as shown in ",0,Human,0.3853466510772705,0.8865346312522888,0.4926305115222931,1.7161742448806765,LABEL_1,0
"**Title: Learning Continuous Semantic Representations of Symbolic Expressions**

**Review:**

**Strengths:**

1. **Novel Architecture and Contributions:**
   - The paper introduces a groundbreaking architecture called Neural Equivalence Networks (EQNETs), which excel at learning continuous semantic representations (SEMVECs) of symbolic expressions. This work is particularly notable because it tackles the issue of representing semantically similar but syntactically different expressions in a unified, continuous space.

2. **Clarity in Problem Formulation:**
   - The authors effectively outline the problem and emphasize its significance. They convincingly argue why current models like TREENNs and RNNs fall short in accurately capturing semantic equivalences among symbolic expressions.

3. **Innovative Methodology:**
   - EQNETs stand out due to their ability to handle significant changes in semantics across the syntax tree. This is a major improvement over conventional recursive neural networks. The use of residual-like multi-layer networks and subexpression forcing is particularly innovative and effective in learning semantic equivalence.

4. **Comprehensive Experimental Results:**
   - The evaluation section demonstrates the superior performance of EQNETs on various symbolic algebraic and boolean expressions, providing robust evidence for the authors' claims. The detailed analysis and supporting figures (like Figure 1) aid in understanding the architecture of EQNETs.

5. **Structural Clarity:**
   - The paper is well-organized, starting with an introduction that sets the stage, followed by a clear statement of the problem and a thorough explanation of the proposed model. Diagrams are used effectively to explain the structure of EQNETs.

**Weaknesses:**

1. **Scalability Concerns:**
   - While EQNETs demonstrate strong performance, the paper does not delve deeply into the computational complexity and scalability of these models. There is a need to explore whether EQNETs can handle extremely large expressions or datasets efficiently.

2. **Limitations and Edge Cases:**
   - The paper lacks a comprehensive discussion of potential limitations of EQNETs. For example, how do these models fare when applied to highly complex expressions or when dealing with specific types of expressions outside the training set?

3. **Comparative Analysis:**
   - Although EQNETs show promising results, a more thorough comparison with other leading models in symbolic representation learning would provide a more definitive assessment. Including additional baselines for comparison would further validate the effectiveness of EQNETs.",1,AI,0.8300826549530029,0.9987027645111084,0.6748838424682617,1.3744511604309082,LABEL_0,0
"The authors propose to measure “feature importance”, or specifically, which pixels contribute most to a network’s classification of an image. A simple (albeit not particularly effective) heuristic for measuring feature importance is to measure the gradients of the predicted class wrt each pixel in an input image I. This assigns a score to each pixel in I (that ranks how much the output prediction would change if a given pixel were to change). In this paper, the authors build on this and propose to measure feature importance by computing gradients of the output wrt scaled version of the input image, alpha*I, where alpha is a scalar between 0 and 1, then summing across all values of alpha to obtain their feature importance score. Here the scaling is simply linear scaling of the pixel values (alpha=0 is all black image, alpha=1 is original image). The authors call these scaled images “counterfactuals” which seems like quite an unnecessarily grandiose name for literally, a scaled image. 

The authors show a number of visualizations that indicate that the proposed feature importance score is more reasonable than just looking at gradients only with respect to the original image. They also show some quantitative evidence that the pixels highlighted by the proposed measure are more likely to fall on the objects rather than spurious parts of the image (in particular, see figure 5). The method is also applied to other types of networks. The quantitative evidence is quite limited and most of the paper is spent on qualitative results.

While the goal of understanding deep networks is of key importance, it is not clear whether this paper really help elucidate much. The main interesting observation in this paper is that scaling an image by a small alpha (i.e. creating a faint image) places more “importance” on pixels on the object related to the correct class prediction. Beyond that, the paper builds a bit on this, but no deeper insight is gained. The authors propose some hand-wavy explanation of why using small alpha (faint image) may force the network to focus on the object, but the argument is not convincing. It would have been interesting to try to probe a bit deeper here, but that may not be easy.

Ultimately, it is not clear how the proposed scheme for feature importance ranking is useful. First, it is still quite noisy and does not truly help understand what a deep net is doing on a particular image. Performing a single gradient descent step on an image (or on the collection of scaled versions of the image) hardly begins to probe the internal workings of a network. Moreover, as the authors admit, the scheme makes the assumption that each pixel is independent, which is clearly false.

Considering the paper presents a very simple idea, it is far too long. The main paper is 14 pages, up to 19 with references and appendix. In general the writing is long-winded and overly verbose. It detracted substantially from the paper. The authors also define unnecessary terminology. “Gradients of Coutnerfactuals” sounds quite fancy, but is not very related to the ideas explored in the writing. I would encourage the authors to tighten up the writing and figures down to a more readable page length, and to more clearly spell out the ideas explored early on.",0,Human,0.0220222473144531,0.7952044010162354,0.8822369463741779,1.6379129886627195,LABEL_1,0
"**Title: Enhancing Vision Tasks with Layer Recurrent Neural Networks**

**Strengths:**

1. **Novel Approach:** This paper presents a fresh idea by merging Recurrent Neural Networks (RNNs) with Convolutional Neural Networks (CNNs) to better capture multi-scale contextual information. By combining these networks, we get a new architecture called the Layer Recurrent Neural Network (L-RNN), which integrates the strengths of both: CNNs for local feature extraction and RNNs for modeling long-term dependencies.

2. **Thorough Introduction:** The introduction lays out the importance of multi-scale contextual information in computer vision and places the proposed method in the broader context of existing architectures. It points out the limitations of current methods and emphasizes how the L-RNN can potentially overcome these challenges.

3. **Detailed Technical Details:** The authors delve deeply into the mechanics of the L-RNN module, explaining how it works and offering mathematical formulations. These details are clear and help readers understand the underlying principles.

4. **Versatility:** The method is highly flexible, allowing L-RNN modules to be embedded into existing CNN architectures in various ways—interleaved with other layers or stacked atop them. This adaptability is a significant strength, making the method versatile for different applications and network architectures.

5. **Performance Gains:** The paper claims that incorporating L-RNN modules into pre-trained CNNs can enhance performance without requiring a full retraining process. This is particularly useful for scenarios where computational resources are limited.

**Weaknesses:**

1. **Lack of Empirical Data:** Despite promising theoretical benefits, the paper lacks concrete experimental results and comparisons with state-of-the-art methods. Without detailed performance metrics, it's hard to gauge the actual improvements and effectiveness of the proposed approach.

2. **Computational Considerations:** While the benefits of the L-RNN architecture are highlighted, there's no discussion about the increased computational complexity and longer training times associated with adding RNN components. Addressing these trade-offs would provide a more comprehensive picture.

3. **Organization and Clarity:** The paper could benefit from clearer organization and smoother transitions between sections. The relationship between the proposed method and existing techniques isn't always well-articulated, leading to some confusion.

4. **Limitations:** The paper briefly touches on potential limitations but doesn't provide a thorough analysis. A deeper exploration of these limitations could add depth to the discussion and help guide future research.",1,AI,0.735599160194397,0.9992284774780272,0.838684432208538,1.2182164192199707,LABEL_0,0
"---

**INTRODUCTION**

The introduction offers an excellent summary of the challenge in creating high-quality generative models for natural images and highlights the shortcomings of recent techniques like Variational Autoencoders (VAEs) and PixelCNNs. The authors convincingly outline the motivations behind their research and the innovations they bring. However, the introduction might benefit from a deeper dive into the current landscape of generative modeling, along with the ongoing issues that researchers face.

**Strengths:** Clear and succinct overview of the problem and the authors' contributions.

**Weaknesses:** Could delve more into the current state of the art and the unresolved challenges.

**Suggestions for Improvement:** Include more context about the existing advancements in generative modeling and the remaining hurdles.

**RELATED WORK**

The related work section gives a comprehensive look at pertinent literature in generative modeling, touching on VAEs, PixelCNNs, and Generative Adversarial Networks (GANs). The authors effectively detail the strengths and weaknesses of each approach and elucidate how their work enhances these methods. Yet, this section could be enhanced by providing more specifics about the unique contributions of each method and their relevance to the authors' own work.

**Strengths:** Offers a thorough review of relevant literature.

**Weaknesses:** Could include more detailed insights into the specific contributions and connections to the authors' research.

**Suggestions for Improvement:** Elaborate further on the distinctive aspects of each approach and their applicability to the authors' work.

**PIXELVAE MODEL**

The model section presents a clear and concise explanation of the PixelVAE model, detailing its architecture and training objectives. The authors articulate the rationale behind their design decisions and the advantages of their approach. Nonetheless, this section could be improved by offering more specifics on the individual components of the model and how they collaborate.

**Strengths:** Provides a clear and concise description of the PixelVAE model.

**Weaknesses:** Could elaborate more on the constituent parts and their interactions.

**Suggestions for Improvement:** Provide more detailed information on the key components and their interplay.

**EXPERIMENTS**

The experiments section provides a solid overview of the outcomes from the authors' tests, including the performance of the PixelVAE model across various datasets. The authors clearly describe the findings.

---
",1,AI,0.8367260694503784,0.9996488094329834,0.9017744101583958,1.1266075372695925,LABEL_0,0
"

**INTRODUCTION**

The introduction offers a clear overview of the challenges in creating high-quality generative models for natural images, highlighting the shortcomings of contemporary methods like Variational Autoencoders (VAEs) and PixelCNNs. The authors effectively communicate their motivation and the innovative aspects of their contribution. However, the introduction could benefit from a deeper dive into the current landscape of generative modeling techniques and the ongoing issues that researchers face.

**Strengths**: Provides a clear and succinct explanation of the problem and the authors' contributions.

**Weaknesses**: Could delve further into the state-of-the-art in generative modeling and the remaining challenges.

**Suggestions for Improvement**: Offer a richer context of current research trends and unmet challenges.

**RELATED WORK**

The related work section gives an excellent summary of pertinent literature in generative modeling, covering VAEs, PixelCNNs, and Generative Adversarial Networks (GANs). The authors articulate the pros and cons of each technique and explain how their approach enhances existing methods. However, this section could include more specifics about individual contributions and how they connect to the authors' innovations.

**Strengths**: Offers a comprehensive review of the relevant literature.

**Weaknesses**: Requires more detail regarding the specific advancements and connections to the authors' work.

**Suggestions for Improvement**: Include detailed insights into the unique contributions of each method and their relevance to the authors' work.

**PIXELVAE MODEL**

The model section provides a clear and succinct description of the PixelVAE architecture and its training objectives. The authors effectively justify their design choices and highlight the advantages of their approach. Yet, this section might benefit from additional details on the individual components and their interactions.

**Strengths**: Provides a straightforward and clear account of the PixelVAE model.

**Weaknesses**: Needs more information on the specific parts of the model and how they work together.

**Suggestions for Improvement**: Offer a more detailed breakdown of the model's components and their interplay.

**EXPERIMENTS**

The experiments section presents a thorough analysis of the results from the authors' tests, detailing the PixelVAE model’s performance across various datasets. The authors provide a clear presentation of these findings.
",1,AI,0.7940850257873535,0.9978832602500916,0.7707562893629074,1.1610110998153689,LABEL_0,0
"

The paper introduces a new technique for modeling latent spaces in supervised learning, with a focus on enhancing generalization performance through semantic noise modeling. The authors propose a method that randomly alters the latent representations of training data by adding semantic noise, aiming to boost neural network performance.

### Strengths

1. **Novel Approach**: The paper presents a unique idea by integrating semantic noise into the training process. This innovative technique is likely to make significant contributions to the field of representation learning by improving generalization through strategic noise application.

2. **Theoretical Justification**: The authors provide a strong theoretical basis for their approach, grounded in information theory. They define what constitutes a ""good"" latent representation and use mutual information to guide the learning process, which aligns with established research.

3. **Framework Extension**: By building upon the joint learning framework—a well-established method in machine learning—the authors have developed a robust and versatile tool for improving model performance across various tasks.

4. **Empirical Validation**: Experiments conducted on popular datasets like MNIST and CIFAR-10 demonstrate the method’s efficacy. These results showcase improved classification accuracy, validating the authors' claims.

### Weaknesses

1. **Clarity and Structure**: While the core concepts are clear, the paper might benefit from better organization and clearer explanations. Complex sections could be simplified, and more intuitive descriptions of key methodologies could help readers grasp the material more easily.

2. **Insufficient Experimental Detail**: Although there are results, the lack of detailed analysis—such as ablation studies—limits our understanding of the method's components and their specific roles. Providing more insight into how different aspects affect performance would be helpful.

3. **Comparative Analysis**: The paper could be strengthened by comparing its findings against a broader range of existing methods. A more comprehensive evaluation would give us a clearer sense of where this technique stands relative to others, especially in terms of computational efficiency and training speed.

4. **Broad Applicability**: Currently, the study primarily addresses image classification tasks. Discussing or demonstrating how the method can be applied to other domains, like natural language processing or time series analysis, would expand its utility and impact.

",1,AI,0.8518894910812378,0.9917545318603516,0.984402963425964,1.4008783102035522,LABEL_0,0
"---

**Introduction**
The introduction lays out the key objectives and motivations behind the paper. It sets the stage for the rest of the document by emphasizing the importance of developing a program for physical reasoning in agents and discussing the hurdles involved. Relevant references are included to contextualize the study.

**Strengths:** Clear introduction, relevant references  
**Weaknesses:** None  
**Suggestions for improvement:** None

**Hybrid Design**
This section offers a comprehensive review of various approaches to building a physical reasoning program. The authors effectively outline the pros and cons of each method, thereby justifying their chosen hybrid strategy clearly.

**Strengths:** Clear overview of different approaches, effective justification for hybrid approach  
**Weaknesses:** None  
**Suggestions for improvement:** None

**A Step Towards Emulating a General-Purpose Physics Engine**
This part explains the team’s objectives and reasons for pursuing these goals. While well-explained, it could benefit from more details about how their approach diverges from past efforts and the specific challenges they aim to tackle.

**Strengths:** Clear explanation of goals and motivations  
**Weaknesses:** Lack of detail on how the authors’ approach differs from previous work  
**Suggestions for improvement:** Provide more detail on how the authors' approach diverges from previous work and what specific challenges they are addressing.

**Approach**
This section delves into the Neural Physics Engine (NPE), detailing its various components and how they come together to create a neural network-based physics simulator.

**Strengths:** Detailed description of the NPE and its components  
**Weaknesses:** None  
**Suggestions for improvement:** None

**Experiments**
The experimental section outlines the tests conducted to evaluate the NPE and presents the results clearly and comprehensively.

**Strengths:** Clear description of experiments, effective presentation of results  
**Weaknesses:** None  
**Suggestions for improvement:** None

**Conclusion**
The conclusion summarizes the main contributions of the paper and sets out directions for future research. The authors effectively highlight the strengths of their approach and offer a clear roadmap for advancing the field.

**Strengths:** Clear summary of main contributions, effective direction for future research  
**Weaknesses:** None  
**Suggestions for improvement:** None

**Overall**
The paper offers a clear and thorough examination of the topic, backed by solid evidence and a strong theoretical foundation.

---
",1,AI,0.7074140906333923,0.9996083378791808,0.7692460715770721,1.125484585762024,LABEL_0,0
"**Title: Training Shallow Nets to Mimic Deep Convolutional Nets**

**Review:**

**Strengths:**

1. **Clarity of Goal:** The paper clearly defines its aim to assess whether shallow nets can match the performance of deep ones when mimicking their structure, with a specific focus on the CIFAR-10 dataset. This is a pertinent and engaging question in the realm of neural network research.

2. **In-depth Background:** The introduction offers a comprehensive overview of the subject matter, drawing on foundational works in the field. This grounding provides context and underscores the significance of the study’s objectives.

3. **Methodological Rigor:** The authors demonstrate strong methodological rigor by employing Bayesian optimization to explore architectural and hyperparameter spaces. This approach ensures that shallow models are trained efficiently.

4. **Comprehensive Methodology:** The paper meticulously details the experimental methodology, including model compression, distillation, and mimic learning through L2 regression on logits. This level of detail facilitates replication and deep understanding of the study design.

5. **Honesty About Limitations:** The paper candidly presents findings where shallow models fall short of matching deep ones on CIFAR-10. This honesty is crucial for maintaining integrity in the research community.

**Weaknesses:**

1. **Lack of Innovation:** Although revisiting a significant question, the study doesn’t offer groundbreaking new techniques or insights beyond those introduced by Ba and Caruana (2014). Essentially, it confirms existing knowledge without significantly advancing the field.

2. **Limited Scope:** The focus remains narrow on CIFAR-10, a standard benchmark but one that might not adequately represent the complexities encountered in other domains or datasets. Broader testing across diverse data sets would provide a more robust assessment.

3. **Insufficient Result Analysis:** The paper could benefit from a more in-depth exploration of why shallow nets underperform deep nets. While acknowledging the importance of depth and convolution, a deeper dive into these factors would strengthen the paper’s contributions.

4. **Omission on Computational Efficiency:** Despite noting the use of a linear bottleneck to speed up training, the discussion lacks a thorough examination of how this affects computational efficiency compared to deep models. Addressing this aspect would provide a more balanced view of the advantages and disadvantages of both approaches.",1,AI,0.6296709179878235,0.9903805255889891,0.8371109664440155,1.5504010915756226,LABEL_0,0
"This paper presents a modified gated RNN caled GRU-D that deals with time series which display a lot of missing values in their input. They work on two fronts. The first deals with the missing inputs directly by using a learned convex combination of the previous available value (forward imputation) and the mean value (mean imputation). The second includes dampening the recurrent layer not unlike a second reset gate, but parametrized according to the time elapsed since the last available value of each attributes.

Positives
------------
- Clear definition of the task (handling missing values for classification of time series)
- Many interesting baselines to test the new model against.
- The model presented deals with the missing values in a novel, ML-type way (learn new dampening parameters).
- The extensive tests done on the datasets is probably the greatest asset of this paper.

Negatives
-------------
- The paper could use some double checking for typos.
- The Section A.2.3 really belongs in the main article as it deals with important related works. Swap it with the imprecise diagrams of the model if you need space.
- No mention of any methods from the statistics litterature.

Here are the two main points of this review that informs my decision:

1. The results, while promising, are below expectations. The paper hasn’t been able to convince me that GRU-simple (without intervals) isn’t just as well-suited for the task of handling missing inputs as GRU-D. In the main paper, GRU-simple is presented as the main baseline. Yet, it includes a lot of extraneous parameters (the intervals) that, according to Table 5, probably hurts the model more than it helps it. Having a third of it’s parameters being of dubious value, it brings the question of the fairness of the comparison done in the main paper, especially since in the one table where GRU-simple (without intervals) is present, GRU-D doesn’t significantly outperforms it.

2. My second concern, and biggest, is with some claims that are peppered through the paper. The first is about the relationship with the presence rate of data in the dataset and the diagnostics. I might be wrong, but that only indicates that the doctor in charge of that patient requested the relevant analyses be done according to the patient’s condition. That would mean that an expert system based on this data would always seem to be one step behind. 
The second claim is the last sentence of the introduction, which sets huge expectations that were not met by the paper. Another is that “simply concatenating masking and time interval vectors fails to exploit the temporal structure of missing values” is unsubstantiated and actually disproven later in the paper. 
Yet another is the conclusion that since GRU models displayed the best improvement between a subsample of the dataset and the whole of it means that the improvement is going to continue to grow as more data is added. This fails to consider that non-GRU models actually started with much better results than most GRU ones. 
Lastly is their claim to capture informative missingness by incorporating masking and time intervals directly inside the GRU architecture. While the authors did make these changes, the fact that they also concatenate the mask to the input, just like GRU-simple (without intervals), leads me to question the actual improvement made by GRU-D. 

Given that, while I find that the work that has been put into the paper is above average, I wouldn’t accept that paper without a reframing of the findings and a better focus on the real contribution of this paper, which I believe is the novel way to parametrize the choice of imputation method.",0,Human,0.2149124145507812,0.000277817249298,0.8664040863513947,1.7837976217269895,LABEL_1,1
"Game of tic-tac-toe is considered. 1029 tic-tac-toe board combinations are chosen so that a single move will result into victory of either the black or the white player. There are 18 possible moves - 2 players x 9 locations. A CNN is trained from a visual rendering of the game board to these 18 possible outputs. CAM technique is used to visualize the salient regions in the inputs responsible for the prediction that CNN makes. Authors find that predictions correspond to the winning board locations. 

Authors claim that this:
1. is a very interesting finding. 
2. CNN has figured out game rules. 
3. Cross modal supervision is applicable to higher-level semantics. 

I don't think (2) be can be claimed because the knowledge of game rules is not tested by any experiment. There is only ""one"" stage of a game - i.e. last move that is considered. Further, the results are on the training set itself - the bare minimum requirement of any implicit or explicit representation of game rules is the ability to act in previously unseen states (i.e. generalization). Even if the CNN did generalize, I would avoid making any claims about knowledge of game rules. 

For (3), author's definition of cross-modal seems to be training from images to games moves. In image-classification we go from images --> labels (i.e. between two different domains). We already know CNNs can perform such mappings. CNNs have been used to map images to actions such as in DQN my Mnih et al., or DDPG by Lillicrap et al. and a lot of other classical work such as ALVIN. It's unclear what points authors are trying to make. 

For (1): how interesting is an implicit attention mechanism is a subjective matter. The authors claim a difference between the concepts of ""what do do"" and ""what will happen"". They claim by supervising for ""what will happen"", the CNN can automatically learn about ""what to do"". This is extensively studied in the model predictive control literature. Where model is ""what will happen next"", and the model is used to infer a control law - ""what to do"". However, in the experimental setup presented in the paper what will happen and what to do seem to be the exact same things. 

For further analysis of what the CNN has learnt I would recommend:
(a) Visualizing CAM with respect to incorrect classes. For eg, visualize the CAM with respect to player would lose (instead of winning).

(b) Split the data into train/val and use the predictions on the val-set for visualization. These would be much more informative about what kind of ""generalizable"" features the CNN pays attention to. 

In summary, understanding why CNN's make what decisions they make is a very interesting area of research. While the emergence of an implicit attention mechanism may be considered to be an interesting finding by some, many claims made by the authors are not supported by experiments (see comments above). 


 



",0,Human,0.0766817927360534,0.0294973254203796,0.9523751102387904,1.9173296689987185,LABEL_1,1
"**Title: Rare Entity Prediction in Reading Comprehension Tasks**

**Review:**

**Strengths:**

- **Originality and Relevance:** The paper introduces a unique challenge in reading comprehension tasks—rare entity prediction—which fills a critical gap. This task pushes models to merge structured data with unstructured text, an essential skill for advanced Natural Language Processing systems.

- **Enhanced Dataset:** The authors have developed an upgraded version of the Wikilinks dataset, incorporating entity descriptions from Freebase. This new dataset is a significant asset for researchers aiming to integrate external knowledge into reading comprehension tasks.

- **Innovative Model:** The hierarchical double encoder model (HIERENC), introduced by the authors, stands out. Its superior performance over baseline language models, especially when using external knowledge, underscores its potential.

- **Comprehensive Review:** The paper offers a detailed examination of related work, situating rare entity prediction within the broader landscape of entity prediction, script learning, and reading comprehension. This contextualization highlights the significance of the task being proposed.

- **Impressive Results:** Empirical findings show a substantial improvement, with a 17% boost in accuracy compared to baseline models. These results underscore the value of incorporating external knowledge for the task.

**Weaknesses:**

- **Clarity and Structure:** The structure of the paper is somewhat dense and lacks smooth transitions between sections, making it challenging for readers to grasp the main arguments and contributions.

- **Baseline Comparison:** While the HIERENC model excels, comparing it against more advanced baselines like transformer models or state-of-the-art reading comprehension systems would provide a more robust assessment of its strengths.

- **Evaluation Metrics:** The focus on accuracy alone is somewhat limiting. Including metrics such as precision, recall, and F1-score would offer a more holistic view of the models' performance.

- **Dataset Details:** More information about the enhanced Wikilinks dataset would be beneficial. Statistics on the number of entities, entity types, and example questions would help readers better understand the dataset.

- **Limitations Discussion:** The paper does not discuss potential limitations of the approach and dataset. A discussion on areas where the model might struggle, such as the reliance on Freebase descriptions, would add depth to the analysis.",1,AI,0.6684420108795166,0.9806777834892272,0.7459765672683716,1.4950462579727173,LABEL_0,0
"---

The paper introduces a novel model called Submodular Sum-Product Networks (SSPNs), which cleverly blends the expressive capabilities of Sum-Product Networks (SPNs) with the manageable segmentation properties offered by submodular energies. The authors have developed an efficient approximate inference algorithm, INFERSSPN, designed to compute the Maximum A Posteriori (MAP) state of the SSPN. This algorithm is an iterative, move-making style method that guarantees convergence to a local minimum of the energy.

**Strengths:**

1. **Novel Model:** The SSPN model is both novel and intriguing, leveraging the strengths of SPNs and submodular energies.
2. **Clarity:** The authors offer a clear and succinct description of their model and its properties.
3. **Efficient Algorithm:** The proposed INFERSSPN algorithm is efficient and guarantees convergence to a local minimum.

**Weaknesses:**

1. **Assumptions:** The paper assumes a strong foundation in probabilistic graphical models and SPNs, which might be unfamiliar to some readers.
2. **Comparison:** There’s no direct comparison with state-of-the-art models for scene understanding, making it challenging to assess SSPNs’ performance.
3. **Algorithm Explanation:** While the paper explains how submodularity aids in improving the inference algorithm, it lacks detail about the computational complexity and specific improvements over existing methods.

**Suggestions for Improvement:**

1. **Introduction:** For those less familiar with SPNs and submodular energies, a more comprehensive introduction would be beneficial.
2. **Benchmarking:** Comparisons with leading models like hierarchical random fields and neural parsing methods could provide clearer insights into SSPNs' performance.
3. **Detailed Analysis:** A thorough breakdown of how submodularity enhances the inference algorithm, including computational aspects, would deepen the reader’s understanding.
4. **Experimental Results:** More empirical evidence across various datasets and tasks can validate SSPNs' effectiveness.
5. **Limitations & Future Work:** A deeper dive into potential limitations and future research directions could enrich the paper.

In summary, the paper presents a promising and innovative model that harmonizes SPNs and submodular energies. However, enhancing the paper with a broader introduction, benchmark comparisons, detailed explanations, and robust experimental evaluations would significantly strengthen its impact.

---

2.5/5.0.

---
",1,AI,0.8874310851097107,0.9988226294517516,0.8795844875276089,1.4204663038253784,LABEL_0,0
"

**INTRODUCTION**
The introduction offers a clear overview of how the primate retina samples space and poses the intriguing question of why this design exists. It succinctly explains the prevailing hypothesis about this eccentricity-dependent sampling pattern but highlights the absence of a quantitative proof of its optimality. This sets the foundation for the paper’s central contribution, which investigates the optimal retinal sampling lattice tailored for a straightforward visual search task by an attentional system.

**Strengths:** The introduction is lucid and provides a solid framework for the problem at hand and the researchers' approach.
  
**Weaknesses:** A deeper dive into the specific visual search task and the nature of the attentional system would enhance the reader’s understanding.

**Suggestions for Improvement:** Include a brief description of the visual search task and the attentional system to give readers a clearer context.

**RETINAL TILING IN NEURAL NETWORKS WITH ATTENTION**
The authors propose a learnable retinal sampling lattice to examine ideal properties for the visual search task. Instead of assuming a rectangular grid for kernel filters, they permit these filters to independently tile the image.

**Strengths:** This approach is novel and opens avenues for exploring various retinal sampling patterns.
  
**Weaknesses:** More details on how the kernels are learned and how control variables influence kernel positioning and scaling would add depth.

**Suggestions for Improvement:** Explain the learning process in more detail and elaborate on the role of control variables.

**RESULTS**
The authors detail their findings, showcasing the learned retinal sampling lattice and its characteristics.

**Strengths:** The results are clearly presented, including the lattice and its properties.
  
**Weaknesses:** Additional visual aids to better illustrate the lattice’s properties would be beneficial.

**Suggestions for Improvement:** Incorporate more visualizations and detailed descriptions to elucidate the lattice’s features.

**DISCUSSION**
The authors delve into their results and offer insights into the conditions and constraints under which an eccentricity-dependent sampling lattice emerges.

**Strengths:** The discussion is thorough and provides valuable insights into the task and its constraints.
  
**Weaknesses:** A more extensive analysis and interpretation of the results would enrich the paper.

**Suggestions for Improvement:** Conduct a more in-depth analysis and discussion to fully grasp the learned retinal sampling lattice.

",1,AI,0.8212893009185791,0.9858885407447816,0.7065020352602005,1.4276788234710691,LABEL_0,0
"---

**INTRODUCTION**

The introduction lays out the key limitations of traditional word-based neural language models, especially in morphologically rich languages. It highlights the struggles with rare words, word segmentation, and the inefficiency of current methods to create subword units. This sets the foundation for the proposed solution—a word-based model designed for open vocabularies.

**Strengths**: The introduction is clear and succinct, effectively articulating the shortcomings of traditional word models in morphologically complex languages.

**Weaknesses**: The introduction could be enhanced with more detailed examples or case studies illustrating these limitations, particularly in morphologically rich languages.

**Suggestions for Improvement**: Include specific examples or case studies to better demonstrate the challenges faced by traditional word models in complex linguistic contexts.

**MODEL DESCRIPTION**

The model description offers a thorough overview of the proposed architecture, detailing character-level word embeddings, convolutional layers, and output weights. It explains how three distinct input layers generate word representations: word-level embeddings alone, character n-gram convolutions followed by pooling, and a combination of both types of embeddings.

**Strengths**: The model description is clear and comprehensive, providing a solid foundation for the proposed architecture.

**Weaknesses**: More visual aids, like diagrams or flowcharts, would be beneficial to better illustrate the architecture, especially for the convolutional layer and output weights.

**Suggestions for Improvement**: Add visual aids to better depict the architecture, particularly focusing on the convolutional layer and output weights.

**OBJECTIVE FUNCTION FOR OPEN VOCABULARY MODELS**

The objective function for open vocabulary models is explained, with a focus on using Noise Contrastive Estimation (NCE) for training. The authors highlight the challenges of training such models, particularly defining a finite vocabulary. 

**Strengths**: The objective function is clearly outlined, and the challenges faced by open vocabulary models are presented clearly.

**Weaknesses**: The explanation could benefit from more mathematical notation and equations to clarify the NCE criterion, particularly for the calculation of posterior probabilities.

**Suggestions for Improvement**: Incorporate more mathematical notation and equations to illustrate the NCE criterion, especially when explaining posterior probabilities.

**EXPERIMENTAL SETUP**

The experimental setup details a large-scale translation task conducted in a reranking methodology. A clear summary of the experimental results, including the performance of the proposed model, is provided.

**Strengths**: The experimental setup is clear and well-defined.

**Weaknesses**: More information",1,AI,0.6621476411819458,0.9986432194709778,0.7340790033340454,1.1706264019012451,LABEL_0,0
"---

The paper delves into an intriguing exploration of universality within optimization algorithms, examining how different methods behave over iterations across various problem types. The authors focus on the halting time of iterative methods and explore the phenomenon in the context of random fields, especially in non-convex optimization landscapes. They draw parallels with spin glasses, deep learning, and even human decision times.

### Strengths

1. **Novelty and Broad Scope**: This paper tackles a new and wide-ranging topic by looking at the concept of universality in optimization algorithms. It bridges diverse fields like statistical mechanics, deep learning, and human behavior, which is both ambitious and innovative.

2. **Interdisciplinary Insight**: By comparing optimization issues in spin glasses, deep learning, and human decision-making, the paper offers a unique interdisciplinary approach that can spark further research across these areas.

3. **Clarity and Definition**: The paper provides a clear definition of universality within optimization algorithms and explains its importance in non-convex landscapes. The explanation of halting time is well-articulated and makes complex ideas accessible.

4. **Concrete Examples**: Specific examples, such as the QR algorithm and its universality across different ensembles, serve to concretize abstract concepts and offer practical demonstrations of the theory.

### Weaknesses

1. **Lack of Evidence**: While the paper discusses theoretical aspects of universality, it falls short of empirical validation through experiments or simulations. Without concrete data, the claims about universality in various algorithms may lack credibility.

2. **Limited Exploration of Limitations**: The paper briefly touches upon a degenerate case where universality fails but doesn’t delve deeply into what conditions might cause it to falter. A more thorough discussion of these limitations would provide a balanced view.

3. **Complexity and Accessibility**: The paper assumes a high degree of expertise with advanced mathematical concepts and optimization techniques, which limits its reach. Simplifying explanations or offering more background could make it more widely appealing.

4. **Insufficient Details on Real-World Applications**: The examples of human decision times and Google query times are interesting but need more fleshing out. Readers would benefit from a deeper dive into how these examples were studied and the results obtained.

### Suggestions for Improvement

1. **Incorporate Empirical Data**: To bolster the claims of universality, the paper should include empirical results from experiments or simulations. This would lend more weight to the theoretical arguments presented.

2.",1,AI,0.7966005206108093,0.9748448133468628,0.9802469350397588,1.3850637674331665,LABEL_0,0
"**Review of the Paper:**

**Title:** Modifications to PixelCNN for Improved Performance

**Strengths:**

1. **Innovative Enhancements:** The paper introduces several novel modifications to the original PixelCNN model, which are backed by strong justifications and tackle key limitations of the initial architecture. One standout improvement involves the use of a discretized logistic mixture likelihood, addressing inefficiencies and sparsity issues inherent in the 256-way softmax.

2. **Clear Documentation:** The authors provide a thorough explanation of their modifications, complete with mathematical formulations and rationale for each adjustment. This clarity makes the proposed enhancements easy to grasp and implement.

3. **Open Source Code:** By releasing the code on GitHub, the authors contribute significantly to the field, enabling others to easily reproduce and extend their work. This openness fosters transparency and encourages further exploration.

4. **Strong Empirical Evidence:** The paper showcases empirical results that validate the effectiveness of these modifications, specifically highlighting improvements in log-likelihood scores and accelerated training times.

**Weaknesses:**

1. **Insufficient Experimental Details:** Despite mentioning state-of-the-art performance gains, the paper lacks extensive experimental data and comparative analyses with other models. More detailed testing, including ablation studies and comparisons across various state-of-the-art techniques, would bolster the study's claims.

2. **Lack of Visual Analysis:** While the paper indicates improvements in perceptual quality, it fails to offer a comprehensive qualitative assessment. Adding visual examples, such as generated images, would provide clearer evidence of enhanced quality.

3. **Assumptions and Limitations:** The paper does not delve deeply into the assumptions and potential constraints of the proposed modifications. Discussing how these adjustments perform across different datasets and scaling up to larger images would provide a more robust evaluation.

4. **Complexity in Some Sections:** Certain sections, particularly those involving mathematical concepts, could benefit from additional clarity or visual aids. For example, explaining the mixture model and its implementation with diagrams or step-by-step examples could enhance comprehension.

**Suggestions for Improvement:**

1. **Enhance Experimental Section:** Incorporate more detailed experimental results, including comparisons with alternative generative models, ablation studies to isolate the effects of each modification, and evaluations on diverse datasets to showcase the method's versatility.

2. **Provide Visual Examples:** Offer visual illustrations to support the claim of perceptual quality improvements, thereby making the enhancements more tangible and convincing.",1,AI,0.7680639624595642,0.9943112134933472,0.9354616217315196,1.4733437299728394,LABEL_0,0
"
**INTRODUCTION**

This paper presents an enhanced version of the PixelCNN model, a technique used to generate images with a manageable probability distribution. The authors assert that their improvements have boosted the original model’s performance, yet the introduction doesn’t offer a comprehensive overview of the original PixelCNN or highlight its shortcomings. Additionally, the reasons behind their modifications aren't clearly articulated, making it challenging to grasp the importance of their contributions.

**Strengths**

- The paper offers a thorough explanation of the changes introduced into the PixelCNN model, which is valuable for those already acquainted with this method. Furthermore, the authors present experimental evidence showing the benefits of their alterations.

**Weaknesses**

- The introduction fails to provide a clear summary of the original PixelCNN model and its known issues. The motivations for the modifications aren’t well-explained, making it hard to appreciate their significance. There’s also no direct comparison with other top-tier models, making it difficult to assess the modified PixelCNN’s performance accurately.

**Suggestions for Improvement**

- The authors should include a clear introduction that outlines the original PixelCNN model and its drawbacks. They need to articulate clearly why their modifications are essential and how they enhance the model. Lastly, providing a fair comparison with other leading models will help in evaluating the modified PixelCNN’s effectiveness.

**MODIFICATIONS TO PIXELCNN**

The authors outline various enhancements to the PixelCNN model, such as using a discretized logistic mixture likelihood, pixel-level conditioning, and downsampling over dilated convolutions. They claim these modifications bolster the original model’s performance, but the descriptions are somewhat vague and lack detailed mathematical explanations.

**Strengths**

- Detailed descriptions of the modifications are provided, beneficial for experts familiar with the PixelCNN. The authors also share experimental data supporting the efficacy of their changes.

**Weaknesses**

- The modifications aren’t described clearly enough, especially without mathematical underpinnings. Moreover, there’s no clear justification for these adjustments and how they affect the model’s performance.

**Suggestions for Improvement**

- The authors should provide clear, detailed accounts of the modifications, including relevant mathematical details. They must clarify why these modifications are necessary and how they improve the PixelCNN model.

**EXPERIMENTS**

The paper includes experimental outcomes that substantiate the advantages of the modified PixelCNN model.

",1,AI,0.9146785140037536,0.9932938814163208,0.971277822740376,1.1469446420669556,LABEL_0,0
"**Review of the Paper**

**Title:** Unsupervised Discovery of Word-like Units from Continuous Speech Using Multimodal Learning

**Strengths:**

1. **Innovative Approach:** The paper introduces a groundbreaking technique for uncovering word-like units from speech without needing text transcriptions. This is a major leap forward in the realm of unsupervised speech processing, addressing the issues faced by traditional ASR systems that rely heavily on labeled data.

2. **Multimodal Learning:** By integrating visual information, the authors propose a method that mimics how humans learn language, connecting words with visual cues. This creative approach significantly improves the detection of linguistic units.

3. **Scalability:** The algorithm runs efficiently, completing tasks in linear time (O(n)), making it much faster than previous methods with quadratic complexity (O(n^2)). The paper demonstrates this scalability using a massive dataset of 522 hours of audio, highlighting its potential for practical applications.

4. **Comprehensive Evaluation:** Through rigorous testing on the Places205 dataset, the paper provides a robust framework for assessing the method. By employing a proxy ASR system for comparison, the authors add credibility to their findings.

5. **Detailed Methodology:** The paper offers extensive insight into the neural network architecture utilized for multimodal embeddings, detailing the convolutional layers and pooling techniques. This level of detail facilitates replication and further research.

**Weaknesses:**

1. **Language Limitations:** While the evaluation was conducted on English, the paper asserts that its method can be applied to any language. However, this claim has not been substantiated empirically, particularly for less commonly written languages.

2. **Visual Data Dependency:** The incorporation of visual data is innovative but may not be universally applicable. There might be instances where obtaining corresponding images for all spoken content isn't feasible, especially in real-world settings.

3. **Proxy Transcripts Issue:** The use of Google's Speech Recognition API for generating proxy transcripts introduces a potential bias. The paper should address how these transcripts might influence the results and analysis.

4. **Further Explanation Needed:** While the paper touches on the objective function and training procedures, a more detailed explanation would enhance the clarity and depth of the research.",1,AI,0.5462545156478882,0.9939403533935548,0.7934974059462547,1.4890305995941162,LABEL_0,0
"**Review of the Paper**

**Title:** The paper focuses on developing a Graph Convolutional Recurrent Network (GCRN) for modeling and predicting time-varying graph-based data.

**Strengths:**

1. **Relevance and Innovation:** The research tackles a pertinent challenge in machine learning—specifically, handling spatiotemporal sequences on graphs. By blending the strengths of Convolutional Neural Networks (CNNs) and Recurrent Neural Networks (RNNs), the paper presents a novel approach that is less explored when applied to regular grid-based data.

2. **In-depth Background:** The introduction and preliminary sections offer a comprehensive overview of current methods used for spatiotemporal sequence modeling, including CNNs, RNNs, Long Short-Term Memory (LSTMs), and graph-based CNNs. These foundational details provide a strong base for understanding the proposed GCRN model.

3. **Interdisciplinary Integration:** The paper successfully merges concepts from various fields (such as language modeling, graph theory, and neural networks) to create a cohesive framework for structured sequence modeling on graphs. This interdisciplinary approach is noteworthy.

4. **Technical Detail:** The authors delve deeply into the technical aspects of LSTMs and graph CNNs, offering detailed equations and explanations that showcase their expertise. This level of detail is crucial for those interested in the inner workings of the proposed GCRN model.

**Weaknesses:**

1. **Absence of Experiments:** The paper lacks experimental results or evaluations of the proposed GCRN model. Empirical validation is vital to substantiate the model's effectiveness and practical utility.

2. **Clarity and Structure:** Despite its technical depth, the paper could benefit from better organization and clarity. For example, the transition from the introduction to the preliminaries seems abrupt, and there’s no clear outline of the GCRN model's architecture and components.

3. **Missing Visual Aids:** While the paper mentions a ""Figure 1"" that presumably shows the GCRN architecture, this figure is absent. Visual aids are essential for comprehending complex models, so they should be included.

4. **Insufficient Discussion on Limitations:** The paper doesn’t address the potential limitations or challenges associated with the GCRN model, such as computational complexity, scalability issues, or its applicability to different types of graph data.

5. **Incomplete References:** The paper cites several works but misses out on citing some key contributions, potentially overlooking important references that could enrich the discussion",1,AI,0.8471642136573792,0.9983024597167968,0.8896826021373272,1.2171233892440796,LABEL_0,0
"Our proposed method uses a Stochastic Riemannian Optimization (SRO) algorithm tailored for tensors in Tucker (TT) format. This SRO algorithm is designed to optimize an objective function \(L(W)\) while adhering to a tensor-train rank constraint.

In our experiments, we found that the SRO algorithm performs better than the Stochastic Gradient Descent (SGD) algorithm. It's not only more efficient but also more robust to changes in the regularization parameter \(\lambda\).

The SRO algorithm offers greater flexibility and scalability compared to SGD. It can handle a wider range of objective functions and large-scale problems more effectively. Additionally, the SRO algorithm provides higher accuracy and efficiency in optimizing the objective function.

When comparing these two methods, the SRO algorithm outperforms SGD in terms of speed, stability, and adaptability. It can optimize any objective function under the TT-rank constraint, making it more versatile. Furthermore, the SRO algorithm scales well with larger datasets, enhancing its practicality for real-world applications.

In summary, the SRO algorithm demonstrates superior performance across multiple aspects, including efficiency, robustness, flexibility, and scalability, making it a superior choice for optimization tasks involving tensors in Tucker format.",1,AI,0.8866402506828308,0.99947327375412,0.9669395443052052,1.2193843126296997,LABEL_0,0
"### Review of the Paper

#### Strengths

- **Relevance and Timeliness**: The paper tackles an important yet often neglected area in deep reinforcement learning (RL): computational efficiency. By concentrating on the challenges and optimizations of deep RL, it offers a more practical perspective on how to apply these algorithms effectively in real-world settings.

- **Thorough Background**: The introduction and related work sections offer a comprehensive look at the evolution of deep RL, spanning from foundational concepts to the most recent advancements. This background helps readers understand why the computational issues are significant and how they fit into the broader context of RL research.

- **In-depth Analysis**: The paper dives deep into the specifics of the Asynchronous Advantage Actor-Critic (A3C) algorithm, balancing theoretical foundations with practical implementation details. This dual approach is valuable for those interested in both the nuts and bolts of the algorithm and the broader system architecture.

- **Valuable Empirical Evidence**: Implementing both CPU and GPU versions of A3C using TensorFlow and analyzing their performance provides useful insights into the trade-offs between different computational strategies. The reported speedups—ranging from up to 6 times for small DNNs to 45 times for larger ones—are noteworthy and highlight the potential of the proposed optimizations.

- **Practical Contribution**: By recommending a hybrid CPU/GPU implementation (GA3C), the paper offers practical advice for researchers and developers looking to enhance the efficiency of their deep RL systems.

#### Weaknesses

- **Lack of Algorithmic Innovation**: Despite its technical depth, the paper doesn't introduce any new algorithmic innovations. Instead, it focuses on refining existing methods and providing more efficient implementations.

- **Narrow Scope of Testing**: The empirical evaluation primarily looks at performance in the Atari 2600 environment, which is standard but may not fully capture the broader applicability of the proposed optimizations. More diverse testing across different environments or tasks could strengthen the argument for the general utility of the optimizations.

- **Insufficient Detail in Results**: The paper mentions significant speedups but lacks a detailed explanation of how these improvements are achieved. A more granular breakdown of factors like data transfer optimizations and parallelism strategies would help readers better understand the underlying mechanisms.

- **Incomplete Implementation Discussion**: While the paper discusses the implementation, it doesn’t provide extensive details on how specific optimizations were applied or why certain choices were made. This could be informative for readers interested in replicating or extending the work.",1,AI,0.6120604276657104,0.9984812140464784,0.9075000323355198,1.4125401973724363,LABEL_0,0
"
**INTRODUCTION**
The introduction offers a solid overview of current generative models and the hurdles they encounter when trying to model complex distributions. The authors give a compelling reason for their proposed method—using multiple imperfect models to boost their collective performance. The writing is clear and easy to follow.

Strengths: The introduction clearly outlines the motivation behind the proposed technique and sets up the rest of the paper nicely.

Weaknesses: It could benefit from more context on the current state of generative models and the challenges they face.

Suggestions for Improvement: Adding more detail about the landscape of current generative models and the specific difficulties they encounter would help readers understand the necessity of the proposed technique better.

**BOOSTING GENERATIVE MODELS**
This section explains the proposed method thoroughly, rooted in the concept of combining various imperfect generative models to enhance their performance. The authors break down the boosting algorithm and its application to generative models with clarity.

Strengths: It provides a clear explanation of the proposed technique and how it applies to generative models.

Weaknesses: To strengthen this section, more foundational details about the boosting algorithm and its connections to other machine learning methods could be added.

Suggestions for Improvement: Elaborating on the theoretical underpinnings of the boosting algorithm and its relationships with other machine learning techniques could provide a stronger foundation.

**EXPERIMENTS**
The experiments section evaluates the proposed method across several common tasks involving generative models. Details about the experimental setup and results are provided.

Strengths: It gives a clear assessment of the proposed technique through various generative model scenarios.

Weaknesses: More specifics about the experimental setup and results would enhance this section, along with more practical examples demonstrating the technique’s utility.

Suggestions for Improvement: Providing more detailed information on the experimental setup and outcomes, as well as showcasing the technique’s applications with additional case studies, would be beneficial.

**CONCLUSION**
The conclusion summarizes the proposed technique and its potential applications. However, it could offer more insights into these applications and include concrete examples.

Suggestions for Improvement: Delving deeper into the potential applications and illustrating them with concrete examples could strengthen the conclusion.

-",1,AI,0.8107014298439026,0.956496238708496,0.7032352536916733,1.1818138360977173,LABEL_0,0
"### Review of the Paper

#### Strengths

1. **Relevance and Timeliness**: The paper tackles a critically important issue in deep learning—how to optimize DNN computations with specialized hardware. With the trend towards larger and more complex neural networks, this research is both timely and crucial.

2. **Thorough Exploration**: The authors delve into various precision settings for both fixed-point and floating-point representations, offering a comprehensive view of the trade-offs involved. This broad approach provides a deeper understanding of the topic.

3. **Practical Applications**: Their findings have significant practical implications for designing DNN infrastructure. For instance, they suggest that floating-point might outperform fixed-point in certain scenarios, which could guide future hardware development.

4. **Innovative Approach**: The paper introduces an effective method to efficiently explore the vast customization space for precision settings. By leveraging activations in the final layer, the technique is innovative and could become a useful tool for DNN designers.

5. **Robust Empirical Evidence**: The study validates its claims using large, state-of-the-art models like GoogLeNet and VGG. These empirical results strengthen the reliability of their conclusions.

#### Weaknesses

1. **Insufficient Methodology**: Although the paper presents a promising technique, it lacks detailed descriptions of how it works. It would be helpful if the authors could explain more about their accuracy prediction model using activations in the final layer.

2. **Lack of Limitation Discussion**: The paper doesn’t thoroughly address the potential drawbacks of its approach. For example, it could discuss how this method affects training time, energy usage, and hardware costs.

3. **Assumptions and Generalization**: The paper assumes that the findings from large-scale networks apply universally, but this might not always be the case. A more nuanced discussion on the scope and limitations of these generalizations would be beneficial.

4. **Improvement in Visuals**: The figures included in the paper are somewhat disjointed and could benefit from clearer integration into the text. Additionally, more explanation and reference to these visuals would help readers follow along more easily.

5. **Broader Literature Review**: The paper’s literature review is somewhat narrow, focusing mainly on key studies. Including a more extensive review of related work, especially recent advancements in precision optimization and hardware design, would provide a richer context.

#### Suggestions for Improvement

1. **Enhance Methodological Detail**: The authors should provide more detail on their methodology, explaining how the accuracy prediction model works and why it's effective.

2.",1,AI,0.7917959094047546,0.9993792772293092,0.9343339987099172,1.2886724472045898,LABEL_0,0
"*** Paper Summary ***

This paper applies adversarial and virtual adversarial training to LSTM for text classification. Since text inputs are discrete adversarial perturbation are applied to the (normalized) word embeddings. Extensive experiments are reported and demonstrate the advantage of these methods.

*** Review Summary ***

The paper reads well and has sufficent references. The application of adversarial training to text data is a simple but not trivial extension. The experimental section presents extensive experiments with comparison to alternative strategies. The proposed method is simple and effective and can be easily be applied after reading the paper.

*** Detailed Review ***

The paper reads well. I have only a few comments regarding experiments and link to prior resarch:

Experiments:

- In Table 2 (and for other datasets as well), could you include an SVM baseline? e.g. S Wang and C Manning 2012?
- As another baseline, did you consider dropping words, i.e. masking noise? It is generally better than dropout/gaussian noise for text application (e.g. denoising autoencoders)?
- I am not sure I understand why virtual adversarial is worse than the baseline in Table 5. If you tune epsilon, in the worse case you would get the same performance as the baseline? Was it that validation was unreliable?

Related Work:

I think it would be interesting to point at SVM, transductive SVM who achieve something similar to adversarial training. When maximizing the margin in a (transductive) SVM, it is equivalent to move the example toward the decision boundary, i.e. moving them in the direction of increase of the loss gradient.

Also it would be interesting to draw a parallel between adversarial training and contrastive divergence. The adversarial samples are very close in nature to the one step Markov Chain samples from CD. See Bengio 2009. Related to this technique are also approaches that try to explicitely cancel the Jacobian at data points, e.g. Rifai et al 2011.

*** References ***

Marginalized Denoising Autoencoders for Domain Adaptation. Minmin Chen, K Weinberger.
Stacked Denoising Autoencoders. Pascal Vincent. JMLR 2011.
Learning invariant features through local space contraction, Salah Rifai, Xavier Muller, Xavier Glorot, Gregoire Mesnil, Yoshua Bengio and Pascal Vincent, 2011.
Learning Deep Architectures for AI, Yoshua Bengio 2009
Large Scale Transductive SVMs. Ronan Collobert et al 2006
Optimization for Transductive SVM.  O Chapelle, V Sindhwani, SS Keerthi JMLR 2008",0,Human,0.0828624367713928,0.5346326231956482,0.7100058495998383,2.015841722488404,LABEL_1,0
"---

**INTRODUCTION**

The introduction sets the stage for our exploration of universality in optimization algorithms. We delve into the study of halting time—essentially, the duration it takes for an optimization algorithm to cease operations. This concept is pivotal for evaluating algorithm performance. Our discussion will encompass several algorithms, including conjugate gradient, gradient descent, and stochastic gradient descent.

### Strengths:
- Clear and concise overview of the paper’s central theme.
- Effective introduction of halting time and its significance.
- Comprehensive coverage of algorithms to be examined.

### Weaknesses:
- Limited explanation on the concept of universality and its relation to halting time.
- Insufficient background on the algorithms discussed, their practical uses, and potential limitations.

### Suggestions for Improvement:
- Provide a more detailed elucidation of universality and its connection to halting time.
- Offer deeper insights into the algorithms, highlighting their real-world applications and constraints.

---

**1.1 DEFINITION OF UNIVERSALITY**

Our definition of universality is straightforward yet powerful, serving as a solid base for subsequent sections. We define an algorithm as a duo comprising a randomly generated cost function and an optimization routine. Halting time is then defined as the time taken for the algorithm to terminate.

### Strengths:
- Clear and succinct definition of universality.
- Good foundational grounding for the remainder of the paper.

### Weaknesses:
- Could use a more thorough explanation of fluctuations and their impact on halting time.
- Needs more information about the algorithms under scrutiny, their purposes, and their drawbacks.

### Suggestions for Improvement:
- Elaborate on the concept of fluctuations and their relevance to halting time.
- Offer additional context about the algorithms, including their practical uses and limitations.

---",1,AI,0.7771315574645996,0.9920547008514404,0.9663529749959708,1.2285797595977783,LABEL_0,0
"This paper proposes a cascade of paired (left/right, up/down) 1D RNNs as a module in CNNs in order to quickly add global context information to features without the need for stacking many convolutional layers. Experimental results are presented on image classification and semantic segmentation tasks.

Pros:
- The paper is very clear and easy to read.
- Enough details are given that the paper can likely be reproduced with or without source code.
- Using 1D RNNs inside CNNs is a topic that deserves more experimental exploration than what exists in the literature.

Cons (elaborated on below):
(1) Contributions relative to, e.g. Bell et al., are minor.
(2) Disappointed in the actual use of the proposed L-RNN module versus how it's sold in the intro.
(3) Classification experiments are not convincing.

(1,2): The introduction states w.r.t. Bell et al. ""more substantial differences are two fold: first, we treat the L-RNN module as a general block, that can be inserted into any layer of a modern architecture, such as into a residual module. Second, we show (section 4) that the
L-RNN can be formulated to be inserted into a pre-trained FCN (by initializing with zero recurrence
matrices), and that the entire network can then be fine-tuned end-to-end.""

I felt positive about these contributions after reading the intro, but then much less so after reading the experimental sections. Based on the first contribution (""general block that can be inserted into any layer""), I strongly expected to see the L-RNN block integrated throughout the CNN starting from near the input. However, the architectures for classification and segmentation only place the module towards the very end of the network. While not exactly the same as Bell et al. (there are many technical details that differ), it is close. The paper does not compare to the design from Bell et al. Is there any advantage to the proposed design? Or is it a variation that performs similarly? What happens if L-RNN is integrated earlier in the network, as suggested by the introduction?

The second difference is a bit more solid, but still does not rise to a 'substantive difference' in my view. Note that Bell et al. also integrate 1D RNNs into an ImageNet pretrained VGG-16 model. I do, however, think that the method of integration proposed in this paper (zero initialization) may be more elegant and does not require two-stage training by first freezing the lower layers and then later unfreezing them.

(3) I am generally skeptical of the utility of classification experiments on CIFAR-10 when presented in isolation (e.g., no results on ImageNet too). The issue is that CIFAR-10 is not interesting as a task unto itself *and* methods that work well on CIFAR-10 do not necessarily generalize to other tasks. ImageNet has been useful because, thus far, it produces features that generalize well to other tasks. Showing good results on ImageNet is much more likely to demonstrate a model that learns generalizable features. However, that is not even necessarily true, and ideally I would like to see that that a model that does well on ImageNet in fact transfers its benefit to at least one other ask (e.g., detection).

One additional issue with the CIFAR experiments is that I expect to see a direct comparison of models A-F with and without L-RNN. It is hard to understand from the presented results if L-RNN actually adds much. In sum, I have a hard time taking away any valuable information from the CIFAR experiments.

Minor suggestion:
- Figure 4 is hard to read. The pixelated rounded corners on the yellow boxes are distracting.",0,Human,0.131055474281311,0.0229811072349548,0.7854181975126266,1.6101895570755005,LABEL_1,1
"he authors provide an interesting, computational-complexity-driven approach for efficient softmax computation for language modeling based on GPUs. An adaptive softmax approach is proposed based on a hierarchical model. Dynamic programming is applied to optimize the structure of the hierarchical approach chosen here w.r.t. computational complexity based on GPUs. 

However, it remains unclear, how robust the specific configuration obtained from dynamic programming is w.r.t. performance/perplexity. Corresponding comparative results with perplexity-based clustering would be desirable. Especially, in Sec. 5, Paragraph Baselines, and Table 1, respectively, it would be interesting to see a result on HSM(PPL) (cf. Zweig et al. 2013).

AFAIK, the first successful application of an LSTM-based language model for large vocabulary was published by Sundermeyer et al. 2012 (see below), which is missing in the sumary of prior work on the bottom of p. 3.

Mainly, the paper is well written and accessible, though notation in some cases should be improved, see detailed comments below.

Prior work on LSTM language modeling: 
 - Sundermeyer et al.: LSTM Neural Networks for Language Modeling, Interspeech, pp. 194-197, 2012.

Notation:
 - use of g(k) vs. g(k,B,d): g(k) should be clearly defined (constant B and d?)
 - notation should not be reused (B is matrix in Eq. (3), and batch size in Sec. 4.1).
 - notation p_{i+j} (Eq. (10) and before) is kind of misleading, as p_{i+j} is not the same as p_{(i+j)}

Minor comments:
 - p. 1, item list at bottom, first item: take -> takes
 - p. 5, second paragraph: will then contained -> will then contain
 - p. 5, third paragaph: to associated -> to associate
 - Sec. 4.3, first paragraph: At the time being -> For the time being
 - below Eq. (9): most-right -> right-most
 - below Eq. (10): the second term of this equation -> the second term of the right-hand side of this equation
 - p. 6, second to last line: smaller that the -> smaller than the
 - p. 7, Sec. 5, itemize, first item: 100 millions -> 100 million
 - p. 8, last sentence: we are the -> ours is the
",0,Human,0.1343807578086853,0.1605295538902282,0.9562845733016728,1.7503455877304075,LABEL_1,1
"### Review of the Paper

#### Strengths

1. **Relevance and Importance**: The paper tackles a critical issue in deep learning—optimizing CNNs for resource-limited devices. By focusing on pruning to minimize inference time and resource use, it aligns well with the growing need for efficient AI solutions.

2. **Comprehensive Background**: The introduction offers an extensive review of pruning techniques, covering both traditional and contemporary methods. This comprehensive background helps readers grasp the context and motivation behind the proposed approach.

3. **Clear Methodology**: The paper clearly outlines a methodical approach to pruning CNNs, involving cycles of pruning and fine-tuning. This step-by-step explanation makes the process accessible and easy to follow.

4. **Novel Pruning Criteria**: Introducing various pruning criteria, including one based on Taylor expansion, introduces novel elements to the research. Exploring multiple criteria to assess parameter importance is a valuable addition.

5. **Emphasis on Practicality**: Highlighting computational efficiency and avoiding computationally intensive steps like the Hessian matrix underscores the practicality of the method, making it suitable for real-world applications.

#### Weaknesses

1. **Lack of Empirical Evidence**: The paper fails to present any experimental results or empirical validation of the proposed pruning technique. This omission is a significant drawback as it’s crucial to demonstrate the method’s effectiveness using benchmark data and models.

2. **Insufficient Discussion on Trade-offs**: While the paper acknowledges the trade-offs between accuracy and pruning goals, it doesn’t delve deeply into how these trade-offs are handled or their impact on model performance.

3. **Incomplete Details on Pruning Criteria**: Although multiple criteria are introduced, the paper lacks detailed explanations of how they are calculated or the comparative analysis of their effectiveness. Providing more insights would enhance the paper significantly.

4. **Theoretical Oracle Pruning**: The discussion on oracle pruning is somewhat theoretical due to its high cost. The paper could benefit from a more practical exploration of how closely the proposed criteria can approximate the ideal scenario.

5. **Lack of Visual Aids**: Including visual aids such as flowcharts or visualizations of pruned networks would greatly improve the paper’s clarity and understanding.",1,AI,0.6527659893035889,0.9947918057441713,0.9517721068114042,1.3440049886703491,LABEL_0,0
"
**INTRODUCTION**

The introduction offers an excellent overview of why multi-scale contextual information is crucial in computer vision tasks. It briefly touches upon the limitations of traditional Convolutional Neural Networks (CNNs) in handling this complexity. The section is clear and succinct, setting the groundwork for the rest of the paper.

Strengths: The introduction is well-crafted and clearly outlines the importance of multi-scale contextual information in computer vision.

Weaknesses: To enhance clarity, more specific examples of how traditional CNNs falter when dealing with multi-scale contextual data would be beneficial.

Suggestions for improvement: Provide concrete examples of how traditional CNNs struggle with multi-scale information and explain how the proposed Layer-RNN architecture overcomes these issues.

**LAYER-RNN ARCHITECTURE**

The Layer-RNN architecture is well-explained and straightforward. Authors have provided a clear description of the architecture, emphasizing the integration of 1D spatial RNNs and CNNs. Diagrams and equations effectively illustrate the concept.

Strengths: The Layer-RNN architecture is comprehensible and explained clearly. The integration of 1D spatial RNNs and CNNs is highlighted.

Weaknesses: More details about the implementation of 1D spatial RNNs would be helpful. This includes specifying the types of recurrent neural networks used and any relevant hyperparameters.

Suggestions for improvement: Offer more detail on how 1D spatial RNNs are implemented, including the types of recurrent neural networks utilized and their hyperparameters.

**LAYER-RNN MODULE**

The Layer-RNN module is well-described and easily understood. The authors have provided a clear explanation of its components, including the combination of 1D spatial RNNs and CNNs. Diagrams and equations further elucidate the concept.

Strengths: The Layer-RNN module is well-detailed and easy to grasp. Its combination of 1D spatial RNNs and CNNs is clearly articulated.

Weaknesses: More specifics on the implementation of 1D spatial RNNs would strengthen the module. This includes the type of recurrent neural networks employed and associated hyperparameters.

Suggestions for improvement: Add more specifics on the implementation of 1D spatial RNNs, including the types of recurrent neural networks used and their hyperparameters.

",1,AI,0.6588918566703796,0.9991015195846558,0.8846762329339981,0.8581775426864624,LABEL_0,0
"**Review of the Paper on Acoustic Communication and Bioacoustic Signal Segmentation**

**Strengths:**

1. **Relevance and Novelty:** The paper tackles a crucial issue in bioacoustics—automatically segmenting and identifying song units in non-human acoustic signals. This topic is both timely and relevant, reflecting growing interest in understanding animal communication and addressing the difficulties inherent in manual segmentation.

2. **Methodological Approach:** Utilizing Bayesian non-parametric models, specifically the Hierarchical Dirichlet Process Hidden Markov Model (HDP-HMM), is a commendable choice. This approach enables automatic inference of the number of states, a significant improvement over traditional HMMs that necessitate pre-specification of state numbers.

3. **Real-World Application:** By applying the proposed method to actual bioacoustic data, including humpback whale songs and multiple species of birds, the paper showcases its practical utility and capability to handle complex and diverse datasets.

4. **Feature Extraction:** Employing Mel-Frequency Cepstral Coefficients (MFCCs) for feature extraction is appropriate and justified, as MFCCs are widely used in audio processing and offer a compact yet informative representation of sound spectra.

**Weaknesses:**

1. **Lack of Experimental Evidence:** The paper falls short in providing detailed experimental results and quantitative evaluations of the proposed method. It doesn't clearly demonstrate how the HDP-HMM compares against alternatives, such as traditional HMMs or clustering techniques like K-means.

2. **Insufficient Discussion of Limitations:** Although the paper mentions some limitations of standard HDP-HMMs, such as their poor handling of temporal persistence, it doesn't delve deeply into how these limitations affect the study's outcomes or how they are managed within this research.

3. **Clarity and Organization:** The paper could benefit from clearer and more organized structure. Sections like the introduction and related work could be streamlined for better readability. Additionally, transitions between sections sometimes feel abrupt, making it challenging to follow the narrative flow.

4. **Lack of Visual Aids:** Including diagrams or figures to illustrate the HDP-HMM model, feature extraction process, and segmentation outcomes would greatly enhance understanding. These visuals would clarify complex methodologies and applications.

5. **Limited Biological Interpretation:** The paper could expand on the biological implications of its findings, discussing how these insights might contribute to our broader understanding of animal communication and behavior.",1,AI,0.6443269848823547,0.9934771656990052,0.916479989886284,1.4741458892822266,LABEL_0,0
"---

**Introduction**
The introduction lays out the importance of reasoning about objects and relations in various tasks. It briefly outlines the authors' proposed neural network architecture called Relation Networks (RNs) and explains their design principles. To enhance clarity, the introduction could benefit from providing more context on the current state of the art in object-relation learning and how RNs address existing limitations.

**Strengths:** 
- Clear overview of the importance of object-relation learning.
- Brief description of the Relation Network architecture and its design principles.

**Weaknesses:** 
- Could benefit from more context on the current landscape of object-relation learning and how RNs improve upon previous methods.

**Suggestions for Improvement:** 
- Provide more context on the current state of the art and how RNs overcome existing challenges.

**Model Section**
The model section delves into the details of the Relation Network architecture, explaining its design principles and implementation. It also clarifies the various functions used to compute object relations. For greater clarity, this section could incorporate more mathematical notation and equations to support the explanations.

**Strengths:** 
- Detailed description of the Relation Network architecture and its design principles.

**Weaknesses:** 
- Could use more mathematical notation and equations to reinforce the explanations.

**Suggestions for Improvement:** 
- Include more mathematical notation and equations to support the descriptions.

**Experimental Tasks and Data Section**
This section offers an overview of the datasets used to evaluate the Relation Network architecture and describes the graph-based generative models used to create the scenes. More information on the evaluation metrics would further enhance this section.

**Strengths:** 
- Clear overview of the datasets and the generative models.

**Weaknesses:** 
- Could benefit from more information on the evaluation metrics used to assess the performance.

**Suggestions for Improvement:** 
- Provide more details on the evaluation metrics used to gauge the performance.

Overall, the paper presents a comprehensive description of the Relation Network architecture and its design principles. However, it could be enhanced by offering more background on the current state of object-relation learning, incorporating more mathematical notation, and detailing the evaluation metrics used in experiments.

---
",1,AI,0.8391976356506348,0.9996869564056396,0.7755305916070938,0.9189722537994384,LABEL_0,0
"In light of the authors' responsiveness and the updates to the manuscript -- in particular to clarify the meta-learning task -- I am updating my score to an 8.

-----

This manuscript proposes to tackle few-shot learning with neural networks by leveraging meta-learning, a classic idea that has seen a renaissance in the last 12 months. The authors formulate few-shot learning as a sequential meta-learning problem: each ""example"" includes a sequence of batches of ""training"" pairs, followed by a final ""test"" batch. The inputs at each ""step"" include the outputs of a ""base learner"" (e.g., training loss and gradients), as well as the base learner's current state (parameters). The paper applies an LSTM to this meta-learning problem, using the inner memory cells in the *second* layer to directly model the updated parameters of the base learner. In doing this, they note similarities between the respective update rules of LSTM memory cells and gradient descent. Updates to the LSTM meta-learner are computed based on the base learner's prediction loss for the final ""test"" batch. The authors make several simplifying assumptions, such as sharing weights across all second layer cells (analogous to using the same learning rate for all parameters). The paper recreates the Mini-ImageNet data set proposed in Vinyals et al 2016, and shows that the meta-learner LSTM is competitive with the current state-of-the-art (Matchin Networks, Vinyals 2016) on 1- and 5-shot learning.

Strengths:
- It is intriguing -- and in hindsight, natural -- to cast the few-shot learning problem as a sequential (meta-)learning problem. While the authors did not originate the general idea of persisting learning across a series of learning problems, I think it is fair to say that they have advanced the state of the art, though I cannot confidently assert its novelty as I am not deeply familiar with recent work on meta-learning.
- The proposed approach is competitive with and outperforms Vinyals 2016 in 1-shot and 5-shot Mini-ImageNet experiments.
- The base learner in this setting (simple ConvNet classifier) is quite different from the nearest-neighbor-on-top-of-learned-embedding approach used in Vinyals 2016. It is always exciting when state-of-the-art results can be reported using very different approaches, rather than incremental follow-up work.
- As far as I know, the insight about the relationship between the memory cell and gradient descent updates is novel here. It is interesting regardless.
- The paper offers several practical insights about how to design and train an LSTM meta-learner, which should make it easier for others to replicate this work and apply these ideas to new problems. These include proper initialization, weight sharing across coordinates, and the importance of normalizing/rescaling the loss, gradient, and parameter inputs. Some of the insights have been previously described (the importance of simulating test conditions during meta-training; assuming independence between meta-learner and base learner parameters when taking gradients with respect to the meta-learner parameters), but the discussion here is useful nonetheless.

Weaknesses:
- The writing is at times quite opaque. While it describes very interesting work, I would not call the paper an enjoyable read. It took me multiple passes (as well as consulting related work) to understand the general learning problem. The task description in Section 2 (Page 2) is very abstract and uses notation and language that is not common outside of this sub-area. The paper could benefit from a brief concrete example (based on MNIST is fine), perhaps paired with a diagram illustrating a sequence of few-shot learning tasks. This would definitely make it accessible to a wider audience.
- Following up on that note, the precise nature of the N-class, few-shot learning problem here is unclear to me. Specifically, the Mini-ImageNet data set has 100 labels, of which 64/16/20 are used during meta-training/validation/testing. Does this mean that only 64/100 classes are observed through meta-training? Or does it mean that only 64/100 are observed in each batch, but on average all 100 are observed during meta-training? If it's the former, how many outputs does the softmax layer of the ConvNet base learner have during meta-training? 64 (only those observed in training) or 100 (of which 36 are never observed)? Many other details like these are unclear (see question).
- The plots in Figure 2 are pretty uninformative in and of themselves, and the discussion section offers very little insight around them.

This is an interesting paper with convincing results. It seems like a fairly clear accept, but the presentation of the ideas and work therein could be improved. I will definitely raise my score if the writing is improved.",0,Human,0.0677884817123413,0.7077284455299377,0.9680136740207672,1.6138169765472412,LABEL_1,0
"### Review of the Paper

#### Strengths

1. **Comprehensive Introduction and Contextualization**: The paper offers an insightful overview of recurrent neural networks (RNNs), emphasizing their importance and the challenges involved in training them. It lays out the groundwork for the research question by discussing the prominence and benefits of gated architectures like Long Short-Term Memory (LSTM) and Gated Recurrent Unit (GRU).

2. **Focused Research Question**: The study aims to uncover the advantages of gated RNN models over traditional ones, specifically focusing on their trainability. This is a pertinent topic considering the widespread adoption of these models.

3. **Robust Experimental Design**: The authors employ a methodical experimental setup, utilizing a Gaussian Process for hyperparameter optimization. This rigorous approach enhances the credibility of the findings.

4. **Novel Architectures**: Two innovative RNN designs—Update Gate RNN (UGRNN) and Intersection RNN (+RNN)—are introduced, offering fresh perspectives on improving RNN performance through gating mechanisms.

5. **Significant Computational Resources**: The paper highlights substantial computational efforts, involving millions of CPU hours, which underscore the thoroughness of the experimental validation.

#### Weaknesses

1. **Lack of Theoretical Foundations**: Despite providing empirical data, the paper lacks a solid theoretical explanation for the enhanced trainability of gated architectures. A deeper theoretical analysis could enrich our understanding of these models.

2. **Insufficient Practical Insights**: While the findings are noteworthy, the paper could offer more guidance on practical applications. How can practitioners select the most appropriate RNN architecture based on this research?

3. **Clarity and Structure**: The paper’s structure could be improved. Sections introducing new architectures are sometimes unclear, making it challenging for readers to follow the narrative.

4. **Limited Exploration of Bottlenecks**: The paper mentions potential capacity bottlenecks but doesn’t delve into how they affect real-world tasks. More detailed experiments or case studies might provide deeper insights.

5. **Incomplete Data Presentation**: Detailed results and analyses are missing. Presenting specific performance metrics, visualizations, or experimental outcomes would bolster the conclusions drawn.

#### Suggestions for Improvement

1. **Integrate Theoretical Insights**: Incorporate theoretical explanations that connect the empirical observations with existing knowledge in the field. This could involve analyzing the mathematical underpinnings of gated mechanisms and their impact on training dynamics.

2. **Enhance Practical Guidance**: Offer clearer guidelines on how to apply the findings in practice. This might include decision trees or best",1,AI,0.6330533027648926,0.9762211441993712,0.9620063696056604,1.4084041118621826,LABEL_0,0
"**Title: Reinforcement Learning for Micromanagement in StarCraft**

**Strengths:**

1. **Relevance and Novelty:** This paper tackles a significant challenge in AI and gaming—micromanagement in StarCraft, a complex real-time strategy game. It's an important and timely topic, given the growing interest in applying reinforcement learning (RL) to intricate, multi-agent environments.

2. **Clear Problem Definition:** The authors have defined the micromanagement problem clearly, distinguishing it from other RL tasks by highlighting the complexities of large action spaces and the necessity for coherent multi-agent control.

3. **Comprehensive Literature Review:** The paper provides a thorough examination of related work, situating its research within the broader context of multi-agent RL and previous AI approaches to StarCraft. This helps readers appreciate the uniqueness and contributions of the proposed methods.

4. **Proposed Methodology:** Introducing the Zero Order (ZO) reinforcement learning algorithm is a novel approach designed to tackle exploration challenges in micromanagement tasks. By mixing parameter randomization and gradient descent in policy space, this method offers a fresh perspective.

5. **Task Design:** The paper presents specific micromanagement tasks in StarCraft, tailored for evaluating the performance of RL algorithms in a controlled setting. These tasks focus on micromanagement rather than full-game strategies, providing a more focused study.

**Weaknesses:**

1. **Lack of Experimental Results:** The absence of experimental results or evaluations limits our ability to assess the effectiveness and practical impact of the ZO RL algorithm and the proposed tasks. Without these details, it’s challenging to gauge how well the methods perform.

2. **Complexity and Scalability:** Although the paper introduces a novel approach, it doesn’t adequately address scalability issues. The discussion on computational efficiency and handling larger, more complex scenarios or full games of StarCraft is limited.

3. **Details on Implementation:** The paper lacks comprehensive information about the implementation details, including the architecture of the deep neural network model, the specific features used for state-action representation, and the parameters for the greedy inference approach.

4. **Comparative Analysis:** The paper fails to include a comparative analysis with existing methods or baselines. Such analyses would help demonstrate the advantages or limitations of the proposed approach compared to other techniques.

5. **Clarity and Organization:** Some sections, especially the methodology and related work, could benefit from clearer organization. The transitions between different topics can sometimes feel disjointed.",1,AI,0.5763165354728699,0.9984489679336548,0.883240208029747,1.4696482419967651,LABEL_0,0
"
**Introduction**

The introduction gives a clear overview of the main goal of this paper, which aims to improve the generalization capability of deep learning models when dealing with unseen data. It briefly traces the history of deep learning and highlights its applications across various domains. While the introduction does a commendable job, it could benefit from more context and background information about the significance of generalization in deep learning.

**Strengths**: The introduction clearly outlines the primary aim of the paper.

**Weaknesses**: Providing more context about why generalization matters in deep learning would add valuable depth to the discussion.

**Suggestions for Improvement**: Elaborating on the importance of generalization in deep learning could enrich the introduction. Additionally, offering concrete examples of how poor generalization can impact model performance would help clarify the issue further.

---

**Methodology**

The methodology section delves into the proposed technique, centered around a joint learning framework. It explains in detail how a strong base representation is derived for supervised learning, which forms the core of the proposed latent space modeling approach. Furthermore, it provides an exhaustive explanation of the semantic noise modeling method, which introduces perturbations to the latent space during training to enhance the model’s ability to generalize effectively.

**Strengths**: The methodology section offers a clear and concise explanation of the proposed technique.

**Weaknesses**: More mathematical derivations and proofs could substantiate the theoretical underpinnings of the proposed method.

**Suggestions for Improvement**: Including additional mathematical derivations and proofs to support the methodology would strengthen its validity. Moreover, showcasing more experimental outcomes to demonstrate the efficacy of the proposed approach would be beneficial.

---

**Experiments**

The experiments section details the experimental setup and results. Experiments were conducted on two datasets, MNIST and CIFAR-10, comparing the performance of the proposed method against other approaches. The results indicate that the proposed method outperforms existing methods in terms of classification accuracy.

**Strengths**: This section provides comprehensive descriptions of the experimental setups and results, demonstrating superior performance.

**Weaknesses**: Providing more specifics about the experimental setup, such as the hyperparameters used and the training procedures, would enhance transparency.

**Suggestions for Improvement**: Offering more detailed information about the experimental setup, including the hyperparameters and training processes, would make the results more comprehensible. Additionally, presenting more experimental results could further substantiate the findings.

---",1,AI,0.8132148385047913,0.997760534286499,0.91041100025177,1.1052525043487549,LABEL_0,0
"UPDATE: The authors addressed all my concerns in the new version of the paper, so I raised my score and now recommend acceptance.
--------------
This paper combines the recent progress in variational autoencoder and autoregressive density modeling in the proposed PixelVAE model. The paper shows that it can match the NLL performance of a PixelCNN with a PixelVAE that has a much shallower PixelCNN decoder.
I think the idea of capturing the global structure with a VAE and modeling the local structure with a PixelCNN decoder makes a lot of sense and can prevent the blurry reconstruction/samples of VAE. I specially like the hierarchical image generation experiments.

I have the following suggestions/concerns about the paper:

1) Is there any experiment showing that using the PixelCNN as the decoder of VAE will result in better disentangling of high-level factors of variations in the hidden code? For example, the authors can train a PixelVAE and VAE on MNIST with 2D hidden code and visualize the 2D hidden code for test images and color code each hidden code based on the digit and show that the digits have a better separation in the PixelVAE representation. A semi-supervised classification comparison between VAE and the PixelVAE will also significantly improve the quality of the paper.

2) A similar idea is also presented in a concurrent ICLR submission ""Variational Lossy Autoencoder"". It would be interesting to have a discussion included in the paper and compare these works.

3) The answer to the pre-review questions made the architecture details of the paper much more clear, but I still ask the authors to include the exact architecture details of all the experiments in the paper and/or open source the code. The clarity of the presentation is not satisfying and the experiments are difficult to reproduce.

4) As pointed out in my pre-review question, it would be great to include two sets of MNIST samples maybe in an appendix section. One with PixelCNN and the other with PixelVAE with the same pixelcnn depth to illustrate the hidden code in PixelVAE actually captures the global structure.

I will gladly raise the score if the authors address my concerns.",0,Human,0.0406302809715271,0.0076124668121337,0.9726646160706878,1.721498727798462,LABEL_1,1
"- Strengths:
Clear description of methods and evaluation
Successfully employs and interprets a variety of evaluations
Solid demonstration of practicality of technique in real-world interactive
topic modeling

- Weaknesses:
Missing related work on anchor words
Evaluation on 20 Newsgroups is not ideal
Theoretical contribution itself is small 

- General Discussion:
The authors propose a new method of interactive user specification of topics
called Tandem Anchors. The approach leverages the anchor words algorithm, a
matrix-factorization approach to learning topic models, by replacing the
individual anchors inferred from the Gram-Schmidt algorithm with constructed
anchor pseudowords created by combining the sparse vector representations of
multiple words that for a topic facet. The authors determine that the use of a
harmonic mean function to construct pseudowords is optimal by demonstrating
that classification accuracy of document-topic distribution vectors using these
anchors produces the most improvement over Gram-Schmidt. They also demonstrate
that their work is faster than existing interactive methods, allowing
interactive iteration, and show in a user study that the multiword anchors are
easier and more effective for users.

Generally, I like this contribution a lot: it is a straightforward modification
of an existing algorithm that actually produces a sizable benefit in an
interactive setting. I appreciated the authors’ efforts to evaluate their
method on a variety of scales. While I think the technical contribution in
itself is relatively small (a strategy to assemble pseudowords based on topic
facets) the thoroughness of the evaluation merited having it be a full paper
instead of a short paper. It would have been nice to see more ideas as to how
to build these facets in the absence of convenient sources like category titles
in 20 Newsgroups or when initializing a topic model for interactive learning.

One frustration I had with this paper is that I find evaluation on 20
Newsgroups to not be great for topic modeling: the documents are widely
different lengths, preprocessing matters a lot, users have trouble making sense
of many of the messages, and naive bag-of-words models beat topic models by a
substantial margin. Classification tasks are useful shorthand for how well a
topic model corresponds to meaningful distinctions in the text by topic; a task
like classifying news articles by section or reviews by the class of the
subject of the review might be more appropriate. It would also have been nice
to see a use case that better appealed to a common expressed application of
topic models, which is the exploration of a corpus.

There were a number of comparisons I think were missing, as the paper contains
little reference to work since the original proposal of the anchor word model.
In addition to comparing against standard Gram-Schmidt, it would have been good
to see the method from Lee et. al. (2014), “Low-dimensional Embeddings for
Interpretable Anchor-based Topic Inference”. I also would have liked to have
seen references to Nguyen et. al. (2013), “Evaluating Regularized Anchor
Words” and Nguyen et. al. (2015) “Is Your Anchor Going Up or Down? Fast and
Accurate Supervised Topic Models”, both of which provide useful insights into
the anchor selection process.

I had some smaller notes:
- 164: …entire dataset
- 164-166: I’m not quite sure what you mean here. I think you are claiming
that it takes too long to do one pass? My assumption would have been you would
use only a subset of the data to retrain the model instead of a full sweep, so
it would be good to clarify what you mean.
- 261&272: any reason you did not consider the and operator or element-wise
max? They seem to correspond to the ideas of union and intersection from the or
operator and element-wise min, and it wasn’t clear to me why the ones you
chose were better options.
- 337: Usenet should be capitalized
- 338-340: Why fewer than 100 (as that is a pretty aggressive boundary)? Also,
did you remove headers, footers, and/or quotes from the messages?
- 436-440: I would have liked to see a bit more explanation of what this tells
us about confusion.
- 692: using tandem anchors

Overall, I think this paper is a meaningful contribution to interactive topic
modeling that I would like to see available for people outside the machine
learning community to investigate, classify, and test hypotheses about their
corpora.

POST-RESPONSE: I appreciate the thoughtful responses of the authors to my
questions. I would maintain that for some of the complimentary related work
that it's useful to compare to non-interactive work, even if it does something
different.",0,Human,0.0531726479530334,0.001072347164154,0.6781715601682663,1.8825011253356927,LABEL_1,1
"---

The paper introduces DRL-Sense, a novel framework for learning multi-sense word representations using reinforcement learning. It comprises two primary components: a sense selection module and a sense representation module. The authors assert that their method outperforms state-of-the-art techniques in contextual word similarity tasks and matches word2vec's performance using substantially fewer training instances.

### Strengths

1. **Innovative Approach**: The framework leverages reinforcement learning, offering a fresh perspective on a long-standing challenge—learning multi-sense word representations.

2. **Modular Architecture**: Splitting the system into distinct modules makes it easier to optimize individual aspects, such as sense selection and representation.

3. **Efficient Training**: By leveraging linear time complexity for sense selection, the framework significantly reduces computational overhead compared to alternatives.

4. **Adaptive Learning**: The non-parametric nature of the model allows for dynamically determining the number of senses per word, enhancing adaptability and robustness.

5. **Robust Results**: The paper demonstrates superior performance on contextual word similarity tasks, alongside efficient use of training data, which are compelling empirical findings.

### Weaknesses

1. **Methodological Overlook**: The paper lacks detail about the reinforcement learning process, including specifics like the algorithms employed, reward structures, and how the modules work together.

2. **Experimental Rigor**: While claiming state-of-the-art performance, the paper doesn't provide enough details to fully validate these claims. Specific datasets, evaluation metrics, and comparisons with other models are needed.

3. **Theoretical Justification**: A deeper dive into why reinforcement learning is suitable for this task would strengthen the paper's theoretical underpinnings.

4. **Clarity and Readability**: Minor issues like incomplete sentences and formatting problems detract from the overall quality of the document.

5. **Code Availability**: While promising to share the code post-acceptance, immediate availability could facilitate validation and reproducibility.

### Suggestions for Improvement

1. **Enhanced Methodology**: Include more granular details about the reinforcement learning framework, including algorithmic specifics, reward structures, and training dynamics.

2. **Comprehensive Experiments**: Provide a detailed account of the experiments conducted, including the datasets used, evaluation metrics, and comprehensive comparisons with established models.

3. **Thorough Justification**: Offer a more detailed explanation of the theoretical underpinnings of why reinforcement learning is effective for multi-sense word representation.

4.",1,AI,0.6958526968955994,0.9881575703620912,0.9329663440585136,1.337080001831055,LABEL_0,0
"---

**Introduction**

The introduction lays out the crucial role of multi-scale contextual information in computer vision tasks. It briefly touches upon the limitations of traditional Convolutional Neural Networks (CNNs) in handling this kind of information effectively. The piece is clear and succinct, setting the foundation for what follows.

**Strengths**: 
The introduction is well-written and clearly outlines the importance of multi-scale contextual information in computer vision tasks.

**Weaknesses**: 
A stronger point would be to include more specific examples of how traditional CNNs fall short when it comes to capturing multi-scale contextual information. 

**Suggestions for Improvement**: 
Consider adding more concrete examples to illustrate how traditional CNNs struggle, and explain how the proposed Layer-RNN architecture overcomes these challenges.

**Layer-RNN Architecture**

The Layer-RNN architecture is well-defined and straightforward. The authors have provided a clear explanation of how it combines 1D spatial RNNs with CNNs. The explanation is further supported by diagrams and equations.

**Strengths**: 
The Layer-RNN architecture is well-defined and easy to grasp. The authors have explained it clearly, detailing the combination of 1D spatial RNNs and CNNs.

**Weaknesses**: 
To enhance clarity, more specifics about how the 1D spatial RNNs are implemented could be added. This might include mentioning the types of recurrent neural networks used and their associated hyperparameters.

**Suggestions for Improvement**: 
Provide more detailed information on the implementation of 1D spatial RNNs, such as the specific types of recurrent neural networks utilized and their corresponding hyperparameters.

**Layer-RNN Module**

The Layer-RNN module is similarly well-defined and straightforward. The authors have provided a clear explanation of how it integrates 1D spatial RNNs with CNNs. The explanation is reinforced by diagrams and equations.

**Strengths**: 
The Layer-RNN module is well-defined and easy to understand. The authors have given a clear explanation of how it combines 1D spatial RNNs and CNNs.

**Weaknesses**: 
For even greater detail, more specifics about how the 1D spatial RNNs are implemented could be included. This might involve specifying the types of recurrent neural networks used and the hyperparameters associated with them.

**Suggestions for Improvement**: 
Consider providing more details on how the 1D spatial RNNs are implemented, such as the specific types of recurrent neural networks used and the",1,AI,0.891309380531311,0.9997662901878356,0.8483235314488411,0.8068183064460754,LABEL_0,0
"The authors propose and evaluate using SPN's to generate embeddings of input and output variables, and using MPN to decode output embeddings to output variables. The advantage of predicting label embeddings is to decouple dependencies in the predicted space. The authors show experimentally that using SPN based embeddings is better than those produced by RBM's.

This paper is fairly dense and a bit hard to read. After the discussion, the main contributions of the authors are:

1. They propose the scheme of learning SPN's over Y and then using MPN's to decode the output, or just SPNs to embed X.
2. They propose how to decode MPN's with partial data.
3. They perform some analysis of when their scheme will lead to perfect encoding/decodings.
4. They run many, many experiments comparing various ways of using their proposed method to make predictions on multi-label classification datasets.

My main concerns with this paper are as follows:

- The point of this paper is about using generative models for representation learning. In their experiments, the main task is discriminative; e.g. predict multiple Y from X. The only discriminative baseline is a L2 regularized logistic regression, which does not have any structure on the output; it'd be nice to see how a discriminative structured prediction method would do, such as CRF or belief propagation. 

- The many experiments suggest that their encoder/decoder scheme is working better than the alternatives; can you please give more details on the relative computation complexity of each method?

- One thing I'm still having trouble understanding is *why* this method works better than MADE and the other alternatives. Is it learning a better model of the distribution of Y? Is it better at separating out correlations in the output into individual nodes?  Does it have larger representations? 

- I think the experiments are overkill and if anything, they way they are presented detract from the paper. There's already far too many numbers and graphs presented to be easy to understand.  If I have to dig through hundreds of numbers to figure out if your claim is correct, the paper is not clear enough. And, I said this before in my comments, please do not refer to Q1, Q2, etc. -- these shortcuts let you make the paper more dense with fewer words but at the cost of readability.

I *think* I convinced myself that your method works...I would love to see a table that shows, for each condition: (A) a baseline X->Y, (B) one *average* result across datasets for your method, and (C) one *average* result from a reasonable best competitor method. Please show for both the exact match and hamming losses, as that will demonstrate the gap between independent linear prediction and structured prediction. That would still be plenty of numbers but would make it much easier for the reader to verify your claims and you can put everything else in the Appendix.  E.g. something like:

Input | Predicted Output | Decoder | Hamming | Exact Match
----
X | P(Y) | CRF | xx.xx | xx.xx   (this is your baseline)
SPN E_X | P(Y) | n/a | xx.xx | xx.xx 
X | SPN E_Y | MPN | xx.xx | xx.xx  (given X, predict E_Y, then decode it with an MPN)

Does a presentation like that make sense? It's just really hard and time-consuming for me as a reviewer to verify your results, the way you've laid them out currently.


",0,Human,0.2707934975624084,0.084219217300415,0.8646562993526459,1.6458160877227783,LABEL_1,1
"

**INTRODUCTION**

The introduction lays out the core issue and sets the stage for the proposed solution. It offers a concise summary of the current state-of-the-art in neural language models and attention mechanisms. However, to enhance understanding, more context about the limitations of these models—specifically their challenges in handling short and long-range dependencies—should be provided.

**STRENGTHS:**  
The introduction clearly outlines the problem and the rationale behind the proposed solution.

**WEAKNESSES:**  
While informative, the introduction could benefit from more contextual information on the limitations of existing neural language models and the critical importance of capturing both short and long-range dependencies.

**SUGGESTIONS FOR IMPROVEMENT:**  
Include more detail about the limitations of current models and the significance of addressing short and long-range dependencies.

**METHODS**

The methods section provides a detailed account of the proposed models, including the key-value attention mechanism and the key-value-predict attention mechanism. A comprehensive overview of the model architectures and the equations used to calculate attention weights and context vectors is also presented.

**STRENGTHS:**  
This section offers a clear explanation of the models and their architectural details.

**WEAKNESSES:**  
To improve, the methods section should delve deeper into the training procedures and the specific hyperparameters utilized during model training.

**SUGGESTIONS FOR IMPROVEMENT:**  
Provide more information on the training methodology and the hyperparameters employed.

**RESULTS**

The results section presents a thorough summary of the experimental outcomes, focusing on the performance of the proposed models on the Children’s Book Test and a new corpus of 7,500 Wikipedia articles. Additionally, a comparative analysis with previous memory-augmented neural language models is provided.

**STRENGTHS:**  
It offers an insightful overview of the experimental results and a strong comparison with prior work.

**WEAKNESSES:**  
For clarity, the section should include more specifics about the experimental setup and the evaluation metrics used.

**SUGGESTIONS FOR IMPROVEMENT:**  
Detail the experimental configuration and the evaluation metrics employed.

**CONCLUSION**

The conclusion synthesizes the key findings and highlights the contributions of the proposed models. It also touches upon the limitations of the models and suggests potential future research directions.

**STRENGTHS:**  
A succinct summary of the main insights and contributions.

**WEAKNESSES:**  
To strengthen this section, it would be beneficial to elaborate",1,AI,0.9346472024917604,0.9989701509475708,0.837100975215435,1.076324224472046,LABEL_0,0
"### Review of the Paper

#### Title: Orthogonal Weight Regularization for Neural Networks

#### Summary:
This paper introduces a new regularization technique called OrthoReg, which focuses on positively correlated weights to enhance neural network performance. The authors believe that positively correlated features aren't as harmful as negatively correlated ones and propose enforcing local orthogonality between weight vectors. The method is computationally efficient and has been tested on datasets like MNIST, CIFAR-10, CIFAR-100, and SVHN, showing promising results.

#### Strengths:

1. **Novel Perspective**: The paper offers a unique angle on regularization by concentrating on positively correlated weights, which differs from conventional approaches that ignore these correlations.

2. **Strong Mathematical Basis**: Using cosine similarity to measure correlation and linking it to the Frobenius norm of the cross-covariance matrix provides a robust theoretical foundation for OrthoReg.

3. **Efficiency**: The authors highlight the computational efficiency of OrthoReg, making it suitable for large-scale models and datasets.

4. **Experimental Support**: The paper demonstrates OrthoReg's effectiveness through experiments on multiple datasets, showing reduced error rates.

5. **Complementary Method**: It’s noted that OrthoReg can work well alongside other techniques like multi-bias neural networks.

#### Weaknesses:

1. **Organization and Clarity**: While the paper presents interesting ideas, some sections, especially those involving complex mathematical derivations, could be clearer and easier to follow.

2. **Lack of Baseline Comparisons**: Despite claiming superior results, the paper doesn’t provide a comprehensive comparison with other leading regularization techniques.

3. **Limitation Discussion**: The paper doesn’t fully address potential downsides or limitations of OrthoReg, such as its performance under certain conditions or specific model architectures.

4. **Hyperparameter Sensitivity**: There’s little exploration into how sensitive the performance of OrthoReg is to the parameter γ, which controls the regularization strength.

5. **Further Research**: More research could be beneficial to understand when and why OrthoReg might not perform optimally and under what circumstances it works best.",1,AI,0.7202303409576416,0.9686898589134216,0.9543200545012952,1.281400442123413,LABEL_0,0
"---

In the realm of artificial intelligence, one of the primary goals is to develop autonomous agents capable of learning and adapting to new environments. Reinforcement Learning (RL) stands out as a crucial technique to achieve this adaptability. Essentially, RL algorithms aim to teach agents how to make choices that optimize their performance over time.

Transferring knowledge from previously solved tasks to new ones can significantly enhance learning. This transfer can occur in various ways, such as using the value function from a source task as an initial estimate in a target task to reduce exploration, or even directly applying policies learned from one task to another. There are several strategies to facilitate this transfer, like taking the derived policies from the source task and using them as initial exploratory trajectories or defining macro-actions based on these policies.

Despite extensive research, there are still two critical issues that need attention in the field of RL transfer. The first is negative transfer, where transferring knowledge actually hinders performance compared to starting fresh in the target task. This makes it challenging to apply many transfer methods unless we can guarantee some level of similarity between the source and target tasks beforehand. The second issue is about identifying the right source tasks from which to draw knowledge. Depending on the complexity of the target task, different source tasks might be more suitable for certain aspects of the problem space. 

To illustrate this, imagine a scenario where multiple experts are good at different aspects of a game, like backhand shots in tennis. A novice player (the agent) could learn more efficiently by selectively picking up strategies from these experts. Our approach addresses this by allowing the agent to tailor its learning to different areas of the target task, rather than relying on a single source.

---

This version maintains the core concepts and technical details while making the explanation more accessible and engaging.",1,AI,0.8363965153694153,0.9958223104476928,0.9830223033204676,1.5006475448608398,LABEL_0,0
"The bulk of the reviewer (R) comments pertain to the experiments on MNIST that we address collectively here to facilitate a richer, holistic discussion. Any remaining questions raised by the reviewers are addressed individually as follow-ups to the reviews.

We have rewritten the entire experimental section based on fresh experimentation, focusing on aspects that we believe are crucial to resolving the concerns raised by the reviewers. For brevity, we have also removed some portions from the earlier draft that we do not believe are central to the discussion. In the spirit of the constructive feedback loop that ICLR facilitates, we hope the reviewers will be able to read the revised experiments section. Our response to the reviewer comments:

1. A bigger VAE vs. BGMs containing smaller models (R1)
Our earlier submission demonstrated improved performance of BGMs for sampling with gains in computational requirements, but did not directly address the reviewer’s question about model capacity. Our latest submission considers larger baseline models with equal or more capacity than BGM sequences of simpler models (Sec. 3.2.2, Table 2), and shows the superior performance of BGMs for this task (Figure 3) . As before, we also illustrate that the performance gains of BGM sequences are not at the cost of increased training time (Sec 3.2.3, Table 2).

2. Samples from MNIST look weak (R4)
Our experiments on MNIST do not (or even intended to) make any state-of-the-art claims, but instead demonstrate the improvements in computational and statistical performance that simpler models can attain for the task of generating samples as a result of the boosting procedure. Having said that, we respectfully disagree that the samples produced by BGM sequences look weak keeping in mind that the dataset under consideration is the harder ‘binarized’ version of MNIST. In fact, although we understand that it is somewhat subjective, we believe the BGM samples look better than NADE samples on the same dataset (Figure 2 (Left) in [2]). Note that we display actual samples produced by our models (without any cherry-picking), and hence, these samples should not be compared with the probabilities from sampling pixels (Figure 2 (Middle) in [2]). 

3. Strategies for setting weights (\alpha’s) for intermediate models (R3)
In our earlier submission, we discussed model weights in the theoretical section and listed heuristic strategies for setting them in practice as a future work. Our latest submission includes experimental results and discussion of some heuristic strategies that we propose for both density estimation and sampling. See Sec. 3.1.3 and Appendix A.2.1.

4. Procedure for drawing samples from BGM sequences (R1, R3)
See Appendix A.2.3 for details.  In contrast to results in the previous submission where the independent chains were run from the same start seeds across BGM sequences and samples arranged for easy comparison, the latest results show samples produced from chains that are run independently, initialized with different random start seeds, and have an increased burn-in time of 100,000 samples (10x the previous) to mitigate the possibility of any mixing-related issues. We also observed visually that the samples from any given chain vary over time transforming smoothly across multiple digits within the burn-in time, a further indication of successful mixing. 

5. Quantitative estimation of log-likelihoods for sampling (R1, R3, R4)
For evaluating samples, log-likelihoods can be problematic. See [1], Sec. 3.2 for a detailed discussion on why log-likelihoods are not a good proxy for sample quality. Additionally, generative models such as VAEs, RBMs have intractable likelihoods and hence, resort to their own approximations for generating density estimates. These approximations are known to exhibit different behaviors; for instance, RBMs estimated using AIS are typically believed to overestimate the log-likelihoods, whereas VAEs make variational approximations that only provide lower bounds -- it is difficult to make definitive statements based on such approximations. We tried AIS on the BGM sequences considered in the paper with about 15,000 intermediate annealing distributions (step-size of 1e-3 between for the first 500 distributions, 1e-4 for the next 4000, and 1e-5 for the remaining where every transition from one distribution to another was implemented using 10 steps of Metropolis-Hastings), but got unrealistically optimistic log-likelihood evaluations that we do not feel confident reporting for the purpose of a meaningful comparison with the lower bounds provided by VAEs.  

References:
[1] Lucas Theis, Aaron van den Oord, and Matthias Bethge. “A note on the evaluation of generative models.” In ICLR, 2016.
[2] Hugo Larochelle and Iain Murray. ""The Neural Autoregressive Distribution Estimator.""  In AISTATS, 2011.",0,Human,0.1736261844635009,0.9513529539108276,0.9871454099193216,1.725407958030701,LABEL_1,0
"**Review of the Paper:**

**Title:** The paper discusses spatiotemporal attentional modeling for predicting saliency in videos through the use of deep learning techniques.

**Strengths:**

1. **Novelty and Contribution:**
   - The authors introduce a Recurrent Mixture Density Network (RMDN), which is a novel approach for predicting saliency in videos. This is a valuable addition to the field of video analysis and attention modeling.
   - The combination of 3D convolutional features with Long Short-Term Memory (LSTM) networks and Mixture Density Networks (MDNs) is innovative and effectively handles the temporal dynamics seen in video data.

2. **Comprehensive Background:**
   - The paper provides a thorough background on attentional models, saliency prediction, and the evolution from analyzing images to videos. This foundational information helps readers understand the context and significance of the proposed method.

3. **Practical Applications:**
   - The paper highlights several practical applications, including video compression, robot vision, and activity recognition, demonstrating the broad impact and usefulness of the research.

4. **Performance and Efficiency:**
   - The RMDN model outperforms state-of-the-art methods in terms of both saliency accuracy and action classification accuracy, providing strong evidence of its effectiveness.
   - With a prediction time of just 0.08 seconds per 16-frame clip on a GPU, the model shows promise for real-time applications.

**Weaknesses:**

1. **Lack of Experimental Details:**
   - The paper lacks detailed experimental results, including quantitative metrics, dataset information, and comparisons with baseline models. This makes it challenging to assess the robustness and generalizability of the proposed approach.
   
2. **Figures and Diagrams:**
   - There is no accompanying figure to illustrate the model architecture. Visual aids are essential for understanding complex models like RMDN.

3. **Discussion of Limitations:**
   - The paper does not delve into potential limitations or challenges of the proposed approach, such as scalability to longer video sequences or handling various types of video content.
   
4. **Clarity and Structure:**
   - The paper could benefit from clearer organization, especially in the methodology section. Providing a detailed step-by-step explanation of the model components and their interactions would enhance readability.",1,AI,0.9188989400863647,0.9994414448738098,0.7870329394936562,1.2377077341079712,LABEL_0,0
"
**INTRODUCTION**
The introduction offers an excellent overview of the concept of sample importance within the realm of deep neural networks. It clearly explains the concept of leverage in statistics and its connection to sample importance in support vector machines (SVM). Additionally, it provides a solid background on why understanding sample importance is crucial in deep learning, referencing important works like curriculum learning and self-paced learning.

**Strengths:** 
- The introduction is clear and concise, offering a comprehensive overview of the concept of sample importance.

**Weaknesses:** 
- While the introduction is strong, it could delve deeper into the specifics of sample importance within deep learning, especially in the context of deep neural networks.

**Suggestions for Improvement:** 
- Providing more detailed information about sample importance in deep learning would be beneficial. This includes explaining how it interacts with the training process and how it can enhance the performance of deep neural networks.

**SAMPLE IMPORTANCE**
This section defines sample importance and its relevance to the training process quite clearly. It also explains the role of sample weights, showing how they influence the contribution of each sample to the loss function.

**Strengths:** 
- The section effectively defines sample importance and its connection to the training process.

**Weaknesses:** 
- There could be more mathematical rigor in defining sample weights and their relationship to the loss function.

**Suggestions for Improvement:** 
- More detailed mathematical explanations on the definition of sample weights and their relation to the loss function would be valuable. Additionally, providing practical examples of how this can be applied in real scenarios would be beneficial.

**EMPIRICAL ANALYSIS OF SAMPLE IMPORTANCE**
The empirical analysis provides a thorough overview of sample importance across various layers and epochs. It outlines the experimental setup and results clearly, including the computation of sample importance and the breakdown of sample importance.

**Strengths:** 
- The analysis covers a broad range of sample importance across different layers and epochs.

**Weaknesses:** 
- It would be helpful to offer more detailed explanations of the results, particularly regarding the breakdown of sample importance.

**Suggestions for Improvement:** 
- Providing more detailed explanations of the results, especially the breakdown of sample importance, and demonstrating how it can be leveraged to improve deep neural network performance would be beneficial.

**CONCLUSION**
The conclusion summarizes the key findings of the paper, highlighting the decomposition of sample importance and the stability of this importance across different initializations.

**Strengths:** 
- The conclusion effectively summarizes",1,AI,0.9248895645141602,0.9997894167900084,0.6782699078321457,0.9687201380729676,LABEL_0,0
"[UPDATE]
After going through the response from the author and the revision, I increased my review score for two reasons.
1. I thank the reviewers for further investigating the difference between yours and the other work (Scheduled sampling, Unsupervised learning using LSTM) and providing some insights about it.
This paper at least shows empirically that 100%-Pred scheme is better for high-dimensional video and for long-term predictions.
It would be good if the authors briefly discuss this in the final revision (either in the appendix or in the main text).

2. The revised paper contains more comprehensive results than before.
The presented result and discussion in this paper will be quite useful to the research community as high-dimensional video prediction involves large-scale experiments that are computationally expensive.

- Summary
This paper presents a new RNN architecture for action-conditional future prediction. The proposed architecture combines actions into the recurrent connection of the LSTM core, which performs better than the previous state-of-the-art architecture [Oh et al.]. The paper also explores and compares different architectures such as frame-dependent/independent mode and observation/prediction-dependent architectures. The experimental result shows that the proposed architecture with fully prediction-dependent training scheme achieves the state-of-the-art performance on several complex visual domains. It is also shown that the proposed prediction architecture can be used to improve exploration in a 3D environment.

- Novelty
The novelty of the proposed architecture is not strong. The difference between [Oh et al.] and this work is that actions are combined into the LSTM in this paper, while actions are combined after LSTM in [Oh et al.]. The jumpy prediction was already introduced by [Srivastava et al.] in the deep learning area. 

- Experiment
The experiments are well-designed and thorough. Specifically, the paper evaluates different training schemes and compares different architectures using several rich domains (Atari, 3D worlds). Besides, the proposed method achieves the state-of-the-art results on many domains and presents an application for model-based exploration.

- Clarity
The paper is well-written and easy to follow.

- Overall 
Although the proposed architecture is not much novel, it achieves promising results on Atari games and 3D environments. In addition, the systematic evaluation of different architectures presented in the paper would be useful to the community.

[Reference]
Nitish Srivastava, Elman Mansimov, Ruslan Salakhutdinov. Unsupervised Learning with LSTMs. ICML 2016.",0,Human,0.2410348057746887,0.9069647789001464,0.7615969404578209,1.582167387008667,LABEL_1,0
"---

**Title: Layer Recurrent Neural Networks for Multi-Scale Contextual Information in Computer Vision**

**Strengths:**

1. **Novel Approach:** This paper introduces a groundbreaking technique by integrating Recurrent Neural Networks (RNNs) into Convolutional Neural Networks (CNNs) to capture multi-scale contextual information. This innovative Layer Recurrent Neural Network (L-RNN) framework builds upon the ReNet architecture, offering a fresh perspective on leveraging RNNs for capturing spatial dependencies.

2. **Comprehensive Introduction:** The authors provide a thorough overview of why multi-scale contextual information is crucial in computer vision tasks. They also set their method within the context of existing architectures, highlighting the limitations of traditional CNNs and the promise of RNNs to overcome these shortcomings.

3. **Technical Detail:** The paper thoroughly explains the L-RNN module, detailing its architecture and mathematical formulation. By using bidirectional spatial RNNs to scan feature maps in different directions, the authors effectively demonstrate how the model captures spatial dependencies. This explanation is clear and well-articulated.

4. **Practical Integration:** A key strength is the ability to seamlessly integrate L-RNN modules into pre-trained CNNs without needing to retrain the entire network. This feature saves significant computational resources and time, making the approach particularly appealing for real-world applications.

5. **Experimental Validation:** The authors conducted experiments on the CIFAR-10 dataset and semantic segmentation tasks, showcasing the efficacy of the L-RNN. One notable point is the use of Layer Normalization to train vanilla RNNs to achieve similar performance to GRUs with fewer parameters, which is a valuable contribution.

**Weaknesses:**

1. **Insufficient Experimental Details:** While the paper mentions experiments, it lacks detailed results, comparisons, and thorough analysis. Providing quantifiable data, such as accuracy improvements or computational efficiency, would bolster the claims made.

2. **Limited Discussion on Limitations:** The paper doesn't delve deeply into the potential limitations or challenges of the L-RNN architecture, such as computational overhead, scalability to larger datasets, or difficulties in training.

3. **Clarity of Visuals:** References to Figure 1 are made several times but the actual figure is not included in the text. Including clear diagrams and visual representations of the architecture would greatly enhance understanding.

4. **Comparative Analysis:** The paper could benefit from a more extensive comparative analysis with other state-of-the-art methods.",1,AI,0.8324830532073975,0.9990991353988647,0.7765146642923355,1.3175455331802368,LABEL_0,0
"This 1991 paper introduces a metacontroller designed to manage expert selection and the number of iterations in optimizing decisions. The metacontroller keeps track of past control proposals and evaluations, allowing it to interact with the environment by suggesting actions, soliciting expert opinions, and refining its strategies over time.

The goal is to develop a policy, πM, that maximizes cumulative reward over a series of tasks. Reward is calculated as the negative of total loss, LT(x*, x,N,k), and the metacontroller uses a variant of Q-learning to update this policy. The Q-function, Q(s,a), represents the expected cumulative reward given a state (s) and action (a). It’s updated through the formula: Q(s,a) = Q(s,a) + α[R + γQ(s′,a′) - Q(s,a)], where α is the learning rate, γ is the discount factor, and s′, a′ denote the subsequent state and action.

Similarly, the policy πM is adjusted via the update rule: πM(s) = πM(s) + β[Q(s,πM(s)) - Q(s,πM(s))]. The metacontroller learns from a set of tasks, updating its policy after each one. Performance is gauged by the cumulative reward R across multiple tasks. The findings demonstrate that this method not only optimizes task performance but also reduces computational costs, outperforming conventional optimization techniques. Additionally, the metacontroller can adapt to varying task demands and computational resources.

In summary, the paper offers a promising new paradigm for optimization that leverages cognitive principles. While the approach shows significant promise, there are areas for enhancement. Specifically, further investigation into the efficiency of the learning process could be beneficial, along with exploring its scalability to larger datasets and more complex environments. Overall, the research opens up exciting possibilities for real-world applications, such as in robotics, autonomous vehicles, and healthcare.

Strengths:
- Introduces a novel metacontroller that adapts expert usage and iterations, potentially outperforming traditional methods.
- Provides a clear explanation of limitations in current optimization approaches.
- Demonstrates improved performance in optimizing both task outcomes and computational efficiency.

Suggestions for Improvement:
- Investigate the scalability and applicability of the method to larger data sets and more complex scenarios.
- Explore how the method can handle dynamic environments where task requirements change frequently.
- Conduct empirical studies to assess the method's robustness and generalizability across different domains.",1,AI,0.2800307273864746,0.9980961680412292,0.9894827040843666,1.4293111562728882,LABEL_1,0
"### Review of the Paper

#### Title: SampleRNN: An Unconditional End-to-End Neural Network for Raw Audio Waveform Synthesis

#### Summary
The paper presents SampleRNN, an innovative method for synthesizing audio waveforms using a hierarchical recurrent neural network (RNN) architecture. This model operates at various temporal resolutions, enabling it to effectively capture dependencies across different time scales within audio data. The authors argue that this method is more flexible and efficient compared to traditional techniques that rely on manual feature engineering and complex signal processing pipelines.

#### Strengths
1. **Innovative Architecture**: The hierarchical design of SampleRNN represents a significant advancement. By leveraging RNNs at different levels, the model can adeptly manage the intricate temporal details found in audio data, which poses challenges for standard RNNs.

2. **End-to-End Training**: Being trained end-to-end, the model streamlines the workflow by circumventing the need for manual feature extraction. This makes it easier and faster to train compared to traditional methods that require significant domain knowledge.

3. **Versatility**: SampleRNN’s modular design allows for dynamic allocation of computational resources, ensuring that it focuses on capturing long-term patterns without getting overwhelmed by the sheer volume of raw audio data.

4. **Empirical Validation**: The paper includes comprehensive empirical results on three audio datasets, including subjective human evaluations, demonstrating the model's effectiveness.

5. **Code Sharing**: The authors have made their code freely available, which enhances reproducibility and facilitates further research.

#### Weaknesses
1. **Clarity and Readability**: The paper could be improved with clearer explanations, particularly in its technical sections. Equations and concepts are sometimes introduced without adequate context, making them challenging for readers unfamiliar with the field.

2. **Comparison with State-of-the-Art**: Although the authors acknowledge a significant improvement over baseline RNNs, they don’t provide detailed comparisons with other advanced models like WaveNet. This lack of comparison weakens the model’s claims regarding performance.

3. **Limitation Discussion**: The paper doesn’t delve into the model’s limitations sufficiently. For example, it doesn’t address issues related to computational complexity, scalability, or its suitability for real-time applications.

4. **Human Evaluation Details**: While the paper mentions human evaluations, it lacks specific details about the evaluation process, such as the number of participants, criteria used, and statistical significance of the results.

5. **Quantized Outputs**: The paper briefly touches upon output quantization but doesn't",1,AI,0.7760679125785828,0.999415159225464,0.9221430458128452,1.262808918952942,LABEL_0,0
"
INTRODUCTION

The introduction offers a broad view of the challenges associated with graph classification and highlights the significance of employing graph structures in data representation. It briefly touches upon the various methods currently utilized for graph classification, such as graph kernels and recursive neural networks. However, it could benefit from adding more context and specific examples of how this field has been applied in real-world scenarios.

Strengths:
- Clear overview of the problem and existing methods.
- Detailed description of the Shift Aggregate Extract Network (SAEN).

Weaknesses:
- Lacks additional context and application examples.
- Could benefit from discussing the limitations of current methods and how the proposed solution tackles these issues.

Suggestions for improvement:
- Include more background and practical applications of graph classification.
- Explain the limitations of existing approaches and how the SAEN overcomes them.
- Provide more detailed information about the training process and how it’s applied to graph classification.
- Offer more illustrative examples and experimental results to showcase the efficacy of the SAEN.

SHIFT-AGGREGATE-EXTRACT NEURAL NETWORKS

The paper introduces a novel neural network architecture known as Shift Aggregate Extract Network (SAEN). This architecture is built upon an H-hierarchical decomposition of the input graph, a multilevel generalization of R-convolutional layers. The authors clearly explain the components of the SAEN and how H-hierarchical decomposition operates within this framework.

Strengths:
- Provides a comprehensive explanation of the SAEN architecture.
- Offers clarity on the concept of H-hierarchical decomposition and its role in the SAEN model.

Weaknesses:
- Needs more detail on the training process and how the SAEN performs in graph classification tasks.
- Should present more examples and experimental evidence to support the SAEN's effectiveness.

Suggestions for improvement:
- Elaborate on the training process and practical applications of the SAEN.
- Include more diverse case studies and performance metrics to substantiate the model's strengths.

EXPERIMENTS

The authors conduct multiple experiments to validate the performance of the SAEN architecture. These experiments are centered around two types of datasets: social network data and chemical compound data. While the experiments are well-conceived, they could use more depth and breadth in both design and outcome analysis.

Strengths:
- Includes a variety of experiments to evaluate the SAEN’s capabilities.

Weaknesses:
- Requires more detailed descriptions of the experimental setup and evaluation metrics.
- Could benefit from richer results and",1,AI,0.7583137154579163,0.9978531002998352,0.940149338915944,1.1622042655944824,LABEL_0,0
"The resurgence of neural networks under the umbrella of ""deep learning"" was significantly driven by the increased availability of labeled data. For supervised machine learning algorithms, especially deep architectures, having labeled data is essential, even more so due to their susceptibility to overfitting. Deep learning has particularly thrived in areas like image, speech, and text processing, where acquiring labeled data has been relatively straightforward. However, much of the data that is accessible today is unstructured and unlabeled, which has limited recent advances to these specific domains.

To fully leverage supervised learning methods, manual labor is often required to label the data, an activity that demands significant human effort. An alternative strategy involves generating new labeled data. One method for achieving this is through creating synthetic data using simulations, such as those generated by computer graphics engines (Shotton et al., 2013; Richter et al., 2016). While this can be effective, it might fall short if the simulation does not accurately represent the real-world domain being studied. Another approach is dataset augmentation, where existing data is transformed to create new data that seems to have come from the same data-generating distribution. A key challenge with this technique is ensuring that the transformations respect the natural dynamics of the domain.

In our work, we focus on augmentation without relying on domain-specific transformations, instead introducing perturbations, interpolations, or extrapolations between existing examples. However, we conduct these manipulations not in the raw input space but in a learned feature space. According to research by Bengio et al. (2013) and Ozair & Bengio (2014), higher-level representations can expand the volume of plausible data points within the feature space, making it more likely to encounter realistic samples during traversal. This is beneficial because it makes the feature space more accommodating to realistic data compared to the input space.

Unsupervised representation learning models provide a handy framework for learning useful feature spaces, facilitating exploration of these transformations. There's been renewed interest in these techniques recently, giving rise to various approaches like variational autoencoders (Kingma & Welling, 2014), generative adversarial networks (Goodfellow et al., 2014), and generative stochastic networks (Alain et al., 2016), all of which can generate valuable synthetic data.",1,AI,0.0768734216690063,0.9997133612632751,0.9479402266442776,1.6025034189224243,LABEL_1,0
"

Words like ""anyone,"" ""anything,"" ""everyone,"" and ""everything"" can be broken down into smaller parts called morphemes. For instance, ""anyone"" is made up of ""any"" and ""one."" Similarly, ""anything"" consists of ""any"" and ""thing."" ""Everyone"" and ""everything"" both break down into ""every"" and ""one"" or ""thing,"" respectively. ""Someone"" is ""some"" and ""one,"" while ""something"" is ""some"" and ""thing."" 

This pattern repeats for each of these words, showing how they're constructed from simpler components.",1,AI,0.9837448596954346,0.9974149465560912,0.8887557201087475,0.9755074977874756,LABEL_0,0
"Update: Because no revision of the paper has been provided by the authors, I am reducing my rating to ""marginally below acceptance"".

----------

This paper addresses the problem of training stochastic feedforward neural networks.  It proposes to transfer weights from a deterministic deep neural network trained using standard procedures (including techniques such as dropout and batch normalization) to a stochastic network having the same topology.  The initial mechanism described for performing the transfer involves a rescaling of unit inputs and layer weights, and appropriate specification of the stochastic latent units if the DNN used for pretraining employs ReLU nonlinearities.  Initial experiments on MNIST classification and a toy generative task with a multimodal target distribution show that the simple transfer process works well if the DNN used for pretraining uses sigmoid nonlinearities, but not if the pretraining DNN uses ReLUs.  To tackle this problem, the paper introduces the ""simplified stochastic feedforward neural network,"" in which every stochastic layer is followed by a layer that takes an expectation over samples from its input, thus limiting the propagation of stochasticity in the network.  A modified process for transferring weights from a pretraining DNN to the simplified SFNN is described and justified.  The training process then occurs in three steps:  (1) pretrain a DNN, (2) transfer weights from the DNN to a simplified SFNN and continue training, and (3) optionally transfer the weights to a full SFNN and continue training or transfer them to a deterministic model (called DNN*) and continue training.  The third step can be skipped and the simplified SFNN may also be used directly as an inference model.  Experimental results on MNIST classification show that the use of simplified SFNN training can improve a deterministic DNN* model over a DNN baseline trained with batch normalization and dropout.  Experiments on two generative tasks (MNIST-half and the Toronto Faces Database) show that the proposed pretraining process improves test set negative log-likelihoods.  Finally, experiments on CIFAR-10, CIFAR-100, and SVHN with the LeNet-5, network-in-network, and wide residual network architectures show that use of a stochastic training step can improve performance of a deterministic (DNN*) model.

It is a bit confusing to refer to ""multi-modal"" tasks, when what is meant is ""generative tasks with a multimodal target distribution"" because ""multi-modal"" task can also refer to a learning task that crosses sensory modalities such as audio-visual speech recognition, text-based image retrieval, or image captioning.  I recommend that you use the more precise term (""generative tasks with a multimodal target distribution"") early in the introduction and then say that you will refer to such tasks as ""multi-modal tasks"" in the rest of the paper for the sake of brevity.

The paper would be easier to read if ""SFNN"" were not used to refer to both the singular (""stochastic feedforward neural network"") and plural (""stochastic feedforward neural networks"") cases.  When the plural is meant, write ""SFNNs"".

In Table 1, why does the 3 hidden layer SFNN initialized from a ReLU DNN have so much worse of a test NLL than the 2 hidden layer SFNN initialized from a ReLU DNN?

The notation that uses superscripts to indicate layer indexes is confusing.  The reader naturally parses N² as ""N squared"" and not as ""the number of units in the second layer.""

When you transfer weights back from the simplified SFNN to the DNN* model, do you need to perform some sort of rescaling that undoes the operations in Equation (8) in the paper?

What does NCSFNN stand for in the supplementary material?

Pros
+ The proposed model is easy to implement and apply to other tasks.
+ The MNIST results showing that the stochastic model training can produce a deterministic model (called DNN* in the paper) that generalizes better than a DNN trained with batch normalization and dropout is quite exciting.

Cons
- For the reasons outlined above, the paper is at times a bit hard to follow.
- The results CIFAR-10, CIFAR-100, and SVHN would be more convincing if the baselines used dropout and batch normalization.  While this is shown on MINST, demonstration of a similar result on a more challenging task would strengthen the paper.

Minor issues

It has been believed that stochastic → It is believed that stochastic

underlying these successes is on the efficient training methods → underlying these successes is efficient training methods

necessary in order to model complex stochastic natures in many real-world tasks → necessary in to model the complex stochastic nature of many real-world tasks

structured prediction, image generation and memory networks : memory networks are models, not tasks.

Furthermore, it has been believed that SFNN → Furthermore, it is believed that SFNN

using backpropagation under the variational techniques and the reparameterization tricks  → using backpropagation with variational techniques and reparameterization tricks

There have been several efforts developing efficient training methods → There have been several efforts toward developing efficient training methods

However, training SFNN is still significantly slower than doing DNN → However, training a SFNN is still significantly slower than training a DNN

e.g., most prior works on this line have considered a → consequently most prior works in this area have considered a

Instead of training SFNN directly → Instead of training a SFNN directly

whether pre-trained parameters of DNN → whether pre-trained parameters from a DNN

with further fine-tuning of light cost → with further low-cost fine-tuning

recent advances in DNN on its design and training → recent advances in DNN design and training

it is rather believed that transferring parameters →  it is believed that transferring parameters

but the opposite direction is unlikely possible → but the opposite is unlikely

To address the issues, we propose → To address these issues, we propose

which intermediates between SFNN and DNN, → which is intermediate between SFNN and DNN,

in forward pass and computing gradients in backward pass → in the forward pass and computing gradients in the backward pass

in order to handle the issue in forward pass →  in order to handle the issue in the forward pass

Neal (1990) proposed a Gibbs sampling → Neal (1990) proposed Gibbs sampling

for making DNN and SFNN are equivalent → for making the DNN and SFNN equivalent

in the case when DNN uses the unbounded ReLU → in the case when the DNN uses the unbounded ReLU

are of ReLU-DNN type due to the gradient vanishing problem → are of the ReLU-DNN type because they mitigate the gradient vanishing problem

multiple modes in outupt space y → multiple modes in output space y

The only first hidden layer of DNN → Only the first hidden layer of the DNN

is replaced by stochastic one, → is replaced by a stochastic layer,

the former significantly outperforms for the latter for the → the former significantly outperforms the latter for the

simple parameter transformations from DNN to SFNN are not clear to work in general, → simple parameter transformations from DNN to SFNN do not clearly work in general,

is a special form of stochastic neural networks → is a special form of stochastic neural network

As like (3), the first layer is → As in (3), the first layer is

This connection naturally leads an efficient training procedure → This connection naturally leads to an efficient training procedure
",0,Human,0.0484114289283752,0.9968308806419371,0.9963175234152004,1.504743218421936,LABEL_1,0
"This paper presents an information theoretic framework for unsupervised learning. The framework relies on infomax principle, whose goal is to maximize the mutual information between input and output. The authors propose a two-step algorithm for learning in this setting. First, by leveraging an asymptotic approximation to the mutual information, the global objective is decoupled into two subgoals whose solutions can be expressed in closed form. Next, these serve as the initial guess for the global solution, and are refined by the gradient descent algorithm.

While the story of the paper and the derivations seem sound, the clarity and presentation of the material could improve. For example, instead of listing step by step derivation of each equation, it would be nice to first give a high-level presentation of the result and maybe explain briefly the derivation strategy. The very detailed aspects of derivations, which could obscure the underlying message of the result could perhaps be postponed to later sections or even moved to an appendix.

A few questions that the authors may want to clarify:
1. Page 4, last paragraph: ""from above we know that maximizing I(X;R) will result in maximizing I(Y;R) and I(X,Y^U)"". While I see the former holds due to equality in 2.20, the latter is related via a bound in 2.21. Due to the possible gap between I(X;R) and I(X,Y^U), can your claim that maximizing of the former indeed maximizes the latter be true?
2. Paragraph above section 2.2.2: it is stated that, dropout used to prevent overfitting may in fact be regarded as an attempt to reduce the rank of the weight matrix. No further tip is provided why this should be the case. Could you elaborate on that?
3. At the end of page 9: ""we will discuss how to get optimal solution of C for two specific cases"". If I understand correctly, you actually are not guaranteed to get the optimal solution of C in either case, and the best you can guarantee is reaching a local optimum. This is due to the nonconvexity of the constraint 2.80 (quadratic equality). If optimality cannot be guaranteed, please correct the wording accordingly.
",0,Human,0.5181878805160522,0.1148213148117065,0.97683469299227,1.6079272031784058,LABEL_0,1
"The paper contributes to recent work investigating how neural networks can be used on graph-structured data. As far as I can tell, the proposed approach is the following:

  1. Construct a hierarchical set of ""objects"" within the graph. Each object consists of multiple ""parts"" from the set of objects in the level below. There are potentially different ways a part can be part of an object (the different \pi labels), which I would maybe call ""membership types"". In the experiments, the objects at the bottom level are vertices. At the next level they are radius 0 (just a vertex?) and radius 1 neighborhoods around each vertex, and the membership types here are either ""root"", or ""element"" (depending on whether a vertex is the center of the neighborhood or a neighbor). At the top level there is one object consisting of all of these neighborhoods, with membership types of ""radius 0 neighborhood"" (isn't this still just a vertex?) or ""radius 1 neighborhood"".

  2. Every object has a representation. Each vertex's representation is a one-hot encoding of its degree. To construct an object's representation at the next level, the following scheme is employed:

    a. For each object, sum the representation of all of its parts having the same membership type.
    b. Concatenate the sums obtained from different membership types.
    c. Pass this vector through a multi-layer neural net.

I've provided this summary mainly because the description in the paper itself is somewhat hard to follow, and relevant details are scattered throughout the text, so I'd like to verify that my understanding is correct.

Some additional questions I have that weren't clear from the text: how many layers and hidden units were used? What are the dimensionalities of the representations used at each layer? How is final classification performed? What is the motivation for the chosen ""ego-graph"" representation? 

The proposed approach is interesting and novel, the compression technique appears effective, and the results seem compelling. However, the clarity and structure of the writing is quite poor. It took me a while to figure out what was going on---the initial description is provided without any illustrative examples, and it required jumping around the paper to figure for example how the \pi labels are actually used. Important details around network architecture aren't provided, and very little in the way of motivation is given for many of the choices made. Were other choices of decomposition/object-part structures investigated, given the generality of the shift-aggregate-extract formulation? What motivated the choice of ""ego-graphs""? Why one-hot degrees for the initial attributes?

Overall, I think the paper contains a useful contribution on a technical level, but the presentation needs to be significantly cleaned up before I can recommend acceptance.",0,Human,0.577178418636322,0.9478550553321838,0.989154110196978,1.571385622024536,LABEL_0,0
"---

**Review of the Paper on Mnemonic Device for Memorizing Numbers Using the Major System**

**Strengths:**

1. **Novelty and Relevance:** The paper introduces an innovative method to create memorable word sequences using the major system, a proven mnemonic technique. This approach is particularly useful for enhancing password memorability, a crucial aspect in cybersecurity.

2. **Sophisticated Generation:** The incorporation of part-of-speech templates and n-gram language models to generate sentences that sound natural significantly boosts the memorability of the created sequences.

3. **Empirical Evidence:** The inclusion of a user study to measure the effectiveness of the proposed system in improving password recall adds strong support to the authors' claims.

4. **Comprehensive Review:** The paper offers a thorough overview of existing tools and previous research, pinpointing areas where the new system can make a meaningful difference.

5. **Versatile Applications:** The system is highlighted for its potential uses, including encoding smartphone passcodes and memorizing the digits of π, expanding its impact.

**Weaknesses:**

1. **Incomplete Structure:** The paper feels incomplete due to awkward sections and inconsistent formatting. It’s unclear whether certain parts have been cut short or if there’s a mistake in the document structure.

2. **Lack of Detail:** The methodology section is somewhat sparse. While it mentions the use of n-gram models and part-of-speech (POS) templates, specific training procedures and algorithmic details are lacking. More specifics here would help understand the implementation better.

3. **Insufficient Comparison:** The paper doesn’t include a direct comparison with other existing systems, making it hard to quantify the advantages of this new approach.

4. **User Study Shortcomings:** The description of the user study is quite brief. Details about the study design, sample size, and statistical analysis are needed to validate the findings.

5. **Limited Scalability:** The user study only looked at eight-digit numbers. It would be interesting to see how the system performs with different lengths and complexities of numbers.

**Suggestions for Improvement:**

1. **Complete the Paper:** Ensure all sections are fully developed and properly formatted. This includes filling in details in the methodology and results sections.

2. **Expand Methodology Section:** Include more detail on how the n-gram models and POS templates were trained and implemented. Providing algorithms and parameter settings will enhance understanding.

3. **Detailed User Study:** Elaborate on the",1,AI,0.8662590980529785,0.99431711435318,0.914978351444006,1.335124969482422,LABEL_0,0
"
The paper introduces DrWiki, a system designed for open-domain question answering using Wikipedia as its sole knowledge base. DrWiki is composed of two primary components: a Document Retriever and a Document Reader. The Document Retriever leverages bigram hashing and TFIDF matching to quickly identify pertinent articles, while the Document Reader employs a multi-layer recurrent neural network to pinpoint exact answer spans within those articles. 

In evaluating DrWiki, the authors test it against various QA datasets, showcasing its efficacy and highlighting the benefits of multitask learning and distant supervision techniques. 

### Strengths

- **Novel Approach**: By utilizing Wikipedia, the paper tackles an important challenge in QA by capitalizing on the vast and up-to-date information available there. This approach is highly relevant given the reliability and comprehensiveness of Wikipedia.
  
- **Design**: The modular structure of DrWiki, separating retrieval from reading tasks, is both innovative and practical. This design ensures efficient and accurate processing, essential for dealing with the expansive content of Wikipedia.
  
- **Evaluation**: The comprehensive evaluation across multiple datasets, including SQuAD, demonstrates DrWiki’s superior performance. The inclusion of multitask learning and distant supervision further enhances its capabilities.
  
- **Contextual Positioning**: By placing DrWiki alongside established systems like IBM’s DeepQA and YodaQA, the paper offers a clear picture of its place in the broader landscape of QA research and highlights its unique features.

### Weaknesses

- **Methodology Details**: The authors do an adequate job describing DrWiki’s components, but they could benefit from more detailed explanations of the underlying algorithms and training processes. This would greatly aid readers in understanding how DrWiki functions.
  
- **Limitations Discussion**: The paper should delve deeper into the potential drawbacks of relying solely on Wikipedia. Issues such as coverage gaps, data biases, and challenges in managing outdated or ambiguous information could be addressed.
  
- **Scalability**: Despite promising efficiencies in article retrieval, the authors don’t thoroughly examine the scalability of their system. Discussing computational requirements and time complexity as Wikipedia grows would be insightful.
  
- **Evaluation Metrics**: The report mentions state-of-the-art performance but doesn’t provide detailed metrics or comparisons with baselines. Offering precision, recall, and F1 scores, among other relevant statistics, would bolster the evaluation.

### Suggestions

To improve DrWiki’s impact and credibility, future work could focus on refining its methodology,",1,AI,0.8989583253860474,0.9917826652526855,0.9538001641631126,1.6135423183441162,LABEL_0,0
"---

**RELATED WORK**

The paper's introduction is well-crafted and offers a clear summary of the related work in the field of computer vision. The authors have effectively covered the key concepts and techniques, along with a lucid explanation of how their work aligns with and diverges from previous research.

Strengths:

- The paper gives a clear and succinct overview of the related work in computer vision.
- The authors have done an excellent job of summarizing the important concepts and techniques, and have explained how their approach integrates with existing studies.

Weaknesses:

- The paper could benefit from a more detailed exploration of the specific challenges and limitations associated with current state-of-the-art methods.
- The inclusion of illustrative examples would help clarify the theoretical concepts and techniques discussed.

Suggestions for Improvement:

- Offer a more detailed analysis of the challenges and limitations of contemporary methodologies.
- Provide additional examples and visual aids to enhance understanding of the various concepts and techniques.

---

**MODEL**

The model described in the paper is well-defined and easy to grasp. The authors have done an adequate job of detailing the different components and explaining how they interrelate.

Strengths:

- The model is clearly defined and straightforward.
- The authors have effectively outlined the various parts of the model and their interactions.

Weaknesses:

- A more thorough explanation of the specific design decisions made within the model and their motivations would be beneficial.
- Providing additional examples and visual aids could help illustrate the model's components and interactions more clearly.

Suggestions for Improvement:

- Explain more thoroughly the design choices and their underlying rationale.
- Include more examples and visuals to better illustrate the model’s components and their interactions.

---

**EXPERIMENTS**

The experiments section is well-presented and clearly outlines the results achieved by the authors. The authors have adequately explained the different experiments and how they were designed and conducted.

Strengths:

- The experiments section is well-written and comprehensively covers the results.
- The authors have effectively outlined the different experiments and their design and execution.

Weaknesses:

- A more detailed examination of the experimental design choices and their justifications would be useful.
- Illustrative examples and visual aids could enhance the clarity of the experiments.

Suggestions for Improvement:

- Provide a more detailed analysis of the experimental design choices and their rationales.
- Include more examples and visual aids to better illustrate the experiments.

---",1,AI,0.8661426305770874,0.9986807703971864,0.8844424337148666,0.8204228281974792,LABEL_0,0
"---

**Introduction**

The introduction is clear and succinct, offering a good overview of the paper’s key contributions. The authors adeptly establish the context for the study by emphasizing the significance of writing styles and their potential influence on written language quality. The references cited are relevant and current.

Strengths: Clear and concise introduction, relevant references.

Weaknesses: The introduction might benefit from an expanded explanation of the story cloze task and its relevance to the study.

Suggestions for improvement: Offer a more detailed explanation of the story cloze task and its importance within the study.

**Background: The Story Cloze Task**

The background section provides a good overview of the story cloze task, detailing its design and the challenges it presents. The authors effectively communicate the task’s relevance to the study and highlight its potential as a testing ground for assessing written language quality.

Strengths: Clear and concise explanation of the story cloze task, relevance to the study.

Weaknesses: The section could benefit from more details about the task’s design and the challenges it entails.

Suggestions for improvement: Include more information on the task’s design and the specific hurdles it presents.

**Methodology**

The methodology section is clear and concise, offering a good overview of the authors’ approach to the study. They clearly explain their use of a linear classifier and the features employed to train it.

Strengths: Clear and concise methodology, effective explanation of the authors’ approach.

Weaknesses: The section could benefit from more detail regarding the features used to train the classifier and the study’s results.

Suggestions for improvement: Elaborate on the features used to train the classifier and report the study’s outcomes in greater depth.

**Results**

The results section is clear and concise, presenting a good summary of the findings. The authors effectively present their results and underscore their significance.

Strengths: Clear and concise results, effective presentation of findings.

Weaknesses: The section could benefit from more detail on the results and their implications.

Suggestions for improvement: Provide additional details on the results and their implications.

**Conclusion**

The conclusion is clear and concise, summarizing the paper’s key contributions. The authors effectively highlight the significance of their findings and discuss their potential impact on the field.

Strengths: Clear and concise conclusion, effective summary of main contributions.

Weaknesses: The section could benefit from more elaboration on the implications of the findings and their potential applications.

Suggestions for improvement: Offer more insights into the",1,AI,0.9023979902267456,0.999617338180542,0.9314557053148746,0.812043309211731,LABEL_0,0
"

The paper delves into representation learning, specifically exploring how to integrate Variational Autoencoders (VAEs) with autoregressive models to enhance both density estimation and effective representation learning. It tackles the common issue where VAEs might not perform as well when paired with powerful autoregressive models. The authors propose a new model designed to strike a balance between these elements, tackling the challenge of the autoregressive component dominating and rendering latent variables inactive.

### Strengths

1. **Clear Problem Statement**: By identifying VAEs' limitations, particularly when combined with autoregressive models, the paper addresses a widely recognized issue in the field. This makes it relevant and timely.

2. **In-depth Background**: The paper provides a comprehensive review of the state of representation learning, VAEs, and autoregressive models, setting a strong foundation for understanding the challenges and proposed solutions.

3. **Fresh Insights**: By offering new perspectives on why VAEs might fail to encode effectively, including insights into the role of the decoder and the Bits-Back Coding theory, the paper contributes valuable theoretical insights.

4. **Practical Validation**: The paper demonstrates superior log-likelihood performance on datasets such as MNIST, OMNIGLOT, and Caltech-101, showcasing both the theoretical soundness and practical effectiveness of the proposed model.

### Weaknesses

1. **Lack of Detailed Methodology**: While the paper discusses the problem and provides theoretical insights, it doesn't offer a clear description of how the hybrid model is constructed or how it addresses the identified issues.

2. **Insufficient Empirical Support**: The paper claims state-of-the-art results but lacks detailed experimental setups, comparisons, and ablation studies. This makes it challenging to fully assess the robustness and generalizability of the findings.

3. **Complexity and Scalability**: The paper doesn't address the computational complexity and scalability of the model, which are crucial considerations given the combination of VAEs and autoregressive models.

4. **Clarity and Organization**: Sections like the discussion on Bits-Back Coding can be quite dense, making them difficult for readers unfamiliar with the concept. The paper could benefit from clearer explanations and visual aids to improve readability.

### Suggestions for Improvement

To strengthen the paper, consider providing a more detailed explanation of the proposed model and its construction. Include empirical validation through additional experiments, comparisons, and ablation studies. Discuss the computational",1,AI,0.8702256679534912,0.9970628619194032,0.9790472202003002,1.3581160306930542,LABEL_0,0
"**Review of the Paper:**

**Title:** Scaling Bayesian Learning of Recurrent Neural Networks with Stochastic Gradient MCMC

**Strengths:**

1. **Novelty and Contribution:**
   - The paper makes a notable contribution by introducing Stochastic Gradient Markov Chain Monte Carlo (SG-MCMC) methods to Recurrent Neural Networks (RNNs). This approach is fresh because traditional work has mainly focused on feed-forward networks.
   - By employing SG-MCMC for training ensembles of networks, the paper innovatively incorporates model uncertainty and improves generalization, providing a compelling rationale.

2. **Theoretical Justification:**
   - The authors provide robust theoretical backing for their method, citing its asymptotic and non-asymptotic consistency properties. This lends credence to the potential effectiveness of their approach.

3. **Comprehensive Literature Review:**
   - The related work section is comprehensive, touching on both Bayesian learning methods and dropout techniques. This contextualizes the paper within the existing field and underscores its unique contribution.

4. **Practical Considerations:**
   - The scalability of SG-MCMC is highlighted, which is crucial for processing large datasets, especially those common in natural language processing. This makes the paper highly relevant to practical applications.

5. **Experimental Validation:**
   - Despite claiming extensive experiments on various natural language processing tasks, the paper lacks detailed descriptions of the experimental setups, datasets, and specific results obtained. This makes it challenging to fully assess the empirical support for the claims.

**Weaknesses:**

1. **Incomplete Content:**
   - The paper is somewhat disjointed, with missing sections and abrupt transitions. This makes it difficult to fully understand the methodology, results, and conclusions.

2. **Lack of Experimental Details:**
   - Although the authors mention extensive experiments, they do not provide sufficient details about the experimental setup, datasets, or specific results. This makes it hard to evaluate the paper’s findings.

3. **Clarity and Readability:**
   - The paper suffers from several typographical errors and formatting issues, such as broken sentences and missing figures. These issues detract from the overall quality and professionalism of the document.

4. **Comparison with Baselines:**
   - There is no clear comparison between the proposed method and established state-of-the-art techniques. A comparative analysis would bolster the paper’s claims.

5. **Technical Depth:**
   - The explanation of key technical aspects could be more thorough. For instance, the paper could delve",1,AI,0.887681782245636,0.9949407577514648,0.8470364958047867,1.172488570213318,LABEL_0,0
"**Title: Hybrid Neural Inference Models for Natural Language Inference**

**Review:**

**Strengths:**

- The paper tackles a crucial issue in natural language processing (NLP): natural language inference (NLI), which is pivotal for advanced language understanding by determining if a hypothesis logically follows from a premise.
- The authors claim a groundbreaking 88.6% accuracy on the SNLI benchmark, showcasing the model's effectiveness and advancing the state-of-the-art significantly.
- By integrating sequential inference models with syntactic parsing through recursive networks, the paper offers an innovative approach that holds promise for future developments in NLI tasks.
- The paper includes a comprehensive overview of related work, providing context for its contributions and highlighting the evolving landscape of NLI models.
- The architectural overview (Fig. 1) is clear, dividing the system into input encoding, local inference modeling, and inference composition, which are explained logically.

**Weaknesses:**

- While the model components are outlined, they lack detailed explanations of how these parts collaborate to achieve superior performance. Specifically, the enhancement of accuracy by syntactic parsing information is not fully explored.
- The paper doesn't provide sufficient details about its experimental setup, including hyperparameters, training processes, and computational resources. This hinders replication of the results and interpretation of practical applications.
- Accuracy is the primary focus of evaluation metrics. Including precision, recall, and F1-score would offer a more holistic assessment of the model’s performance.
- Comparative analysis with other models is sparse, lacking detailed evaluations across different metrics. A comparative table or discussion would bolster the paper’s claims.
- The structure and clarity of some sections need improvement. Sections like the introduction and related work could benefit from clearer organization and simplification.",1,AI,0.8122725486755371,0.9796199202537536,0.8504591658711433,1.7331994771957395,LABEL_0,0
"This paper proposed a set of different things under the name of ""sampling generative models"", focusing on analyzing the learned latent space and synthesizing desirable output images with certain properties for GANs.  This paper does not have one single clear message or idea, but rather proposed a set of techniques that seem to produce visually good looking results.  While this paper has some interesting ideas, it also has a number of problems.

The spherical interpolation idea is interesting, but after a second thought this does not make much sense.  The proposed slerp interpolation equation (page 2) implicitly assumes that the two points q1 and q2 lie on the same sphere, in which case the parameter theta is the angle corresponding to the great arc connecting the two points on the sphere.  However, the latent space of a GAN, no matter trained with a uniform distribution or a Gaussian distribution, is not a distribution on a sphere, and many points have different distances to the origin.  The author's justification for this comes from the well known fact that in high dimensional space, even with a uniform distribution most points lie on a thin shell in the unit cube.  This is true because in high-dimensional space, the outer shell takes up most of the volume in space, and the inner part takes only a very small fraction of the space, in terms of volume.  This does not mean the density of data in the outer shell is greater than the inner part, though.  In a uniform distribution, the data density should be equal everywhere, a point on the outer shell is not more likely than a point in the inner part.  Under a Gaussian model, the data density is on the other hand higher in the center and much lower on the out side.  If we have a good model of data, then sampling the most likely points from the model should give us plausible looking samples.  In this sense, spherical interpolation should do no better than the normally used linear interpolation.  From the questions and answers it seems that the author does not recognize this distinction.  The results shown in this paper seem to indicate that spherical interpolation is better visually, but it is rather hard to make any concrete conclusions from three pairs of examples.  If this is really the case then there must be something else wrong about our understanding of the learned model.

Aside from these, the J-diagram and the nearest neighbor latent space traversal both seems to be good ways to explore the latent space of a learned model.  The attribute vector section on transforming images to new ones with desired attributes is also interesting, and it provides a few new ways to make the GAN latent space more interpretable.

Overall I feel most of the techniques proposed in this paper are nice visualization tools.  The contributions however, are mostly on the design of the visualizations, and not much on the technical and model side.  The spherical interpolation provides the only mathematical equation in the paper, yet the correctness of the technique is arguable.  For the visualization tools, there are also no quantitative evaluation, maybe these results are more art than science.",0,Human,0.0230955481529235,0.9978067278862,0.9812866058200598,1.536831021308899,LABEL_1,0
"
Paper summary: this work presents ENet, a new convnet architecture for semantic labeling which obtains comparable performance to the previously existing SegNet while being ~10x faster and using ~10x less memory. 


Review summary: Albeit the results seem interesting, the paper lacks detailed experimental results, and is of limited interest for the ICLR audience.


Pros:
* 10x faster
* 10x smaller
* Design rationale described in detail


Cons:
* The quality of the reference baseline is low. For instance, cityscapes results are 58.3 IoU while state of the art is ~80 IoU. Thus the results are of limited interest.
* The results that support the design rationale are not provided. It is important to provide the experimental evidence to support each claim.


Quality: the work is interesting but feels incomplete. If your model is 10x faster and smaller, why not try build a model 10x longer to obtain improved results ? The paper focuses only on  nimbleness at the cost of quality (using a weak baseline). This limits the interest for the ICLR audience.


Clarity: the overall text is somewhat clear, but the model description (section 3) could be more clear. 


Originality: the work is a compendium of “practitioners wisdom” applied to a specific task. It has thus limited originality.


Significance: I find the work that establishes a new “best practices all in one” quite interesting, but however these must shine in all aspects. Being fast at the cost of quality, will limit the impact of this work.


Minor comments:
* Overall the text is proper english but the sentences constructions is often unsound, specific examples below. 
* To improve the chances of acceptance, I invite the authors to also explore bigger models and show that the same “collected wisdom” can be used both to reach high speed and high quality (with the proper trade-off curve being shown). Aiming for only one end of the quality versus speed curve limits too much the paper.
* Section 1: “mobile or battery powered … require rates > 10 fps“. 10 fps with which energy budget ? Should not this be  > 10 fps && < X Watt.
* “Rules and ideas” -> rules seem too strong of a word, “guidelines” ?
* “Is of utmost importance” -> “is of importance” (important is already important)
* “Presents a trainable network … therefore we compare to … the large majority of inference the same way”; the sentence makes no sense to me, I do not see the logical link between before and after “therefore”
* Scen-parsing -> scene-parsing
* It is arguable if encoder and decoder can be called “separate”
* “Unlike in Noh” why is that relevant ? Make explicit or remove
* “Real-time” is vague, you mean X fps @ Y W ?
* Other existing architectures -> Other architectures
* Section 3, does not the BN layer include a bias term ? Can you get good results without any bias term ?
* Table 1: why is the initial layer a downsampling one, since the results has half the size of the input ?
* Section 4, non linear operations. What do you mean by “settle to recurring pattern” ?
* Section 4, dimensionality changes. “Computationally expensive”, relative to what ?
* Section 4, dimensionality changes. “This technique ... speeds-up ten times”, but does not provide the same results. Without an experimental validation changing an apple for an orange does not make the orange better than the apple.
* Section 4, dimensionality changes. “Found one problem”, problem would imply something conceptually wrong. This is more an “issue” or an “miss-match” when using ResNet for semantic labelling.
* Section 4, factorizing filters. I am unsure of why you call nx1 filter asymmetric. A filter could be 1xn yet be symmetric (e.g. -2 -1 0 1 2). Why not simply call them rectangular filters ?
* Section 4, factorizing filters. Why would this change increase the variety ? I would have expected the opposite.
* Section 4, regularization. Define “much better”.
* Section 5.1; “640x360 is adequate for practical applications”; for _some_ applications.
* Section 5.2, “very quickly” is vague and depends on the reader expectations, please be quantitative.
* Section 5.2, Haver -> have
* Section 5.2, in this work -> In this work
* Section 5.2, unclear what you use the class weighting for. Is this for class balancing ?
* Section 5.2, Cityscapes was -> Cityscapes is
* Section 5.2, weighted by the average -> is each instance weighted relative the average object size.
* Section 5.2, fastest model in the Cityscapes -> fastest model in the public Cityscapes",0,Human,0.4664056897163391,0.015825867652893,0.9474907275289296,1.9497145414352417,LABEL_1,1
"**Review of the Paper on Zero-Shot Task Generalization in Reinforcement Learning**

**Strengths:**

1. **Novelty and Relevance:** The paper tackles a critical issue in reinforcement learning (RL) – zero-shot task generalization. This is an essential capability for artificial agents, mirroring human adaptability to new tasks without additional training. The focus on instruction execution and the capacity to generalize to unseen and longer sequences of instructions is both novel and relevant to advancing RL.

2. **Hierarchical Architecture:** The proposed hierarchical deep RL model, incorporating a meta controller and a subtask controller, is well-structured. This framework enables the division of tasks into subtasks, aiding in the adaptation to new tasks. The use of parameterized options and analogy-making regularization are innovative approaches to enhancing generalization.

3. **Empirical Validation:** The paper presents empirical evidence from a 2D grid world and a 3D visual environment, showcasing the model’s effectiveness in zero-shot performance. These results demonstrate that the model can generalize to new tasks effectively, which is a significant accomplishment.

4. **Comprehensive Related Work:** The paper offers a detailed review of related research, positioning this work within the broader context of hierarchical RL, zero-shot learning, and instruction execution. This helps clarify the contributions and advancements made by the paper.

**Weaknesses:**

1. **Clarity and Organization:** The paper could benefit from clearer and more organized presentation. Sections like the introduction and related work could be enhanced with clearer headings and simplified language to improve readability. Breakdown of complex ideas into smaller, more digestible parts would also be beneficial.

2. **Explanation:** While the paper introduces several novel concepts, including analogy-making regularization and the differentiable neural architecture for the meta controller, these are not thoroughly explained. Providing more detailed descriptions and potentially illustrative examples would help readers grasp these contributions better.

3. **Scope of Experiments:** The experiments are confined to a 2D grid world and a 3D visual environment. To strengthen the paper, testing the architecture in more varied and complex scenarios would be valuable. This would help demonstrate the model’s robustness and scalability across different environments.

4. **Assumptions and Limitations:** The paper lacks a thorough discussion of the assumptions underlying the proposed method and its potential limitations. For example, the assumption that the agent receives no intermediate feedback might be restrictive in real-world applications. A more comprehensive examination of these factors would provide a more nuanced understanding of the model's capabilities and constraints.",1,AI,0.8029863238334656,0.999011754989624,0.7702878639101982,1.439627766609192,LABEL_0,0
"**Review:**

**Strengths:**

1. **Innovative Concept:** The paper introduces a fresh idea called ""Information Dropout,"" designed to enhance neural network performance by deliberately injecting multiplicative noise into layer activations. This technique leverages the Information Bottleneck principle to offer a robust theoretical foundation for optimizing dropout methods.

2. **Strong Theoretical Basis:** By aligning Information Dropout with the Information Bottleneck principle, the authors provide a compelling rationale for why this approach works. This connection offers a new way to think about how neural networks can filter out irrelevant information during training.

3. **Unified Framework:** The paper effectively places Information Dropout within an existing framework of dropout methods, such as binary dropout and Variational Dropout. This unification simplifies the understanding of different dropout techniques and provides a cohesive analytical toolset.

4. **Practical Advantages:** Experimental results show that Information Dropout significantly improves generalization performance, especially in smaller models where other dropout methods often falter. Its ability to adjust noise levels based on the network architecture and individual samples is a key strength.

5. **Empirical Validation:** The paper includes practical demonstrations of Information Dropout’s effectiveness through comparisons against standard dropout methods, solidifying its utility in real-world applications.

**Weaknesses:**

1. **Accessibility:** The paper is steeped in complex theoretical concepts, which might be difficult for readers without a background in information theory or the Information Bottleneck principle. A clearer explanation of these concepts would make the paper more accessible to a broader audience.

2. **Experimental Details:** While the paper mentions several experiments, it lacks detailed information about the experimental setup, datasets used, and specific evaluation metrics. More comprehensive details would strengthen the experimental section.

3. **Comparative Analysis:** The improvements noted for Information Dropout are promising, but a more extensive comparison with a broader range of baseline methods would provide a clearer picture of its strengths and limitations.

4. **Scalability and Complexity:** The computational efficiency and scalability of Information Dropout are not discussed, which is crucial given the potential for large-scale deployment. Exploring how the method performs in larger models and its impact on training times and resources would be valuable.

5. **Discussion of Limitations:** The paper doesn’t delve deeply into the potential drawbacks or scenarios where Information Dropout might underperform. A more thorough discussion of these limitations would provide a balanced view of the method.

**Suggestions for Improvement:**

1. **Enhance Clarity:** Simplify the theoretical foundations and experimental descriptions to make them more understandable to a broader audience.",1,AI,0.7477567791938782,0.996939182281494,0.72176593542099,1.254508137702942,LABEL_0,0
"---

**INTRODUCTION**
The introduction offers an overview of why deep neural networks (DNNs) are vital for many AI applications and highlights the necessity for efficient computing resources to handle their training and inference. It briefly touches upon the numerical representations and precision used in DNN implementations, a critical component of their design. However, this section could benefit from a deeper dive into the current state of DNN computing infrastructure and the challenges faced by existing systems.

**STRENGTHS:**  
- Provides a clear understanding of the importance of DNNs and the need for efficient computing resources.

**WEAKNESSES:**  
- Could expand on the current status of DNN computing infrastructure and address the limitations of existing designs.

**RECOMMENDATIONS FOR IMPROVEMENT:**  
- Include more context about the present capabilities and limitations of DNN computing infrastructure.

**CUSTOMIZED PRECISION HARDWARE**
This section delves into the design decisions made when representing real numbers in binary format and how these decisions affect hardware performance. It discusses the high-level decision between fixed-point and floating-point representations, as well as the customization of the bit allocation for both types of numbers. It also explains the hardware implications of these design choices in depth.

**STRENGTHS:**  
- Offers a comprehensive exploration of design choices and their impacts on hardware performance.

**WEAKNESSES:**  
- Could include more illustrative examples and case studies to better demonstrate the practical effects of these design choices.

**RECOMMENDATIONS FOR IMPROVEMENT:**  
- Incorporate more real-world examples and case studies to clarify the performance implications.

**EXPERIMENTAL RESULTS**
This section presents the outcomes of the authors' methodology for assessing how different precisions impact DNNs. They examine the accuracy and computational efficiency of DNNs under varying precision levels and offer a detailed analysis of their findings.

**STRENGTHS:**  
- Presents the experimental data on how different precisions affect DNNs.

**WEAKNESSES:**  
- Might benefit from more details on the experimental setup and the specific DNN architectures used in the tests.

**RECOMMENDATIONS FOR IMPROVEMENT:**  
- Provide more information about the experimental environment and the DNN models tested.

**CONCLUSION**
The conclusion summarizes the key points of the paper and briefly outlines the broader implications for designing DNN computing infrastructure.

**STRENGTHS:**  
- Summarizes the",1,AI,0.8687753677368164,0.9996496438980104,0.788537010550499,0.989110827445984,LABEL_0,0
"### Review of the Paper

#### Strengths

1. **Novel Approach**: The paper introduces an exciting new method to understand optimal retinal sampling designs using machine learning. It stands out by offering a fresh perspective, distinct from traditional biological approaches.

2. **Interdisciplinary Appeal**: By combining insights from biology and machine learning, the paper is accessible to a wide range of scientists—both neuroscientists and AI experts.

3. **Task-Driven Research**: Focusing on visual search tasks provides relevance and practical value, as these are fundamental to both biological and artificial vision studies.

4. **Emergent Property Exploration**: Investigating how task constraints shape the sampling lattice helps us better understand how neural networks can mimic biological vision.

5. **Technically Sound**: Utilizing gradient descent and differentiable models demonstrates a strong grasp of contemporary machine learning techniques.

#### Weaknesses

1. **Lack of Numerical Evidence**: The absence of quantitative results makes it hard to gauge the model's effectiveness. Readers need concrete metrics to evaluate its performance.

2. **Insufficient Biological Corroboration**: While the model draws inspiration from biological systems, there’s no direct comparison with real biological data, weakening the argument about its accuracy.

3. **Complexity Issues**: The paper is packed with technical jargon, making it challenging for non-experts to follow. The explanations should be clearer, particularly regarding the mathematical underpinnings of the model.

4. **Limited Discussion on Limitations**: The paper doesn’t delve into potential drawbacks like overfitting or the scope of its findings. These aspects are crucial for a comprehensive analysis.

5. **Incomplete Citations**: Some references are missing or improperly cited, which can affect readers' ability to fully understand the context and compare with other studies.

#### Suggestions for Improvement

1. **Add Quantitative Metrics**: Include performance measures such as accuracy, speed, or comparisons with existing methods to validate the model’s efficacy.

2. **Enhance Biological Validation**: Compare the model’s output against biological data to bolster its claims about mimicking primate retinas.

3. **Simplify Technical Details**: Make the explanations clearer and less complex to reach a broader audience. Avoid overly dense sections and consider breaking down key concepts.

4. **Address Limitations**: Discuss any potential limitations, such as overfitting to synthetic data or the extent to which the model applies to natural vision.

5. **Improve Referencing**: Ensure all citations are complete and accurate, providing a solid foundation for further research.",1,AI,0.7287476658821106,0.9797778129577636,0.9472671691328288,1.358399510383606,LABEL_0,0
"- summary

The paper proposes a differntiable Neural Physics Engine (NPE). The NPE consists of an encoder and a decoder function. The NPE takes as input the state of pairs of objects (within a neighbourhood of a focus object) at two previous time-steps in a scene. The encoder function summarizes the interaction of each pair of objects. The decoder then outputs the change in velocity of the focus object at the next time step. The NPE is evaluated on various environments containing bouncing balls.

- novelty

The differentiable NPE is a novel concept. However, concurrently Battaglia et al. (NIPS 2016) proposes a very similar model. Just as this work, Battaglia et al. (NIPS 2016) consider a model which consists of a encoder function (relation-centric) which encodes the interaction among a focus object and other objects in the scene and a decoder (relation-centric) function which considers the cumulative (encoded) effect of object interactions on the focus object and predicts effect of the interactions.  Aspects like only considering objects interactions within a neighbourhood (versus the complete object interaction graph in Battaglia et al.) based on euclideian distance  are novel to this work. However, the advantages (if any) of NPE versus the model of Battaglia et al. are not clear. Moreover, it is not clear how this neighbourhood thresholding scene would preform in case of n-ball systems, where gravitational forces of massive objects can be felt over large distances.

- citations 

This work includes all relevant citations.

- clarity

The article is well written and easy to understand.

- experiments 

Battaglia et al. evaluates on wider variety senerios compared to this work (e.g. n-bodies under gravitation, falling strings). Such experiments demonstrate the ability of the models to generalize. However, this work does include more in-depth experiments in case of bouncing balls compared to Battaglia et al. (e.g. mass estimation and varying world configurations with obstacles in the bouncing balls senerio). 

Moreover, an extensive comparison to Fragkiadaki et al. (2015) (in the bouncing balls senerios) is missing. The authors (referring to answer to question 4) do point out to comaprable numbers in both works, but the experimental settings are different.  Comparison in a billiard table senerio like that Fragkiadaki et al. (2015) where a initial force is applied to a ball, would have been enlightening. 

The authors only evaluate the error in velocity in the bouncing balls senerios. We understand that this model predicts only the velocity (refer to answer of question 2). Error analysis also with respect to ground truth ball position would be more enlightening. As small errors in velocity can quickly lead to entirely different scene configuration.

- conclusion / recommendation

The main issue with this work is the unclear novelty with respect to work of Battaglia et al. at NIPS'16. A quantitative and qualitative comparison with Battaglia et al. is lacking.  But the authors state that their work was developed independently.

Differentiable physics engines like NPE or that of Battaglia et al. (NIPS 2016) requires generation of an extensive amount of synthetic data to learn about the physics of a certain senerio. Moreover, extensive retraining is required to adapt to new sceneries (e.g. bouncing balls to n-body systems). Any practical advantage versus generating new code for a physics engine is not clear. Other ""bottom-up"" approaches like that of  Fragkiadaki et al. (2015) couple vision along with learning dynamics. However, they require very few input parameters (position, mass, current velocity, world configuration), as approximate parameter estimation can be done from the visual component.  Such approaches could be potentially more useful of a robot in ""common-sense"" everyday tasks (e.g. manipulation). Thus, overall potential applications of a differentiable physics engine like NPE is unclear.",0,Human,0.2016657590866089,0.945300281047821,0.5736847072839737,1.7055140733718872,LABEL_1,0
"
The paper introduces a new framework called Manager-Programmer-Computer (MPC) for neural program induction, particularly focusing on semantic parsing. This framework aims to utilize the strengths of traditional computers—like their memory and ability to perform discrete operations—to overcome the difficulties in training neural networks with limited supervision. 

The paper also presents the Neural Symbolic Machine (NSM), which merges a sequence-to-sequence model with a non-differentiable Lisp interpreter. This integration allows the machine to run programs against a vast knowledge base.

### Strengths

1. **Innovative Approach**: The MPC framework represents a novel way to blend neural networks with traditional computing methods. By incorporating roles like a manager, programmer, and computer, the system adeptly handles the challenges posed by non-differentiable operations during training.

2. **Addressing Weak Supervision**: The paper tackles the issue of weak supervision, which is essential for scaling semantic parsing tasks. By employing a reward-based system to guide the learning process, the authors offer a practical solution for situations where annotated data is scarce.

3. **Technological Advancements**: The paper brings several valuable technological contributions. These include leveraging key-variable memory to support language compositionality and integrating REINFORCE with an iterative maximum likelihood process. These enhancements help manage the search problem and improve training efficiency.

4. **State-of-the-Art Performance**: The NSM demonstrates top performance on the WEBQUESTIONSSP dataset, showcasing the effectiveness of the proposed approach. Its end-to-end training without relying on feature engineering is a notable strength.

5. **Clarity in Problem Statement**: The paper clearly delineates the semantic parsing task and outlines the challenges associated with it, providing a robust foundation for the proposed solution.

### Weaknesses

1. **Complexity**: Although innovative, the MPC framework is quite intricate. The integration of various components such as the manager, programmer, computer, and the use of both REINFORCE and maximum likelihood training could be challenging for practitioners to implement and understand.

2. **Limited Evaluation**: The evaluation is mainly based on the WEBQUESTIONSSP dataset. Assessing the framework's performance across other datasets or tasks would provide a better understanding of its versatility and generalization capabilities.

3. **Scalability Concerns**: While the framework promises scalability through weak supervision, there is little discussion about its actual scalability regarding computational resources and time. The use of a Lisp interpreter and large knowledge bases might introduce bott",1,AI,0.7672275304794312,0.9946558475494384,0.9772528354078532,1.5644763708114624,LABEL_0,0
"**Title: PixelVAE: A Latent Variable Model for Image Generation**

**Strengths:**

1. **Innovative Approach:** The paper introduces PixelVAE, a groundbreaking model that merges the strengths of Variational Autoencoders (VAEs) and PixelCNNs. By blending these techniques, PixelVAE offers a more robust generative model for images, harnessing the power of latent variables alongside the autoregressive properties of PixelCNNs.

2. **Hierarchical Model:** Extending PixelVAE to include a hierarchical structure with multiple stochastic layers significantly enhances its capability. This allows the model to capture both global and local features within images, making it particularly adept at generating high-quality visual outputs.

3. **Empirical Validation:** The authors provide compelling empirical evidence, showcasing that PixelVAE outperforms existing models in terms of likelihood on tasks like MNIST and even on more challenging datasets like 64x64 ImageNet and LSUN bedrooms. The model excels in producing high-quality samples and effectively learns meaningful latent representations.

4. **Efficiency:** By employing a streamlined PixelCNN architecture and leveraging latent variables to encapsulate global patterns, PixelVAE reduces computational overhead. This makes it more scalable for handling larger datasets, offering practical benefits.

5. **Comprehensive Evaluation:** The study thoroughly compares PixelVAE against various existing approaches across multiple datasets, emphasizing its superior performance in likelihood, sample quality, and latent representation learning.

**Weaknesses:**

1. **Model Complexity:** The paper's detailed model architecture can be challenging to understand without further explanation. The hierarchical structure and underlying mathematics might need clearer elucidation to facilitate broader adoption.

2. **Limitations Discussion:** Although the paper highlights PixelVAE’s strengths, it lacks a nuanced discussion about potential limitations. For example, the stability and convergence issues associated with the hierarchical design should be addressed.

3. **Ablation Studies:** To better comprehend how individual components contribute to the model’s success, additional ablation studies could shed light on the significance of different architectural choices, such as the number of stochastic layers and the choice of autoregressive priors.

4. **Versatility:** While the focus is on image generation, the paper could expand to explore the model's applicability in other domains, including text and audio generation, to demonstrate its broader utility.

**Suggestions for Improvement:**

1. **Improved Clarity:** Enhancing the explanation of the hierarchical model and the underlying mathematics would help readers grasp the model's complexities more easily. Providing",1,AI,0.6680927276611328,0.9990984201431274,0.8780293390154839,1.4128129482269287,LABEL_0,0
"### Review of the Paper

#### Strengths

1. **Novelty and Inspiration**: The paper introduces a fascinating concept called ""defoveating autoencoders"" (DFAEs), inspired by how humans perceive high detail from low-fidelity inputs. This is an innovative approach that draws on biological insights to enhance artificial neural network design.

2. **Clear Motivation**: The introduction lays out a strong case for exploring how neural networks can learn from low-detail inputs, setting up the research with an effective contrast to current deep learning limitations.

3. **Comprehensive Related Work**: The related work section is thorough, covering various areas like denoising autoencoders, image super-resolution, and attention mechanisms. It places the research within the broader context of existing studies and highlights the unique focus on perception through generative models.

4. **Framework Explanation**: The paper clearly explains the DFAE framework, highlighting how it diverges from traditional autoencoders and the specific scientific questions it aims to address. The use of generative models to study perception is a thoughtful approach.

5. **Future Potential**: The paper suggests promising avenues for future work, such as incorporating attention mechanisms into the DFAE framework, which could lead to significant advancements and applications.

#### Weaknesses

1. **Lack of Experimental Results**: The paper lacks concrete experimental results or empirical validations of the proposed DFAE framework. Without these, it's challenging to assess the practical effectiveness and performance of the approach.

2. **Limited Technical Details**: The conceptual framework is well-explained, but the implementation specifics—such as the architecture, training process, and evaluation metrics—are missing. This lack of detailed technical information makes it harder to replicate the work.

3. **Ambiguity in Perception Measurement**: The paper mentions using the similarity between original and generated images as a proxy for perception but doesn't specify the metrics or methods used. This creates uncertainty about how perception is quantitatively assessed.

4. **Overemphasis on Biological Analogy**: Although the biological inspiration is compelling, the paper could benefit from a more balanced discussion that also addresses the limitations and differences between biological and artificial systems.

5. **Scope of Application**: The paper narrows its focus to a specific scientific question but doesn't explore potential real-world applications or implications, such as in image processing or computer vision tasks.

#### Suggestions for Improvement

1. **Add Experimental Results**: To improve credibility, the paper should include experimental results to validate the DFAE framework and demonstrate its practical effectiveness.
   
2. **Provide More",1,AI,0.7164962887763977,0.998849391937256,0.9131458625197412,1.2964231967926023,LABEL_0,0
"Summary
===
This paper presents tic-tac-toe as toy problem for investigating CNNs.
A dataset is created containing tic-tac-toe boards where one player is one
move away from winning and a CNN is trained to label boards according
to (1) the player who can win (2 choices) and (2) the position they may move
to win (9 choices), resulting in 18 labels. The CNN evaluated in this paper
performs perfectly at the task and the paper's goal is to inspect how the
CNN works.

The fundamental mechanism for this inspection is Class Activation
Mapping (CAM) (Zhou et. al. 2016), which identifies regions of implicit attention
in the CNN. These implicit attention maps (localization heat maps) are used to
derive actions (which square each player should move). The attention maps  

(1) attend to squares in the tic-tac-toe board rather than arbitrary
blobs, despite the fact that one square in a board has uniform color, and

(2) they can be used to pick correct (winning) actions.

This experiment are used to support assertions that the network understands
(1) chess (tic-tac-toe) boards
(2) a rule for winning tic-tac-toe
(3) that there are two players.

Some follow up experiments indicate similar results under various renderings
of the tic-tac-toe boards and an incomplete training regime.


More Clarifying Questions
===

* I am not quite sure precisely how CAM is implemented here. In the original CAM
one must identify a class of interest to visualize (e.g., cat or dog). I don't
think this paper identifies such a choice. How is one of the 18 possible classes
chosen for creating the CAM visualization and through that visualization
choosing an action?

* How was the test set for this dataset for the table 1 results created?
How many of the final 1029 states were used for test and was the
distribution of labels the same in train and test?

* How is RCO computed? Is rank correlation or Pearson correlation used?
If Pearson correlation is used then it may be good to consider rank correlation,
as argued in ""Human Attention in Visual Question Answering: Do Humans and
Deep Networks Look at the Same Regions?"" by Das et. al. in EMNLP 2016.
In table 1, what does the 10^3 next to RCO mean?


Pros
===

* The proposed method, deriving an action to take from the result of a
visualization technique, is very novel.

* This paper provides an experiment that clearly shows a CNN relying on context
to make accurate predictions.

* The use of a toy tic-tac-toe domain to study attention in CNNs
(implicit or otherwise) is a potentially fruitful setting that may
lead to better understanding of implicit and maybe explicit attention mechanisms.


Cons
===

* This work distinguishes between predictions about ""what will happen""
(will the white player win?) and ""what to do"" (where should the white
player move to win?). The central idea is generalization from ""what will happen""
to ""what to do"" indicates concept learning (sec. 2.1). Why should an ability to
act be any more indicative of a learned concept than an ability to predict
future states. I see a further issue with the presentation of this approach and
a potential correctness problem:

1. (correctness)
In the specific setting proposed I see no difference between ""what to do""
and ""what will happen.""

Suppose one created labels dictating ""what to do"" for each example in the
proposed dataset. How would these differ from the labels of ""what will happen""
in the proposed dataset? In this case ""what will happen"" labels include
both player identity (who wins) and board position (which position they move
to win). Wouldn't the ""what to do"" labels need to indicate board position?
They could also chosen to indicate player identity, which would make them
identical to the ""what will happen"" labels (both 18-way softmaxes).

2. (presentation)
I think this distinction would usually be handled by the Reinforcement Learning
framework, but the proposed method is not presented in that framework or
related to an RL based approach. In RL ""what will happen"" is the reward an
agent will receive for making a particular action and ""what to do"" is the
action an agent should take. From this point of view, generalization from
""what will happen"" to ""what to do"" is not a novel thing to study.

Alternate models include:
    * A deep Q network (Mnih. et. al. 2015) could predict the value of
      every possible action where an action is a (player, board position) tuple.
    * The argmax of the current model's softmax could be used as an action
      prediction.
The deep Q network approach need not be implemented, but differences between
methods should be explained because of the uniqueness of the proposed approach.


* Comparison to work that uses visualization to investigate deep RL networks
is missing. In particular, other work in RL has used Simonyan et. al.
(arXiv 2013) style saliency maps to investigate network behavior. For example, 
""Dueling Network Architectures for Deep Reinforcement Learning"" by Wang et. al.
in (ICML 2016) uses saliency maps to identify differences between their
state-value and advantage networks. In ""Graying the black box:
Understanding DQNs"" by Zahavy et. al. (ICML 2016) these saliency maps are
also used to analyze network behavior.


* In section 2.3, saliency maps of Simonyan et. al. are said to not be able to
activate on grid squares because they have constant intensity, yet no empirical
or theoretical evidence is provided for this claim.

On a related note, what precisely is the notion of information referenced in
section 2.3 and why is it relevant? Is it entropy of the distribution of pixel
intensities in a patch? To me it seems that any measure which depends only
on one patch is irrelevant because the methods discussed (e.g., saliency maps)
depend on context as well as the intensities within a patch.


* The presentation in the paper would be improved if the results in section 7
were presented along with relevant discussion in preceding sections.


Overall Evaluation
===
The experiments presented here are novel, but I am not sure they are very
significant or offer clear conclusions. The methods and goals are not presented
clearly and lack the broader relevant context mentioned above. Furthermore, I
find the lines of thought mentioned in the Cons section possibly incorrect
or incomplete. As detailed with further clarifying questions, upon closer
inspection I do not see how some aspects of the proposed approach were
implemented, so my opinion may change with further details.",0,Human,0.0765882730484008,0.0254952311515808,0.8684934675693512,1.667776107788086,LABEL_1,1
"**Review:**

**Strengths:**

1. **Innovative Approach:** This paper offers a fresh framework using a metacontroller to oversee an adaptive, imagination-based optimization process. By blending model-free and model-based reinforcement learning (RL), it allows for efficient allocation of computational resources—a unique innovation.

2. **Interdisciplinary Insight:** The authors draw from cognitive science and neuroscience, enriching the theoretical underpinnings. This multidisciplinary perspective makes their work both interesting and comprehensive.

3. **Comprehensive Review:** The paper includes a thorough examination of relevant literature, covering foundational AI concepts like bounded-rational metareasoning and cutting-edge advancements in deep learning and RL. This contextualizes the proposed method effectively.

4. **Clear Problem Statement:** The authors define the task of optimizing both performance and computational cost, outlining the challenges involved. Their articulation of the problem is clear and concise.

5. **Real-World Potential:** The framework's flexibility in selecting experts and managing resources suggests promising applications in fields where computational efficiency is key.

**Weaknesses:**

1. **Insufficient Experiment Details:** Although the paper presents experimental results, they lack sufficient detail. Readers would benefit from specifics about tasks, datasets, and metrics used to assess the metacontroller’s performance.

2. **Complexity and Scalability Issues:** The multi-component design (controller, experts, manager, memory) introduces complexity. The paper doesn’t address whether this structure scales well or performs well in large-scale or high-dimensional problems.

3. **Limited Discussion on Limitations:** The paper briefly touches on potential limitations but falls short in providing a thorough discussion. It would be beneficial to explore more deeply into areas like training the metacontroller or the framework’s performance in certain scenarios.

4. **Lack of Rigorous Justification:** While the concept is presented clearly, a more robust theoretical explanation or proof of the metacontroller’s superiority over traditional methods would bolster the argument.

5. **Clarity and Structure:** Some parts of the paper, especially the optimization formulations, can be more easily understood with additional clarity or visual aids.

**Suggestions for Improvement:**

1. **Enhance Experimental Section:** Provide more granular details about the experimental setup, including tasks, datasets, evaluation metrics, and comparison benchmarks against existing methods.

2. **Clarify Complexity and Scalability:** Discuss how the framework handles complexity and its scalability across different problem sizes and dimensions.

3. **Flesh Out Limitation Analysis:** Offer a deeper dive into the limitations and potential challenges, such as",1,AI,0.7362873554229736,0.9955484867095948,0.916042808443308,1.473655104637146,LABEL_0,0
"While the overall direction is promising, there are several serious issues with the paper which affect the novelty and validity of the results:

1. Incorrect claims about related work affecting novelty:

  - This work is not the first to explore a deep learning approach to automatic code completion: “Toward Deep Learning Software Repositories”, MSR’15 also uses deep learning for code completion, and is not cited.

  - “Code Completion with Statistical Language Models”, PLDI’14 is cited incorrectly -- it also does code completion with recurrent neural networks.

  - PHOG is independent of JavaScript -- it does representation learning and has been applied to other languages (e.g., Python, see OOPSLA’16 below). 

  - This submission is not the only one that “can automatically extract features”. Some high-precision (cited) baselines do it.

  - “Structured generative models of natural source code” is an incorrect citation. It is from ICML’14 and has more authors. It is also a log-linear model and conditions on more context than claimed in this submission.


2. Uses a non-comparable prediction task for non-terminal symbols: The type of prediction made here is simpler than the one used in PHOG and state-of-the-art (see OOPSLA’16 paper below) and thus the claimed 11 point improvement is not substantiated. In particular, in JavaScript there are 44 types of nodes. However, a PHOG and OOPSLA’16 predictions considers not only these 44 types, but also whether there are right siblings and children of a node. This is necessary for predicting tree fragments instead of a sequence of nodes. It however makes the prediction harder than the one considered here (it leads to 150+ labels, a >3x increase).


3. Not comparing to state-of-the-art: the state-of-the-art however is not the basic PHOG cited here, but “Probabilistic Model for Code with Decision Trees”, (OOPSLA 2016) which appeared before the submission deadline for ICLR’17:

",0,Human,0.1886756420135498,0.0258290171623229,0.9265083819627762,1.8915742635726929,LABEL_1,1
"(paper summary) The authors introduce the notion of “sample importance”, meant to measure the influence of a particular training example on the training of a deep neural network. This quantity is closely related to the squared L2 norm of the gradient, where the summation is performed over (i) parameters of a given layer or (ii) across all parameters. Summing this quantity across time gives the “overall importance”, used to tease apart easy from hard examples. From this quantity, the authors illustrate the impact of [easy,hard] example during training, and their impact on layer depth.

(detailed review)
I have several objections to this paper. First and foremost, I am not convinced of the “sample importance” as a meaningful metric. As previously mentioned, the magnitude of gradients will change significantly during learning, and I am not sure what conclusions one can draw from \sum_t g_i^t vs \sum_t g_j^t. For example, gradients tend to have higher norms early in training than at convergence, in which case weighting each gradient equally seems problematic. I tried illustrating the above with a small thought experiment during the question period: “if” the learning rate were too high, training may not even converge in which case sample importance would be ill-defined.  Having a measure which depends on the learning rate seems problematic to me, as does the use of the L2 norm. The “input Fisher” norm, \mathbb{E} \frac{\partial \log p} {\partial x} (for a given time-step) may be better suited, as it speaks directly to the sensitivity of the classifier to the input x (and is insensitive to changes in the mean gradient norm). But again summing Fisher norms across time may not be meaningful.

The experimental analysis also seems problematic. The authors claim from Fig. 2 that output layers are primarily learnt in the early stage of training. However, this is definitely not the case for CIFAR-10 and is debatable for MNIST: sample importance remains high for all layers during training, despite a small spike early on the output layer. Fig 2. (lower, middle) and Fig. 6 also seems to highlight an issue with the SI measure: the SI is dominated by the input layer which has the most parameters, and can thus more readily impact the gradient norm. Different model architectures may have yielded different conclusions. Had the authors managed to use the SI to craft a better curriculum, this would have given significant weight to the measure. Unfortunately, these results are negative.

PROS:
+ extensive experiments

CONS:
- sample importance is a heuristic, not entirely well justified
- SI yields limited insight into training of neural nets
- SI does not inform curriculum learning",0,Human,0.1278369426727295,0.8784841299057007,0.7582992315292358,1.8090366125106807,LABEL_1,0
"
---

**Introduction**

The introduction lays out the problem of unsupervised learning and its critical role in achieving human-like intelligence. The authors also clearly define the concept of intuitive physics and its relevance to human cognition. However, to enhance clarity, more context on the current landscape of unsupervised learning would be beneficial, along with how the proposed approach tackles existing challenges.

**Related Work**

This section offers a comprehensive look at the state-of-the-art in unsupervised learning and its diverse applications. To enrich the discussion, providing detailed insights into the specific techniques and architectures employed in related research would be valuable. Additionally, highlighting how these methods diverge from the proposed approach would add depth to the analysis.

**Dataset**

The dataset section is well-documented, detailing the construction of towers and the use of video simulations. Yet, offering more specifics about the data's distribution and collection process would further solidify the foundation of the study.

**Architecture**

The architecture section explains the proposed method in detail, focusing on two distinct modules: frame prediction and stability prediction. Expanding on the specific architectures used for each module and their design principles would add substantial value.

### Strengths

- Provides a clear and concise introduction to the unsupervised learning problem and its significance.
- Offers a robust overview of current unsupervised learning techniques and their applications.
- Proposes an innovative approach that effectively addresses key challenges in the field.

### Weaknesses

- Could benefit from additional context on the current state of unsupervised learning and how the proposed method addresses these challenges.
- Requires more details on the specific techniques and architectures used in related work and their differences from the proposed approach.
- Needs more information on the dataset's distribution and collection methodology.
- Deserves deeper exploration of the architectures used for frame and stability prediction modules.

### Suggestions for Improvement

- Elaborate on the current state of unsupervised learning and how the proposed approach tackles these challenges.
- Include more specifics regarding the techniques and architectures applied in related studies and their contrasts with the proposed method.
- Provide more details on the data's distribution and how it was collected.
- Offer more insight into the specific architectures and design principles of the frame and stability prediction modules.
",1,AI,0.9477747082710266,0.997921884059906,0.9529915004968644,1.2185357809066772,LABEL_0,0
"
The paper introduces a novel approach to tackle transfer learning in reinforcement learning through a framework named A2T: Attend, Adapt, and Transfer. Aimed at addressing key issues in transfer learning, such as negative transfer and selecting appropriate source tasks, the framework proposes a deep attention network to selectively integrate knowledge from multiple sources into a target task. By doing so, it avoids negative transfer and enhances learning efficiency.

### Strengths

- **Novel Contribution**: The paper tackles a critical issue in transfer learning, particularly within RL, offering a solution to mitigate negative transfer. This is a significant advancement because negative transfer can severely affect RL agent performance.
  
- **Selective Transfer Mechanism**: Utilizing a deep attention network to determine which source task solutions to apply in different areas of the state space is innovative. This mechanism is well-founded and aligns with practical scenarios where certain skills are useful in specific situations.
  
- **Versatile Framework**: A2T is designed as a generalizable framework adaptable to various domains like robotics and gaming. Its broad application potential enhances its significance.
  
- **Fallback Mechanism**: Incorporating a base network that can learn independently in the target task offers a fallback option, reducing the risk of negative transfer when source task solutions aren't applicable.

- **Empirical Validation**: The paper includes empirical demonstrations of A2T's effectiveness, which is essential for validating the proposed method.

### Weaknesses

- **Lack of Detailed Data**: Although the paper claims empirical validation, it doesn’t provide comprehensive results or comparisons with other methods. This makes it challenging to fully assess the performance improvements and optimal conditions for A2T.
  
- **Complexity and Scalability**: The architecture involves several components, including a deep attention network and a base network. The paper doesn’t delve into computational complexity or scalability, which might be problematic for large-scale applications.
  
- **Domain-Specific Assumptions**: The framework assumes that source tasks share the same domain, state, and action spaces as the target task. This limitation restricts its applicability in diverse or complex environments where these assumptions don’t hold.
  
- **Lack of Theoretical Rigor**: While the concept is explained conceptually, there’s a lack of a thorough theoretical analysis explaining why and how A2T works, especially regarding its effectiveness and limitations.",1,AI,0.8685228824615479,0.9966487288475036,0.9760351181030272,1.4132452011108398,LABEL_0,0
"**INTRODUCTION**
The introduction gives a good overview of the challenge in fine-tuning deep neural networks for specific tasks and the limitations of current techniques. The authors emphasize the significance of pruning in reducing inference costs while ensuring accuracy. The cited literature is relevant and current.

Strengths: The introduction effectively establishes the context for the paper and articulates the rationale behind the proposed approach clearly.

Weaknesses: The introduction might benefit from being more succinct and highlighting the key contributions of the paper more directly.

Suggestions for Improvement: Consider restructuring the introduction to emphasize the main contributions and provide a clearer outline of the proposed methodology.

**METHOD**
The method section offers a detailed account of the proposed pruning algorithm. It introduces various effective pruning criteria and discusses the technical aspects involved in its implementation.

Strengths: This section presents a clear and thorough explanation of the algorithm, along with a comprehensive look at the technical challenges faced during implementation.

Weaknesses: The method section could be streamlined to better align with the primary contributions of the paper. Some of the technical points, like computing the Hessian matrix, might be more appropriately placed in an appendix or a supplementary technical document.

Suggestions for Improvement: Reorganize the method section to focus on the key contributions and provide a more straightforward overview of the proposed algorithm. Move some technical details to the appendix or a separate technical document.

**RESULTS**
The results section evaluates the proposed pruning algorithm on multiple benchmark datasets. The authors compare its performance against other state-of-the-art pruning methods.

Strengths: This section offers a clear and concise assessment of the proposed algorithm, along with a robust comparison to existing approaches.

Weaknesses: The results section could provide more depth by offering deeper insights into the performance of the proposed algorithm. Detailed information about model accuracy after pruning could be enhanced.

Suggestions for Improvement: Provide more detailed results and analysis of the proposed algorithm's performance. Consider presenting the data in a more visually engaging way, such as through tables or graphs.

**CONCLUSION**
The conclusion summarizes the main contributions of the paper and outlines the findings from the evaluation.

Strengths: The conclusion concisely captures the essence of the research and its outcomes.

Weaknesses: The conclusion could be more concise and emphasize the main contributions more explicitly.

Suggestions for Improvement: Simplify the conclusion to focus more directly on the key contributions and findings.
",1,AI,0.7770756483078003,0.998503565788269,0.8765948414802551,1.086043357849121,LABEL_0,0
"

**INTRODUCTION**
The introduction gives a solid overview of sparse coding and its various applications. It would benefit from more context on where we stand today with the latest advancements and the challenges they face. Additionally, the authors could elaborate more on why their proposed method is particularly innovative.

**ENERGY-BASED SPHERICAL SPARSE CODING**
The authors introduce a new variant of sparse coding that is optimized for quick processing. Using unit-length codes and a cosine similarity-based reconstruction loss is an intriguing approach. To make this clearer, the authors should delve deeper into how this method outperforms traditional sparse coding techniques.

**2.1 BOTTOM-UP RECONSTRUCTION**
The authors propose an advanced sparse coding scheme that can be processed efficiently. Utilizing unit-length codes and a cosine similarity-based reconstruction loss is a novel idea. For better clarity, the authors need to explain more about how this method excels over existing ones.

**2.2 TOP-DOWN CLASSIFICATION**
This section continues with another novel sparse coding variant designed for efficiency. The key feature here involves unit-length codes and a cosine similarity-based reconstruction loss. To improve understanding, the authors should discuss the benefits of this approach relative to standard sparse coding methods.

**2.3 EFFICIENT FEED-FORWARD OPTIMIZATION**
The authors present yet another sparse coding iteration optimized for rapid computation. They use unit-length codes and a cosine similarity-based reconstruction loss, which is a unique and interesting approach. Further elaboration on these benefits would enhance the discussion.

**EXPERIMENTS**
While the authors share experimental results, these are somewhat limited. More comprehensive data, including detailed setups and comparisons with other top methods, would strengthen their findings.

**CONCLUSION**
The authors assert that their method offers a fresh and efficient solution to sparse coding. To round off their argument, the authors should elaborate further on the strengths and potential limitations of their proposal.

**Strengths:**
- Novel approach to sparse coding optimized for efficient processing.
- Use of unit-length codes and cosine similarity-based reconstruction loss.
- Preliminary demonstration of effectiveness through experiments.

**Weaknesses:**
- Introduction lacks sufficient background on current state-of-the-art.
- Experimental results could be expanded and compared more comprehensively.

",1,AI,0.8819918036460876,0.9881658554077148,0.945830574259162,1.2373836040496826,LABEL_0,0
"- Strengths:

The authors present a novel adaptation of encoder-decoder neural MT using an
approach that starts and ends with characters, but in between works with
representations of morphemes and characters. 

The authors release both their code as well as their final learned models for
fr-en, cs-en, and en-cs. This is helpful in validating their work, as well as
for others looking to replicate and extends this work.

The system reported appears to produce translation results of reasonable
quality even after the first training epoch, with continued progress in future
epochs.

The system appears to learn reasonable morphological tokenizations, and appears
able to handle previously unseen words (even nonce words) by implicitly backing
off to morphemes.

- Weaknesses:

In the paper, the authors do not explicitly state which WMT test and dev sets
their results are reported on. This is problematic for readers wishing to
compare the reported results to existing work (for example, the results at
matrix.statmt.org). The only way this reviewer found to get this information
was to look in the README of the code supplement, which indicates that the test
set was newstest2015 and the dev test was newstest2013. This should have been
explicitly described in the paper.

The instructions given in the software README are OK, but not great. The
training and testing sections each could be enhanced with explicit examples of
how to run the respective commands. The software itself should respond to a
--help flag, which it currently does not.

The paper describes a 6-level architecture, but the diagram in Figure 2 appears
to show fewer than 6 layers. What's going on? The caption should be more
explicit, and if this figure is not showing all of the layers, then there
should be a figure somewhere (even if it's in an appendix) showing all of the
layers.

The results show comparison to other character-based neural systems, but do not
show state-of-the-art results for other types of MT system. WMT (and
matrix.statmt.org) has reported results for other systems on these datasets,
and it appears that the state-of-the-art is much higher than any of the results
reported in this paper. That should be acknowledged, and ideally should be
discussed.

There are a handful of minor English disfluencies, misspellings, and minor
LaTeX issues, such as reverse quotation marks. These should be corrected.

- General Discussion:

Paper is a nice contribution to the existing literature on character-based
neural MT.",0,Human,0.0872042775154113,0.0017674565315246,0.8582712113857269,1.7536060810089111,LABEL_1,1
"---

The paper introduces a novel approach to variational inference called ""wild variational inference."" This method aims to bypass the limitations of traditional variational inference, which often requires the output density of the approximating distribution to be tractable. The authors propose two methods: one based on Stein's method and another using kernel techniques. These approaches allow for the use of more complex inference networks without the need for tractability constraints on the output density.

### Strengths

1. **Innovative Approach**: Wild variational inference is an innovative solution that removes the tractability requirements on the output density. This could significantly expand the scope of variational inference, making it applicable to more complex models.

2. **Stein's Method and Kernel Techniques**: Utilizing Stein's method and kernel techniques is a smart choice because these tools are particularly effective in probabilistic modeling. They avoid needing to calculate the proposal density, which perfectly aligns with the goal of wild variational inference.

3. **Ease of Use**: By enabling the use of arbitrary inference networks, wild variational inference makes variational inference more accessible to practitioners who might not have a deep understanding of the underlying mathematics. This simplification could lead to simpler designs and applications.

4. **Adaptive Learning**: The concept of adaptive learning suggests that the inference network can continually refine its performance based on past experiences. This feature is especially useful in scenarios where there are many similar tasks to handle.

### Weaknesses

1. **Lack of Empirical Evidence**: The paper doesn’t present any empirical data to show how well the proposed methods actually work. Without this, it’s hard to gauge their practical utility and performance.

2. **Complexity and Readability**: The material is quite dense and might be challenging for readers who aren’t already familiar with variational inference, Stein's method, and kernel techniques. The introduction of new terminology like ""wild variational inference"" without clear definitions or examples could also complicate understanding.

3. **Comparative Analysis**: While the paper touches on related work, it lacks a thorough comparison between its proposed methods and existing ones. This oversight means the reader won’t get a clear idea of the strengths and weaknesses of the new approach.

4. **Network Architecture Design**: The paper mentions the importance of designing suitable network architectures for Bayesian inference but doesn’t delve deeper into this topic. A more detailed discussion of how to achieve optimal network architecture would enhance the paper.

---
",1,AI,0.9455253481864928,0.9991281628608704,0.9441716242581606,1.188520431518555,LABEL_0,0
"---

**INTRODUCTION**

The introduction gives a solid overview of the current state of neural network research, emphasizing the significance of regularization techniques in deep learning. It clearly explains the two primary types of regularization strategies: those that simplify models and those that enhance the effectiveness and generalization of trained models. This sets the foundation for the proposed method, OrthoReg, which focuses on regularizing positively correlated feature weights.

Strengths: The introduction is well-written and offers an insightful look at the current landscape of neural networks. It provides a clear explanation of the two main types of regularization methods.

Weaknesses: The introduction could have delved deeper into the limitations of existing regularization techniques. Additionally, the introduction might have benefited from a clearer explanation of why positively correlated feature weights pose a challenge in deep learning.

Suggestions for Improvement: The introduction could elaborate further on the challenges posed by positively correlated feature weights in deep learning. Providing more context on these issues would help readers understand the necessity of the proposed method.

---

**DEALING WITH WEIGHT REDUNDANCIES**

This section offers a clear explanation of the issue of weight redundancies in deep neural networks. It underscores the importance of minimizing correlations among feature detectors to boost the network’s representational power.

Strengths: The section provides a concise explanation of the weight redundancy problem and its significance in improving the network's performance.

Weaknesses: The section could benefit from greater mathematical detail. More specific explanations of key concepts would be beneficial.

Suggestions for Improvement: The section could include more mathematical rigor. Providing more detailed examples of how weight redundancies contribute to overfitting would also be helpful.

---

**ORTHOGONAL WEIGHT REGULARIZATION**

This section details the proposed method, OrthoReg. It clearly explains the cost function and gradient update rule.

Strengths: The section provides a thorough explanation of the proposed method, OrthoReg, and the cost function and gradient update rule.

Weaknesses: The section could improve with more mathematical precision. Providing more in-depth explanations of the concepts would be beneficial.

Suggestions for Improvement: The section should include more mathematical rigor. Offering more examples of how OrthoReg can be applied across various deep learning architectures would also strengthen the presentation.

---

**CONCLUSION**

Overall, the paper offers a comprehensive overview of the current state of neural networks and introduces a new regularization technique, OrthoReg, addressing the issue of positively correlated feature weights. 

---
",1,AI,0.8515979647636414,0.9987540245056152,0.7211747318506241,0.9981123805046082,LABEL_0,0
"### Review of the Paper

#### Strengths

1. **Biological Inspiration**: The paper effectively draws parallels between biological processes and computational models, particularly using open-bigrams in word recognition. This biological inspiration offers a fresh perspective and could lead to more efficient recognition systems.

2. **Thorough Literature Review**: The review section includes a comprehensive overview of existing techniques in handwritten word recognition, breaking them down into three main approaches. This context is invaluable for placing the proposed method within the broader research landscape.

3. **New Representation**: Introducing an open-bigram representation for words represents a unique approach. By considering bigrams of different orders, this method captures more contextual information than traditional bigram models.

4. **Clear Mathematical Formulation**: The paper clearly outlines the mathematical formulation of the open-bigram representation and the decoding process. This clarity is essential for understanding the proposed method and facilitates replication by other researchers.

5. **Potential for Robustness**: The paper suggests that the open-bigram representation may offer greater robustness against mispredictions due to its redundancy. This is a promising aspect that could enhance the accuracy of word recognition systems.

#### Weaknesses

1. **Lack of Experimental Evidence**: The paper mentions preliminary experiments but lacks detailed results and analyses. This makes it challenging to evaluate the effectiveness of the proposed method relative to existing techniques.

2. **Insufficient Discussion on Limitations**: There is limited discussion about the potential limitations or challenges of the open-bigram approach. For example, the computational complexity of dealing with a large number of bigrams or the impact of noise in the input data is not thoroughly explored.

3. **Limited Direct Comparisons**: While the paper references related work, it doesn't provide a direct comparison of the proposed method with state-of-the-art techniques using metrics like accuracy, speed, or computational efficiency.

4. **Clarity and Structure**: Some sections, particularly those detailing the proposed method, could benefit from clearer explanations and a more structured format. For instance, transitioning from the open-bigram representation to the decoder could be more explicitly defined.

5. **Lack of Visual Aids**: The paper could be enhanced with more visual aids such as diagrams or flowcharts to illustrate the open-bigram representation and the decoding process. This would be especially helpful for readers who are less familiar with these concepts.

#### Suggestions for Improvement

1. **Provide Comprehensive Experimental Results**: Include detailed experimental results and analyses to better demonstrate the effectiveness of the proposed method. This will help establish a strong case for the method's viability.",1,AI,0.7183865308761597,0.9981513619422911,0.9383241981267928,1.1818304061889648,LABEL_0,0
"The model is trained over three time steps, and it combines two types of losses: one for reconstructing the input data (like how well an autoencoder works), and another for predicting bounding boxes (where objects are located). The reconstruction loss measures how closely the model's output matches the actual input data, while the bounding box prediction loss assesses how accurate the predicted locations, sizes, and categories of objects are compared to what we know is true. Confidence loss looks at how well the model predicts whether or not an object exists.

All these losses are added together to calculate the total loss. The model is then taught using a method called stochastic gradient descent, where the learning rate is set to 0.001 and the batches are processed in groups of 16. Training lasts for 100 epochs. The model's performance is evaluated through two key metrics: mean average precision (MAP) and mean average recall (MAR). These are all documented in Table 3, showing the model achieved a MAP of 0.85 and a MAR of 0.92.

Figure 1 illustrates the precision-recall curve, which gives us a visual representation of the model's ability to accurately identify extreme weather events. While the model performs very well, there's still room for improvement—especially concerning the detection of smaller or less common events. The researchers recommend enhancing the model by using more diverse data, adopting more sophisticated models, and refining the loss functions. Additionally, they suggest exploring other potential applications like forecasting hurricane locations and sizes.

**Strengths:**
- Novel approach to detecting extreme weather events using deep learning.
- Employed a 3D convolutional encoder-decoder architecture tailored for handling 3D data.
- Comprehensive evaluation including MAP, MAR, and precision-recall curves.
- Clear and concise description of the model and its components.

**Weaknesses:**
- Lack of detailed information about the dataset, including its size and distribution.
- No explanation provided for the preprocessing steps taken to prepare the data.
- Unclear on the specific hyperparameters used during training, such as the learning rate, batch size, and number of epochs.
- Limited discussion of the experimental results, including the precision-recall curve and MAP/MAR metrics.

**Suggestions for Improvement:**
- Detailed explanations of the dataset, including size and distribution.
- Elaboration on the preprocessing methods used.
- More detailed descriptions of the hyperparameters and their effects",1,AI,0.2768502831459045,0.995789110660553,0.8740563169121742,1.301158428192139,LABEL_1,0
"---

The paper explores how neural networks can emulate certain aspects of human visual perception, with a particular focus on 'defoveating autoencoders' (DFAEs). The authors draw inspiration from how the human visual system can discern high detail from low-quality inputs, proposing a framework to study this phenomenon using autoencoders. Below is a detailed review of the paper, highlighting its strengths, weaknesses, and areas for improvement.

### Strengths

1. **Innovative Concept**: The paper introduces a novel concept by connecting neural networks to the human visual system’s ability to interpret high detail from low-fidelity inputs. The idea of using a 'foveated' input to mimic the human visual system's focus on high-detail regions is both novel and provides a new perspective on designing neural networks.

2. **Clear Motivation**: The paper effectively lays out why traditional deep learning models fall short when compared to the human visual system. By articulating the need to understand how networks can perceive from low-fidelity inputs, the authors set a strong foundation for their research.

3. **Clarity in Framework**: The paper clearly defines the framework of DFAEs, detailing how a foveation function creates low-detail inputs and reconstructs high-detail outputs. This clarity helps in understanding the proposed approach and how it differs from existing methods.

4. **Contextual Relevance**: The paper places its contributions within the broader landscape of related work, such as denoising autoencoders, image super-resolution, and attention mechanisms. This contextualization highlights the novelty and relevance of the proposed approach.

### Weaknesses

1. **Lack of Empirical Validation**: While the paper introduces the concept, it doesn’t provide any empirical results or experiments to validate the proposed framework. Without these, it's difficult to gauge the practical effectiveness of DFAEs.

2. **Insufficient Technical Details**: Although the concept is introduced, the paper lacks detailed explanations of the architecture, training process, and specific foveation functions. Readers find it challenging to replicate or extend the work without additional technical details.

3. **Evaluation Metrics**: The paper mentions assessing the quality of perception through the similarity between original and generated images, but it doesn’t specify the metrics or methods used. Providing more details on how perception is quantified would strengthen the paper.

4. **Scalability and Applications**: The paper focuses mainly on a conceptual framework without exploring potential applications or real-world implications. Discuss",1,AI,0.8085830807685852,0.9985644221305848,0.9904126240871848,1.2885416746139526,LABEL_0,0
"This paper presents design decisions of TerpreT [1] and experiments about learning simple loop programs and list manipulation tasks. The TerpreT line of work (is one of those which) bridges the gap between the programming languages (PL) and machine learning (ML) communities. Contrasted to the recent interest of the ML community for program induction, the focus here is on using the design of the programming language to reduce the search space. Namely, here, they used the structure of the control flow (if-then-else, foreach, zipWithi, and foldli ""templates""), immutable data (no reuse of a ""neural"" memory), and types (they tried penalizing ill-typedness, and restricting the search only to well-typed programs, which works better). My bird eye view would be that this stands in between ""make everything continuous and perform gradient descent"" (ML) and ""discretize all the things and perform structured and heuristics-guided combinatorial search"" (PL).

I liked that they have a relevant baseline (\lambda^2), but I wished that they also included a fully neural network program synthesis baseline. Admittedly, it would not succeed except on the simplest tasks, but I think some of their experimental tasks are simple enough for ""non-generating code "" NNs to succeed on.

I wished that TerpreT was available, and the code to reproduce these experiments too.

I wonder if/how the (otherwise very interesting!) recommendations for the design of programming languages to perform gradient descent based-inductive programming would hold/perform on harder task than these loops. Even though these tasks are already interesting and challenging, I wonder how much of these tasks biased the search for good subset of constraints (e.g. those for structuring the control flow).

Overall, I think that the paper is good enough to appear at ICLR, but I am no expert in program induction / synthesis.

Writing:
 - The paper is at times hard to follow. For instance, the naming scheme of the model variants could be summarized in a table (with boolean information about the features it embeds).
 - Introduction: ""basis modern computing"" -> of
 - Page 3, training objective: ""minimize the cross-entropy between the distribution in the output register r_R^{(T)} and a point distribution with all probability mass on the correct output value"" -> if you want to cater to the ML community at large, I think that it is better to say that you treat the output of r_R^{(T)} as a classification problem with the correct output value (you can give details and say exactly which type of criterion/loss, cross-entropy, you use).


[1] ""TerpreT: A Probabilistic Programming Language for Program Induction"", Gaunt et al. 2016",0,Human,0.0464469790458679,0.0025136470794677,0.9674632046371698,2.0738112926483154,LABEL_1,1
"Dear Reviewers & AC:

We'd like to thank all the reviewers & commenters for their useful suggestions. By taking into account discussion so far, we have significantly updated the manuscript to address questions/concerns.

Minor clarification questions have been answered in discussion below. Here we summarize the main concerns of reviewers and subsequently explain how our latest revision address these concerns:

*** Larger scale experiments (Reviewer1, Reviewer3)
This is the main focus of the latest revision. In Section 4.3 of the latest revision, we have shown:
1. VLAE has the current best density estimation performance on CIFAR10 among latent-code models. It also outperforms PixelCNN/PixelRNN [1] and is only second to PixelCNN++ [2].
2. We show several different ways to encode different kinds of information into latent code to demonstrate that one can similarly control information placement on CIFAR10.

*** ""the necessity of ""crippling"" the decoder ... has already been pointed out"" (Reviewer1)
Thanks for making the distinction clear. We have revised relevant text (last paragraph of introduction for example) to highlight that the analysis of ""why crippling is necessary"" is our main contribution as opposed to ""pointing out it's necessary"" [3].

*** ""However, they never actually showed how a VAE without AF prior but that has a PixelCNN decoder performs. What would be the impact on the latent code is no AF prior is used?"" (Reviewer2)
Thanks for your suggestion and we have added related experiments in Appendix. C (edit: should be Appendix. D) of the latest revision of the paper. These experiments show removing AF prior will result in worse performance and make the latent code carry less information.

Next we briefly summarize additional contributions in the latest revision.

In the initial revision, we hypothesized that by improving VAE training procedure, VLAE's modelling performance can be improved. In initial experiments, we used the “free-bits” technique [5] and this turned out to create optimization challenges. In the latest revision, we proposed a new technique ""soft free-bits"" (described in Appendix.C) which has resulted in more robust optimization. 

We also investigated replacing ResNet VAEs [4,5] with DenseNet [6] VAEs and this change reduces overfitting. “Soft free-bits” and DenseNet VAEs are novel changes and enable VLAE models to outperform previous latent-code models like ResNet VAE w/ IAF [5] as well as competitive autoregressive density estimators like PixelRNN [1] on CIFAR10. These techniques are not unique to VLAE and we suspect they will also be useful to other types of VAEs.

We also have added one more way to separate information -- by restricting the PixelCNN decoder to condition only on grayscale image, a lossy latent code can be forced to learn color information.

We believe we have addressed reviewers' concerns and overall strengthened this submission. We hope reviewers can take a look at the latest revision and possibly adjust rating in light of new evidence.

We are happy to answer any additional questions!

---------------------------------------------------------

PS: We also plan to include experiments with 64x64 datasets but due to time constraints we haven't been able to finish them in time for inclusion in the current revision. We will include them in a later version and release all code when experiments are finished.

[1]: van den Oord, Aaron, Nal Kalchbrenner, and Koray Kavukcuoglu. ""Pixel Recurrent Neural Networks."" arXiv preprint arXiv:1601.06759 (2016).
[2]: ",0,Human,0.0983432531356811,0.0089633464813232,0.9050289317965508,1.7795333862304688,LABEL_1,1
"**Title: Neuro-Modular Approach to Fine-Tuning for Small Data**

**Strengths:**

1. **Novelty and Contribution:**
   - This paper presents a novel neuro-modular approach to fine-tuning pre-trained neural networks, making a substantial contribution to the field of transfer learning, particularly in situations where data is scarce.
   - The method aims to preserve the strengths of pre-trained models while enabling new modules to specialize in task-specific features, thereby mitigating issues like catastrophic forgetting.

2. **Comprehensive Literature Review:**
   - The paper offers a thorough literature review, encompassing both shallow and deep transfer learning techniques. It effectively places the proposed method within the broader context of existing research, emphasizing its distinctive features when compared to alternatives such as DAN, Net2Net, and progressive networks.

3. **Experimental Validation:**
   - The authors conduct quantitative comparisons between traditional fine-tuning and their proposed modular approach, showing enhanced performance on small datasets across multiple tasks, including CIFAR-100, text classification, and fine-grained image classification.

4. **Visualization of Learned Filters:**
   - A notable strength is the visual representation of the learned filters in convolutional networks. This aids in understanding how the modular approach enables networks to capture nuanced features that complement the pre-trained models.

**Weaknesses:**

1. **Lack of Detailed Methodology:**
   - The paper’s explanation of the modular architecture is somewhat sparse, lacking details about how modules are integrated with pre-trained networks (like specifying the types of connections and training processes).

2. **Limited Theoretical Analysis:**
   - While the empirical results are compelling, the paper doesn’t delve into a theoretical explanation of why the modular approach might be superior to traditional fine-tuning, especially concerning the avoidance of catastrophic forgetting.

3. **Experimental Scope:**
   - Although the improvements over traditional methods are evident, the experiments are not exhaustive. Further testing across diverse datasets and tasks would bolster the findings' robustness. Additionally, a direct comparison with other leading methods would enhance the paper’s impact.

4. **Clarity and Organization:**
   - The paper could benefit from clearer structure and better organization. Sections describing the modular architecture, in particular, could use more diagrams and step-by-step explanations.

**Suggestions for Improvement:**

1. **Detailed Methodology:**
   - Provide a more detailed description of the modular architecture, including specifics about module integration, training procedures, and any constraints imposed during the training phase.

2. **The",1,AI,0.8922221064567566,0.9968720078468324,0.8766773790121078,1.3158578872680664,LABEL_0,0
"**Title: Self-Ensembling for Semi-Supervised Learning**

**Strengths:**

1. **Innovative Approach:** The paper introduces an innovative method of self-ensembling during training, which utilizes the outputs from a single network across multiple epochs and under various conditions. This builds upon the ensemble learning concept specifically within the realm of semi-supervised learning, where labeled data is often scarce.

2. **Practical Relevance:** The proposed methods, Π-model and temporal ensembling, effectively tackle the challenge of semi-supervised learning by improving classification accuracy with minimal labeled data. This is a significant contribution given the common scarcity of high-quality labeled data in many real-world scenarios.

3. **Comprehensive Explanation:** The paper offers a detailed explanation of the Π-model and temporal ensembling, complete with pseudocode and a clear description of the loss functions used. This makes the methods accessible and reproducible for other researchers.

4. **Performance Improvement:** The paper claims that both methods significantly outperform previous state-of-the-art results in semi-supervised learning. This indicates that the proposed techniques are both theoretically sound and practically effective.

5. **Robustness to Noisy Labels:** The methods not only enhance classification accuracy when dealing with partially labeled data but also provide robustness against noisy or incorrect labels. This feature is particularly valuable in real-world applications where data quality can vary.

**Weaknesses:**

1. **Lack of Experimental Results:** The paper does not include any experimental results or quantitative comparisons with existing methods. Without empirical validation, it's challenging to fully assess the performance improvements claimed by the authors.

2. **Limited Theoretical Analysis:** While the paper provides a practical approach, it lacks a deeper theoretical analysis explaining why the proposed methods are superior to existing techniques. A more rigorous theoretical foundation could strengthen the paper.

3. **Complexity and Scalability:** The paper does not discuss the computational complexity or scalability of the proposed methods. Understanding their performance on large-scale datasets and their potential for introducing significant computational overhead is crucial.

4. **Generalization to Other Domains:** The paper primarily focuses on image classification networks. Discussing how these methods can be applied to other domains or types of neural networks would broaden their applicability.

5. **Comparison with Related Work:** Although the paper mentions related work like the ladder network and bootstrapping methods, a detailed comparison and highlighting of the specific advantages of the proposed methods over these techniques would be beneficial.

**Suggestions for Improvement:**

1. **Include Experimental Results:** Adding experimental",1,AI,0.7378979921340942,0.9989509582519532,0.768793985247612,1.2394667863845823,LABEL_0,0
"The paper analyzes the story endings (last sentence of a 5-sentence story) in
the corpus built for the story cloze task (Mostafazadeh et al. 2016), and
proposes a model based on character and word n-grams to classify story endings.
The paper also shows better performance on the story cloze task proper
(distinguishing between ""right"" and ""wrong"" endings) than prior work.

Whereas style analysis is an interesting area and you show better results than
prior work on the story cloze task, there are several issues with the paper.
First, how do you define ""style""? Also, the paper needs to be restructured (for
instance, your section
""Results"" actually mixes some results and new experiments) and clarified (see
below for questions/comments): right now, it is quite difficult for the reader
to follow what data is used for the different experiments, and what data the
discussion refers to.

(1) More details about the data used is necessary in order to assess the claim
that ""subtle writing task [...] imposes different styles on the author"" (lines
729-732). How many stories are you looking at, written by how many different
persons? And how many stories are there per person? From your description of
the post-analysis of coherence, only pairs of stories written by the same
person in which one was judged as ""coherent"" and the other one as ""neutral"" are
chosen. Can you confirm that this is the case? So perhaps your claim is
justified for your ""Experiment 1"". However my understanding is that in
experiment 2 where you compare ""original"" vs. ""right"" or ""original"" vs.
""wrong"", we do not have the same writers. So I am not convinced lines 370-373
are correct.

(2) A lot in the paper is simply stated without any justifications. For
instance how are the ""five frequent"" POS and words chosen? Are they the most
frequent words/POS? (Also theses tables are puzzling: why two bars in the
legend for each category?). Why character *4*-grams? Did you tune that on the
development set? If these were not the most frequent features, but some that
you chose among frequent POS and words, you need to justify this choice and
especially link the choice to ""style"". How are these features reflecting
""style""?

(3) I don't understand how the section ""Design of NLP tasks"" connects to the
rest of the paper, and to your results. But perhaps this is because I am lost
in what ""training"" and ""test"" sets refer to here.

(4) It is difficult to understand how your model differs from previous work.
How do we reconcile lines 217-219 (""These results suggest that real
understanding of text is required in order to solve the task"") with your
approach?

(5) The terminology of ""right"" and ""wrong"" endings is coming from Mostafazadeh
et al., but this is a very bad choice of terms. What exactly does a ""right"" or
""wrong"" ending mean (""right"" as in ""coherent"" or ""right"" as in ""morally good"")?
I took a quick look, but couldn't find the exact prompts given to the Turkers.
I think this needs to be clarified: as it is, the first paragraph of your
section ""Story cloze task"" (lines 159-177) is not understandable.

Other questions/comments:

Table 1. Why does the ""original"" story differ from the coherent and incoherent
one? From your description of the corpus, it seems that one Turker saw the
first 4 sentences of the original story and was then ask to write one sentence
ending the story in a ""right"" way (or did they ask to provide a ""coherent""
ending?) and one sentence ending the story in a ""wrong"" way (or did they ask to
provide an ""incoherent"" ending)? I don't find the last sentence of the
""incoherent"" story that incoherent... If the only shoes that Kathy finds great
are $300, I can see how Kathy doesn't like buying shoes ;-) This led me to
wonder how many Turkers judged the coherence of the story/ending and how
variable the judgements were. What criterion was used to judge a story coherent
or incoherent? Also does one Turker judge the coherence of both the ""right"" and
""wrong"" endings, making it a relative judgement? Or was this an absolute
judgement? This would have huge implications on the ratings.

Lines 380-383: What does ""We randomly sample 5 original sets"" mean?

Line 398: ""Virtually all sentences""? Can you quantify this?

Table 5: Could we see the weights of the features? 

Line 614: ""compared to ending an existing task"": the Turkers are not ending a
""task""

Line 684-686: ""made sure each pair of endings was written by the same author""
-> this is true for the ""right""/""wrong"" pairs, but not for the ""original""-""new""
pairs, according to your description.

Line 694: ""shorter text spans"": text about what? This is unclear.

Lines 873-875: where is this published?",0,Human,0.0883985757827758,0.0002172589302062,0.9519491661339998,1.6588852405548096,LABEL_1,1
"We first thank all the reviewers for the interesting comments they provided. All three reviewers agree on the potential importance of the proposed algorithm, but they also suggest that more experimental data are needed to demonstrate that GA3C achieves results in the same ballpark as the original A3C. This turns out to be particularly important in the light of the fact that the policy lag in GA3C can potentially introduce instabilities, as noted by Reviewer #1.

We have included a better description of this in Section 4.4 of the revised paper, as well as analyzed it in a newly added Section 5.3, while providing additional experiments to verify the game performance of GA3C and its stability. As pointed out by the reviewers and already highlighted in the paper, establishing a validation protocol that allows comparing the final scores achieved by GA3C with the scores achieved by other training algorithms is complex or even infeasible, as many implementation details are not shared, as well as validation protocols are poorly reproducible. Beyond that, the final score (still reported in Table 3) tells only part of the story, and therefore we espouse the idea shared by Reviewer #1 and #3 of reporting learning curves as a function of the time. The newly added Fig. 6 and 7 show the learning curves for GA3C and several games as a function of the time. The reader can easily compare these graphs with those reported in Mnih’s paper, as well as in other venues mentioned by the reviewers (e.g. github). The score vs. time curves show a similar dynamic for GA3C and A3C, although it is also important mentioning that curves reported in Mnih’s paper represent the average of the top 5 curves in a set of 50 with various learning rates, which we are unable to match due limitations in available computational resources. Since systems, system loads, environments and hyper-parameters are so widely varying, we also believe that releasing the GA3C code (which we plan to do in the next days) will allow other researchers to systematically evaluate the performances of GA3C and facilitate a fair comparison with new techniques.

Reviewer #1’s main concern is about instabilities introduced in GA3C. The training curves reported in the paper indeed show a few instabilities occurring in the training process, but these represent a common phenomenon in RL. Beyond analyzing in Section 4.4 how the policy lag in GA3C can generate these instabilities, we now show experimentally that such instabilities do not affect some games (e.g. Pong), while they can invalidate the learning process in other ones (e.g. Breakout), especially in the case of a large learning rate (Fig. 7 and 8). We found that properly tuning the algorithm hyper-parameters (and in particular the learning rate) dramatically limits the effect of instabilities on the learning process. GA3C would likely benefit from a thorough learning rate search as presented in Mnih’s paper over a set of 50 different learning rates for A3C. Beyond this, we also show how batching on training data (see the newly introduced Section 5.3, and Fig. 7 and 8 in particular) can be used to limit the effect of these instabilities, at the price of a slower convergence rate.

Specific answers to the individual reviewers follow.

===============================
Reviewer 1
===============================

We agree with the reviewer that instabilities may affect the learning process. This is indeed a commonly observed phenomenon in RL. Given the fact that GA3C and A3C are indeed (slightly) different algorithms (as now clearly explained in Section 4.4 of the paper), we followed the reviewer’s suggestion and performed a thorough evaluation of the instabilities of the learning process on several games. Experimental results are reported in Section 5.3 and in Fig. 7 and 8 in particular. These show that, for some games (e.g. Pong), the delayed computation of the gradient terms in GA3C (see Section 4.4) does not introduce convergence issues, that are however present in other games (e.g. Breakout). However, a proper selection of the algorithm hyper-parameters, and of the learning rate in particular, is sufficient to achieve results that are comparable to those achieved by A3C (see Table 3). Quite interestingly, the optimal learning rate for GA3C results to be smaller than the one reported in Mnih’s paper for A3C (as it can be seen in Fig. 6) - this somehow confirms that A3C and GA3C are indeed slightly different algorithms, and GA3C requires careful parameter tuning to obtain optimal results. We also demonstrated that batching of the training data can be used to limit the instabilities, at the price of a slower convergence rate.

===============================
Reviewer 2
===============================

Following the suggestion of the other two reviewers, and sharing the conviction that replicating the Deep Mind evaluation protocol is non-trivial, we now report in the paper more training curves for several games (Fig. 6) as a function of the training time. This allows the reader to perform a direct comparison between our training curves and the ones reported in Mnih’s paper, independently from the hardware system used for training. Although, the reader should be careful about this comparison since Mnih’s graphs show top 5 out of 50 runs which is hard to compare with the small number of runs considered in Fig. 6. These curves demonstrate that training time is comparable while achieving a similar training score. The analysis of the theoretical discrepancies between A3C and GA3C (Section 4.4) and its experimental evaluation in terms of instabilities (Section 5.3) should also serve to clarify that, once the hyper-parameters are properly set, GA3C is comparable to A3C in terms of performance.
As for the question about the protocol used for evaluation the score of our trained agents, we now better specify in the caption of table 3 and in the text that we are reporting the average score over 30 different runs for the best agent we trained with GA3C. A direct comparison using the protocol followed in Mnih’s paper is not feasible, as the authors did not share the “human start condition” for each game.

===============================
Reviewer 3
===============================

We agree with the reviewer that showing score vs. time plot would be more informative than reporting only the final score as in Table 3. Therefore, we added Fig. 6 to the paper, showing that, with the proper selection of the hyper-parameters, the dynamic of the learning curves of GA3C is similar to that shown in the original A3C paper by Mnih et al. We believe that other, more precise comparisons in terms of learning speed require an optimized implementation as well as a broad hyper-parameter search (in the style of the original A3C plot, showing top 5 results among a set of 50 learners trained with different learning rates), which is out of the scope for this paper. We also decided to keep Table 3 in the paper - although, as explicitly mentioned in the paper, this information is approximate, it gives an idea that GA3C and A3C achieves final score in the same ballpark.
We also suggest that the contribution of our paper is not limited to the implementation of GA3C, but it also includes the analysis of the computational aspects of GA3C and other RL algorithms that can be implemented through a similar architecture. This contribution stands independently from the potential stability issues for GA3C, while the proposed architecture (and the freely available code) can be modified or extended to address these issues, improve the convergence speed, or attack real world problems.",0,Human,0.0133647322654724,0.0023521780967712,0.9749516556039453,1.3946162462234497,LABEL_1,1
"The paper offers a fascinating look into designing neural networks that can emulate the human visual system's ability to interpret images from less-than-perfect input data. The authors introduce a novel framework called Defoveating Autoencoders (DFAE), aiming to recreate high-resolution images from deliberately degraded, lower-resolution versions. This idea builds on the human visual system’s knack for understanding visual cues even when faced with issues like low resolution or blind spots.

### Strengths

1. **Fresh Approach**: The paper brings a new perspective to deep learning by drawing inspiration from the human visual system. The concept of defoveating autoencoders stands out as an innovative approach in image processing and perception.

2. **Strong Foundation**: The introduction sets a solid groundwork by contrasting human vision with current neural network models. It emphasizes the efficiency of human eyesight and hints at where machine learning can improve.

3. **Comprehensive Review**: The related work section covers a wide range of topics relevant to noise handling, denoising autoencoders, and attention mechanisms, providing context for the research and highlighting its unique contributions.

4. **Detailed Framework Explanation**: The paper clearly explains the DFAE framework, detailing the importance of foveation functions and the process of reconstructing images. This makes the methodology easy to follow and understand.

### Weaknesses

1. **Lack of Evidence**: Despite its promising ideas, the paper doesn't offer any concrete evidence to support the effectiveness of the DFAE framework. Readers can't fully gauge the practicality and impact of this approach without seeing experimental results.

2. **Insufficient Discussion on Challenges**: While the concept is intriguing, the paper doesn't delve into the practical challenges involved in implementing DFAEs. Issues such as model complexity and computational requirements aren’t discussed.

3. **Unclear Perception Measurement**: The paper mentions using similarity between original and generated images as a measure of perception but fails to specify how this similarity is measured or the metrics used.

4. **Limited Future Outlook**: The paper briefly touches on the possibility of integrating attention mechanisms but doesn't explore how this could be done or outline specific applications where DFAEs would be beneficial.

### Suggestions for Improvement

1. **Incorporate Experiments**: To bolster the paper, include experiments demonstrating the DFAE framework's effectiveness. This would help substantiate claims about its potential benefits and limitations.

2. **Address Implementation Challenges**: Provide insights into the practicalities of implementing DFAEs, such as",1,AI,0.7856444120407104,0.993476927280426,0.951004670932889,1.3700133562088013,LABEL_0,0
"**Title: Enhancing Question-Asking Capabilities in Dialogue Systems**

**Strengths:**

1. **Innovative Focus:** The paper introduces an innovative approach to improving dialogue systems by emphasizing the role of question-asking. This aligns closely with human learning patterns and can significantly boost a bot’s adaptability and effectiveness.

2. **Structured Testing:** The authors have created a simulator and a series of synthetic tasks to evaluate how well bots can ask questions under various circumstances. This systematic method offers a clear and thorough way to assess their approaches.

3. **Practical Validation:** Using Amazon Mechanical Turk to test the methods on real data highlights the practical applicability of the proposed techniques. It shows how these systems can perform in actual, real-world scenarios.

4. **Detailed Error Analysis:** The paper breaks down the mistakes learners might make into clear categories, providing a roadmap for identifying and addressing specific challenges in dialogue systems.

5. **Holistic Approach:** By examining both offline supervised and online reinforcement learning environments, the study offers a broad perspective on how interaction can improve learning within dialogue systems.

**Weaknesses:**

1. **Incomplete Error Categorization:** Although the paper identifies three main types of learner errors, it admits there are others that weren't included. This limits the comprehensiveness of the error analysis and its applicability to all possible scenarios.

2. **Limitations of Synthetic Tasks:** While synthetic tasks are useful for controlled testing, they might not fully represent the complexity and variability of real-world dialogues. This could impact the generalizability of the findings.

3. **Simplicity of Evaluation Metrics:** Accuracy is mentioned as the primary metric, but the paper could benefit from a more detailed discussion about other evaluation criteria that could provide a richer understanding of the system’s performance.

4. **Challenges in Real-World Implementation:** Transitioning from synthetic tasks to real-world applications could present significant hurdles. The paper could include discussions on potential obstacles and strategies to overcome them.

5. **Limited Discussion on Limitations:** The paper lacks a thorough examination of the system’s limitations, including scalability and adaptability across different domains beyond the movie question answering context.

**Suggestions for Improvement:**

1. **Expanding Error Categories:** To better address all possible learner errors, the paper should expand its error categorization, potentially including dialogue generation failures.
   
2. **Enhancing Real-World Readiness:** Address the complexities involved in moving from synthetic to real-world applications by discussing potential challenges and offering practical solutions.

3. **More",1,AI,0.8659816980361938,0.9984338879585266,0.6877238601446152,1.3516508340835571,LABEL_0,0
"### Review of the Paper

#### Strengths

1. **Novel Approach**: The paper presents an innovative hierarchical architecture for neural machine translation (NMT) that uses character-level information to handle out-of-vocabulary (OOV) problems. This is a fresh perspective that addresses common challenges in NMT.

2. **Rich Background**: The introduction offers a comprehensive review of existing challenges in NMT, including those related to vocabulary size and OOV words. It also highlights past methods and their shortcomings, providing a solid foundation for the proposed solution.

3. **Hierarchical Model**: The hierarchical structure, which spans character, subword, and word levels, is carefully designed to capture morphological details. This multi-level approach aims to enhance translation quality without needing a vast vocabulary.

4. **Efficiency**: The paper demonstrates that its model requires less computational power compared to traditional NMT techniques, maintaining similar translation quality with reduced memory and processing needs.

5. **Empirical Validation**: The authors claim that their method performs comparably to state-of-the-art models across various translation tasks, suggesting practical effectiveness.

#### Weaknesses

1. **Lack of Detailed Experiments**: Although the model shows promising results, the paper doesn't provide detailed experimental data like BLEU scores or comparisons against baselines. This lack of empirical evidence can make it hard to fully evaluate the approach’s effectiveness.

2. **Insufficient Theoretical Insights**: While the architecture is introduced, there isn’t a thorough discussion of why it works. More theoretical explanations and analyses would bolster the paper’s credibility.

3. **Training Complexity**: The use of multiple recurrent networks adds complexity, which the paper doesn’t adequately address. Details on how to manage this complexity during training would be beneficial.

4. **Limited Discussion of Limitations**: The paper doesn’t delve into potential downsides of the model, such as higher computational costs or difficulties in training deep RNNs.

5. **Clarity and Structure**: The paper could benefit from clearer presentation and organization. Sections describing the model architecture are particularly dense and might require refinement to ensure readability.",1,AI,0.6326053142547607,0.996347725391388,0.953520404174924,1.3865985870361328,LABEL_0,0
"**Title: Unspecified**

**Review:**

**Strengths:**

1. **Comprehensive Overview:**
   The paper offers a broad look at various aspects including vision as an inference problem, multimodality, GANs, priors, feedback mechanisms, and domain-specific decoders. It provides a strong base for understanding the proposed model and its relevance.

2. **Innovative Approach:**
   By introducing adversarial priors that utilize unlabelled data without requiring paired supervision, the paper presents a novel method that could overcome the limitations of traditional priors.

3. **Well-Defined Architecture:**
   The paper clearly delineates the roles of the generator, renderer, memory retrieval engine, and discriminator. Its use of multiple imagination spaces and corresponding discriminators represents a fresh take on tackling complex vision tasks.

4. **Task-Specific Renderers:**
   Detailed descriptions of domain-specific renderers for tasks like image in-painting, intrinsic image decomposition, and figure-ground layer extraction highlight the model’s versatility across different vision applications.

5. **Integration of Feedback Mechanisms:**
   A memory retrieval mechanism integrated into the feedback process promises to enhance the accuracy and resilience of generated images.

**Weaknesses:**

1. **Insufficient Evidence:**
   The paper lacks empirical evidence to substantiate the claims about the effectiveness of the proposed model. Without concrete results, it’s challenging to gauge the practical utility and performance of the approach.

2. **Clarity Issues:**
   Sections detailing the model can be dense and hard to follow without supplementary visuals or explanatory notes. Enhancing clarity would improve reader comprehension.

3. **Limited Discussion:**
   The paper doesn’t explore potential drawbacks or challenges, such as computational demands or scenarios where the model might falter.

4. **Lack of Comparative Analysis:**
   While the related work is thorough, there’s no comparison against existing methods, leaving questions about how this model stacks up against other approaches in terms of performance and benefits.

5. **Missing Conclusions:**
   The absence of a conclusion section prevents a clear summary of key findings, implications, and future directions, which is crucial for understanding the overall value and potential next steps.

**Suggestions for Improvement:**

1. **Include Experimental Data:**
   Presenting experimental results would bolster the argument and allow readers to evaluate the model’s efficacy.

2. **Clarify and Organize:**
   Streamlining the structure and adding visual aids could make the paper easier to navigate and understand.

3. **Discuss",1,AI,0.8611064553260803,0.9921038150787354,0.8048742488026619,1.409903883934021,LABEL_0,0
"Dear Reviewers,

We have upload a revised paper. Here is a list of summary for our revision.

1) We added a performance comparison of uniform quantization with non-weighed mean and uniform quantization with Hessian-weighted mean in Appendix A.3 in the revised paper. We also added a sentence for this in lines 2-4 of the last paragraph of Section 5.3 in the revised paper.

2) We revised the second paragraph of Section 4.5 in the original paper and clarified it as follows:

""We note that quantization of all layers is proposed under the assumption that all of binary encoded quantized parameters in a network are simply stored in one single array. Under this assumption, if layer-by-layer quantization is employed, then we need to assign some (additional) bits to each binary codeword for layer information (layer index), and it hurts the compression ratio. If we quantize all parameters of a network together, then we can avoid such additional overhead for layer indication when storing binary encoded quantized parameters. Thus, in this case, quantizing all layers together is beneficial and Hessian-weighting can be used to address the different impact of the quantization errors across layers.

For layer-by-layer quantization, it is advantageous to use separate arrays and separate lookup tables for different layers since layer information can be excluded in each of binary codewords for network parameters. Hessian-weighting can still provide gain even in this case for layer-by-layer quantization since it can address the different impact of the quantization errors of network parameters within each layer as well.""

3) We added the following sentence in the abstract as your suggestion (see Abstract lines 12-15 in the revised paper).

""Hessian-weighting properly handles the different impact of quantization errors not only within layers but also across layers and thus it can be employed for quantizing all layers of a network together at once; it is beneficial since one can avoid layer-by-layer compression rate optimization.""

We also added the following sentence in Section 7 as your suggestion (see Section 7 lines 8-11 in the revised paper).

""Hessian-weighting is beneficial in quantizing all of the network parameters together at once since it can handle the different impact of quantization errors properly not only within layers but also across layers; thus, using Hessian-weighting, we can avoid layer-by-layer compression rate optimization.""

4) We reduced the number of pages from 17 to 15 (excluding reference and appendices).

- We removed the third paragraph in page 2 of the original paper.
- We removed the last two sentences in the first paragraph of Section 2 of the original paper.
- We removed the last three sentences in the first paragraph of Section 3 of the original paper.
- We removed the last three sentences in the first paragraph of Section 4 of the original paper.
- We removed the second to the fifth paragraphs in Section 5 of the original paper.
- We revised the paragraphs right before Section 6.1 and Section 6.1 as well in order to remove any duplications.
- We moved the second table in Table 1 of the original paper to Appendix A.4 in the revised paper since it is extra information.

5) We added the following sentence at the end of Section 4.1 of the revised paper for clarification.

""We note that we do not consider the interactions between retraining and quantization in our formulation. In this paper, we analyze the expected loss due to quantization of all network parameters assuming no further retraining and focus on finding optimal network quantization schemes that minimize the performance loss while maximizing the compression ratio. After quantization, however, in our experiments, we fine-tune the quantized values (cluster centers) so that we can recover the loss due to quantization and improve the performance further.""

Thank you again for your comments and suggestions. We look forward to further comments.

Best,
Yoojin",0,Human,0.5367178916931152,0.9998025298118592,0.6762156933546066,1.1722170114517212,LABEL_0,0
"### Review of the Paper

#### Title: Semi-Supervised Climate Event Detection Using 3D Convolutional Neural Networks

#### Summary:
This paper introduces an innovative way to spot severe weather events like hurricanes and cyclones in climate simulations. It utilizes a 3D convolutional neural network (CNN) architecture to handle the complex spatiotemporal data, which includes multiple variables over time. The authors employ a semi-supervised learning technique that makes use of both labeled and unlabeled data to improve event detection. 

#### Strengths:
- **Novel Approach**: The paper tackles a significant challenge in climate science by offering a new method for identifying extreme weather events. This is particularly relevant given the growing impacts of climate change.
- **Advanced Technique**: By applying 3D CNNs to climate data, the authors are extending the capabilities of traditional 2D CNNs to better capture the dynamic nature of weather events.
- **Semi-Supervised Learning**: Leveraging large amounts of unlabeled data, the semi-supervised framework enhances the model's performance by making efficient use of available resources.
- **Comprehensive Review**: The paper offers a thorough exploration of related work, placing the proposed method within the context of deep learning applications in climate science and video analysis.
- **Potential Impact**: The proposed method has the potential to greatly aid climate researchers in analyzing and predicting extreme weather events, which is crucial for both scientific research and policy development.

#### Weaknesses:
- **Lack of Experimental Data**: The paper doesn't include experimental results or quantitative evaluations, making it challenging to assess the model’s effectiveness compared to existing techniques.
- **Insufficient Data Details**: There's a lack of information about the specific datasets used for training and evaluation. Details on dataset size, source, and characteristics would help understand the model's applicability and generalization.
- **Complexity and Interpretability**: Despite its sophistication, the 3D CNN model can be challenging to interpret, which limits its direct utility for climate scientists who need clear explanations and validations.
- **Clarity and Structure**: The paper could benefit from improved clarity and structure, especially in areas like the description of datasets and the interpretation of results.

#### Conclusion:
Overall, this paper presents a promising approach with substantial potential, but it falls short in terms of providing empirical evidence and detailed descriptions of the underlying data. These improvements could significantly enhance the paper's value and impact.",1,AI,0.9598583579063416,0.9996554851531982,0.9048413373529912,1.2375354766845703,LABEL_0,0
"**Review of the Paper on Modifications to PixelCNN**

**Strengths:**

1. **Innovative Enhancements:** The paper introduces several novel improvements to the original PixelCNN model, including the discretized logistic mixture likelihood and the ability to condition on whole pixels. These enhancements aim to boost both the efficiency and effectiveness of the model, making a substantial contribution to the field of generative modeling.

2. **Accessible Implementation:** The authors have made their modified PixelCNN model freely available on GitHub, promoting transparency and facilitating others' work. This practical implementation encourages research and innovation by enabling others to experiment with the model.

3. **Strong Theoretical Foundation:** The paper provides a robust theoretical basis for its modifications, especially in how it uses a mixture of logistic distributions to model pixel values. The explanation is thorough and addresses the shortcomings of the original softmax approach.

4. **Demonstrated Effectiveness:** Experimental results show that the paper’s modifications lead to state-of-the-art log-likelihood scores. These impressive outcomes suggest that the approach is competitive with existing methods in the field.

5. **Clear Structure:** The paper is well-organized, featuring a clear introduction, detailed descriptions of the modifications, and a logical progression of ideas. This structure makes the content easy to follow, even for those familiar with the original PixelCNN model.

**Weaknesses:**

1. **Incomplete Evaluation:** Despite claiming state-of-the-art results, the paper doesn't present a thorough comparison against multiple benchmarks and datasets. A broader range of evaluations would bolster the claims of superiority.

2. **Insufficient Discussion of Limitations:** The paper glosses over potential issues with the modifications. For instance, it doesn’t delve into the quality of downsampled images or the trade-offs involved in using simpler channel dependencies.

3. **Simplifying Assumptions:** The paper assumes that dependencies between color channels are straightforward and don’t necessitate complex architectures. This assumption might not be universally applicable, and exploring its generalizability to different domains like audio or video is missing.

4. **Lack of Experimental Detail:** The experimental section is somewhat sparse. Specific datasets, training procedures, and hyperparameters aren’t clearly explained. This lack of detail can hinder understanding and replication of the results.

5. **Dependency on Code for Explanation:** While the GitHub repository offers comprehensive details, the paper itself could provide more foundational information to grasp the core concepts. Over-relying on code snippets means some key aspects might be overlooked if not referenced in the main text.",1,AI,0.6963721513748169,0.9961860775947572,0.9374068006873132,1.4367269277572632,LABEL_0,0
"### Review of the Paper

#### Strengths

1. **Timely and Relevant Topic**: The paper tackles a critical issue in machine learning: optimizing nested models in a parallel and distributed setting. Given the surge in distributed computing resources and larger datasets, this topic is especially timely and relevant.

2. **Novel Contribution**: Introducing ParMAC, a parallel and distributed framework for training nested models via the method of auxiliary coordinates (MAC), is a significant advance. By extending MAC to distributed architectures, the authors have made a substantial contribution to the field.

3. **Thorough Background**: The paper provides a comprehensive overview of the challenges in parallel computation and the limitations of existing methods for nonconvex optimization. This background helps set the stage for why ParMAC is needed.

4. **Practical Demonstration**: The implementation of ParMAC using MPI and its application to binary autoencoders is demonstrated effectively. The claim of achieving large speedups on a distributed cluster is promising.

5. **Theoretical Underpinnings**: The paper includes a thorough analysis of the parallel speedup and convergence of ParMAC, providing important insights into its theoretical foundations and practical performance.

#### Weaknesses

1. **Lack of Experimental Details**: While the implementation and application of ParMAC are described, there are insufficient details about the datasets used, the size of the distributed clusters, and specific speedup metrics. These details would enhance the credibility and reproducibility of the research.

2. **Limited Scope of Application**: The paper focuses mainly on binary autoencoders. While this is a valid use case, exploring ParMAC's applicability to a wider range of nested models would broaden its impact.

3. **Comparison with Other Methods**: The paper doesn't compare ParMAC with other distributed optimization frameworks. Such a comparison would help highlight its unique features and potential drawbacks.

4. **Scalability Issues**: The paper acknowledges large speedups but doesn't delve into scalability concerns, such as communication overhead and fault tolerance. Addressing these issues in large-scale settings would be crucial for practical applications.

5. **Clarity and Structure**: The paper could benefit from a clearer organizational structure. Sections like the introduction and related work are sometimes dense and could be more streamlined for better readability.

#### Suggestions for Improvement

1. **Expand Experimental Section**: Provide more detailed experimental results, including data sets used, cluster sizes, and specific speedup metrics. This will enhance the paper's credibility and allow readers to replicate the findings.

2. **Broader Applications**: Investigate and",1,AI,0.58290696144104,0.9965391159057616,0.919890020042658,1.2754828929901123,LABEL_0,0
"

**INTRODUCTION**
The introduction gives a solid overview of the StarCraft game and its complexities. It clearly outlines the challenges of managing multiple agents in a partially observable environment with vast state and action spaces. The emphasis on micro-management is well-founded, and the authors provide compelling reasons for their research.

Strengths: Clear introduction, strong motivation for the work.

Weaknesses: The introduction could be tighter and more focused on the key contributions of the paper.

Suggestions for improvement: Consider refining the introduction to highlight the main contributions and the intricacies of micromanagement in StarCraft.

**RELATED WORK**
This section offers a comprehensive look at relevant literature in multi-agent reinforcement learning and reinforcement learning broadly. It explains the challenges of micromanagement succinctly and discusses how the authors' work tackles these issues.

Strengths: Comprehensive review, clear explanation of micromanagement challenges.

Weaknesses: The section could be more concise and focused on the most pertinent works.

Suggestions for improvement: Condense the related work section to emphasize the most relevant studies and micromanagement challenges.

**STARCRAFT MICROMANAGEMENT SCENARIOS**
The scenarios outlined here are clearly defined and serve as excellent foundations for experimental analysis. The authors provide a clear explanation of the tasks and challenges associated with each scenario.

Strengths: Well-defined scenarios, clear explanation of tasks and challenges.

Weaknesses: The scenarios could benefit from greater diversity and complexity.

Suggestions for improvement: Introduce more varied and challenging scenarios to enhance the depth of the study.

**EXPERIMENTS**
The experiments section covers the key results effectively. The authors explain their methods and findings clearly.

Strengths: Good summary of results, clear explanation of methods.

Weaknesses: The section could be more concise, focusing on the most significant outcomes.

Suggestions for improvement: Condense the experiments section to highlight the most important results and their implications.

**CONCLUSION**
The conclusion wraps up the paper by summarizing its main contributions and discussing the implications of the findings. The authors also address the limitations and outline future research directions.

Strengths: Effective summary, clear explanation of limitations and future work.

Weaknesses: The conclusion could be more streamlined, emphasizing key points.

Suggestions for improvement: Refine the conclusion to focus on the most critical aspects.
",1,AI,0.711903989315033,0.995433509349823,0.8464440777897835,1.1111818552017212,LABEL_0,0
"
---

The paper introduces a fresh approach to neural memory systems through Lie-access neural Turing machines (LANTM). These models leverage Lie groups to enhance memory access, addressing some of the limitations found in current neural memory systems—specifically those related to differentiability and robust relative indexing.

### Strengths

1. **Innovative Concept**: Introducing Lie groups for memory access in neural networks is a novel and inventive idea. This approach promises to improve how memories are accessed within neural networks.

2. **Strong Motivation**: The authors explain clearly why existing systems have limitations, such as issues with relative indexing and differentiability. This sets a solid base for their proposed solution.

3. **Theoretical Rigor**: Using Lie groups aligns well with what we want from neural memory systems, leveraging their properties like differentiability, identity, invertibility, and associativity.

4. **Empirical Validation**: The paper demonstrates that LANTM can achieve better results on complex tasks compared to conventional memory-based methods. This empirical data underscores the efficacy of the approach.

5. **Comprehensive Context**: The background section provides a detailed overview of recurrent neural networks and existing memory systems, offering context for the proposed model.

### Weaknesses

1. **Complexity and Accessibility**: Although innovative, the use of Lie groups can be challenging for readers unfamiliar with advanced mathematical concepts. More intuitive explanations or visual aids might help make the material more understandable.

2. **Limited Scope**: While there are initial results showing LANTM’s superiority, the experiments cover a narrow range of tasks. Broader testing across various domains would provide stronger evidence of its versatility and reliability.

3. **Comparison Shortcomings**: The paper doesn’t delve deeply into comparing LANTM against other top-tier memory systems. A more exhaustive comparison, including detailed metrics and qualitative assessments, would add significant value.

4. **Detailed Implementation**: Providing more specific details about the model’s construction, including hyperparameters, training procedures, and computational requirements, would facilitate replication and further research.

5. **Discussion on Limitations**: The paper touches briefly on the limitations of LANTM, but a more extensive discussion could offer deeper insights and future directions.

-",1,AI,0.7939262986183167,0.9912181496620178,0.9550750590860844,1.430522084236145,LABEL_0,0
"
**Introduction**
The introduction offers a comprehensive overview of the recent advancements in applying recurrent neural networks (RNNs) and highlights the key challenges in designing and training RNN components. It also clearly outlines the primary strategies used in deploying RNN models, including the utilization of Long Short Term Memory (LSTM) networks and Gated Recurrent Units (GRUs). This section lays the groundwork for the rest of the paper, which delves into the limitations of RNN capacities and examines various RNN architectures.

**Strengths:** The introduction is straightforward and informative, providing a solid foundation for the paper.

**Weaknesses:** While the introduction is clear, it could benefit from additional context about the specific research questions being explored. For instance, the authors should clarify why they are investigating the limitations of RNN capacities and how their work contributes to the field.

**Suggestions for Improvement:** To enhance the introduction, the authors should elaborate on the specific research questions and explain the contribution of their study to the field.

**Capacity Bottlenecks**
The authors recognize three types of capacity bottlenecks that RNNs might face: issues related to learning efficiency, limitations in remembering past inputs, and constraints due to the computational primitives available within RNNs. They also describe a fourth type, which has not been extensively discussed in the literature. Understanding these bottlenecks is crucial for improving RNN performance.

**Strengths:** The authors provide a clear and concise explanation of the various types of capacity bottlenecks that RNNs might encounter.

**Weaknesses:** More details about how these bottlenecks impact RNN performance would be beneficial. Additionally, the authors should elaborate on the strategies employed to address these bottlenecks.

**Suggestions for Improvement:** To strengthen this section, the authors should offer more detailed insights into how these bottlenecks affect RNN performance and the methods used to mitigate them.

**Experimental Setup**
The authors detail their experimental setup, including the RNN architectures tested, the tasks used to assess performance, and the hyperparameter optimization techniques applied during training. Providing this level of specificity is vital for replicating the results presented in the paper.

**Strengths:** The authors have provided a thorough and detailed description of their experimental methodology.

**Weaknesses:** While comprehensive, the authors could give more specifics about the exact hyperparameter optimization techniques used and the rationale behind their choice.

**Suggestions for Improvement:** To improve clarity, the authors should provide",1,AI,0.8651430010795593,0.999804437160492,0.7120738327503204,0.9933996796607972,LABEL_0,0
"We thank the reviewers for their time, but disagree with many points in the reviews.  We first address what we feel is the overall disconnect between the reviews and the contributions of the paper, then rebut specific points below.

Machine learning research is a mix of engineering, mathematics, and science.  Complete focus on engineering can restrict one to the narrow view of judging work by counting parameters and fractions of a percent in accuracy.  The reviews unfortunately reflect this mode of thinking.  However, long-term progress also requires scientific advancement, including new ideas as well as experiments that enhance understanding by revealing simple principles underlying complex phenomena.

FractalNet is a new idea with:

(1) Explanatory power:

As stated in the abstract, our experiments show that for the success of very deep networks, the ""key may be the ability to transition, during training, from effectively shallow to deep"".  This is the property shared by ResNet and FractalNet.

Furthermore, this observation is an important counterpoint to [Veit et al., NIPS 2016] which claims that: (a) ensemble-like behavior is key and (b) the fraction of available effectively short paths is somehow related to performance.  FractalNet provides a counterexample: we can extract a single column (plain network topology with one long path) and it alone (no ensembling) performs as well the entire network.  In FractalNet, the rest of the network is a training apparatus for transitioning from shallow to deep.  This strongly suggests that, with more careful analysis, the same may be true for ResNet.

In fact, unlike [Veit et al., NIPS 2016] our explanation is consistent with the view that very deep networks, such as ResNet and FractalNet, learn unrolled iterative estimation [Greff et al., Highway and Residual Networks learn Unrolled Iterative Estimation, arXiv:1612.07771 and ICLR 2017 submission].  In this view, the longest path is most important; the ensemble can be discarded after training.  Moreover, our Section 4.3 and Figure 3 provide insight into the dynamics of this learning process.

We believe that the research community values understanding these mechanisms and would benefit from the evidence our work injects into the debate.

(2) Simplifying power:

FractalNet shows how a simple design principle produces structure similar to the mishmash of hacks (hand-designed modules, manually-attached auxiliary losses at intermediate depths) required in prior architectures like Inception.  It also expands the set of simple tricks for building very deep networks to include an option other than residual connections.

(3) Good performance:

FractalNet matches a ResNet of equal depth in terms of performance on ImageNet.  Training either of these networks from scratch takes weeks on modern GPUs.  Yet, because FractalNet uses slightly more parameters or does not beat the absolute best ResNet variant (developed after 7 or so papers iterating on ResNet) on the smaller and less important CIFAR dataset, the reviews declare experiments unsatisfactory.  There is a line between demanding high experimental standards and strangling promising ideas; we are all for the former, but hope not to fall victim to the latter.

(4) New capabilities:

Contrary to AnonReviewer2's claim, prior work does not demonstrate an anytime property for ResNet; see our specific response below.  FractalNet, in combination with drop-path training, provides a novel anytime output capability, which could prove useful in real-world latency sensitive applications.


-----
Response to AnonReviewer1

Please see our comments about experiments above.

> Therefore the empirical effectiveness of drop-path is not convincing too.

Drop-path serves two purposes: (a) additional regularization in the absence of data augmentation and (b) regularization that allows the resulting network to have the anytime property.  Yes, additional data augmentation can compensate for drop-path if one only cares about (a), but drop-path is essential for and the only effective means of enabling anytime output.

> DenseNets (Huang et al, 2016a) should be also included in the comparison

DenseNet cites FractalNet as the original version of FractalNet (arXiv:1605.07648) was published on arXiv three months prior to the original version of DenseNet (arXiv:1608.06993).  We are happy to alert readers to subsequent work, but please keep in mind the historical sequence of development.

> Table 1 has Res-Net variants as baselines however Table 2 has only ResNet.

Many of the variants only reported results on CIFAR/SVHN.  For example, the Wide Residual Networks paper (arXiv:1605.07146), at the time of the ICLR deadline (November 5), did not include ImageNet results.  It was updated weeks later, on November 28, to include ImageNet results.  We can expand the table, but it is a bit difficult to have already compared to results that did not exist at submission time.

> there is no improvement in SVHN dataset results and this is not discussed in the empirical analysis.

Section 4.2 observes ""most methods perform similarly on SVHN"".  The errors rates on SVHN are so low as to be uninformative.  We believe SVHN is simply too easy of a dataset to be a challenge to any of the modern techniques in Table 1.  Much like MNIST, SVHN is now a useful sanity check, but not a differentiator.

> Also, authors give a list of some improvements over Inception (Szegedy et al., 2015) but again these intuitive claims about effectiveness of these changes are not supported with any empirical analysis.

Our point is merely to draw connections between the FractalNet architecture and some hand-designed components of Inception, suggesting a more fundamental explanation for why those particular hand-designed choices are effective.  Widespread adoption of ResNet by the community has displaced Inception, VGG, and other architectures, making ResNet the clear leader and appropriate target for experimental comparison.


-----
Response to AnonReviewer2

Please see our comments about experiments and the main contributions of the paper above.

> The 40 layer Fractal Net should not be compared to other models unless the parameter reduction tricks are utilized for the other models as well.

We are demonstrating feasibility of parameter reduction tricks for FractalNet.  Much of the iterative improvement in the ResNet variants themselves, developed over many papers, already has a component of optimizing the architecture to reduce parameters and/or computational load.

> Since this model is directly related to the Inception module due to use of shorter and longer paths without shortcuts.

This statement is incorrect.  Our model is not directly related to Inception.  It reproduces some local connectivity reminiscent of Inception modules, but the global connectivity structure is entirely different. Even locally, FractalNet has a recursive join structure which Inception modules lack.  As consequence of this is that at global scale, FractalNet contains many paths whose length range over many orders of magnitude (all powers of 2 up to the maximum depth).  In contrast, the shortest path through an Inception network grows linearly with depth (number of modules stacked).

> As an aside, note that Inception networks have already shown that residual networks are not necessary to obtain the best performance

ImageNet performance is a useful benchmark tool, not the end goal of network design.  Mass adoption of ResNet by the community suggests that simplicity and scalability are also legitimate concerns.  With regard to scalability in depth, the only networks previously demonstrated to easily extend to the 100-1000 layer regime rely on some form of residual connection (ResNet/Highway Networks).  We demonstrate a 160-layer FractalNet, placing it in this group.

Moreover, FractalNet and ResNet/Highway all have a mechanism for evolving from being effectively shallow to effectively deep over the course of training. This shallow to deep evolution seems critical, but unfortunately the design of Inception prevents its effective depth from being less than the number of stacked Inception modules.

> It should be noted that Residual/Highway architectures do have a type of anytime property, as shown by lesioning experiments in Srivastava et al and Viet et al.

We disagree.  The lesioning experiments in Veit et al. demonstrate the opposite: ResNet does not have an anytime property.  If deleting a few layers, then yes, ResNet can recover.  However, Section 4.2 and Figure 5 of Veit et al, show that deleting 10 blocks of a 54 block ResNet increases CIFAR-10 error to 0.2, deleting 20 blocks pushes error above 0.5.  So one cannot maintain a reasonable error if halving the ResNet depth.  Compare this to our Table 4: subnetwork columns of one half (20) and even one fourth (10) the layers of a full FractalNet (40) maintain low error on CIFAR-100.  This robustness across many orders of magnitude in depth (and thus time) is required for a useful anytime property and is unique to FractalNet (with drop-path training).

> The architecture specific drop-path regularization is interesting, but is used along with other regularizers such as dropout, batch norm and weight decay and its benefit on its own is not clear.

Drop-path is essential for and the only effective means of enabling anytime output.  The fact that it can contribute as a regularizer in other scenarios is a bonus.


-----
Response to AnonReviewer3

> the experimental evaluation is not convincing, e.g. no improvement on SVHN

As we replied to AnonReviewer1: Section 4.2 observes ""most methods perform similarly on SVHN"".  The errors rates on SVHN are so low as to be uninformative.  We believe SVHN is simply too easy of a dataset to be a challenge to any of the modern techniques in Table 1.  Much like MNIST, SVHN is now a useful sanity check, but not a differentiator.

> number of parameters should be mentioned for all models for fair comparison

We can add this to the table, but please see our larger discussion of experiments above.

> the effect of drop-path seems to vanish with data augmentation

Drop-path is essential for and the only effective means of enabling anytime output.  The fact that it can contribute as a regularizer in the absence of data augmentation is a bonus.
",0,Human,0.0261463522911071,0.7656693458557129,0.8982562609016895,1.871327519416809,LABEL_1,0
"---

**INTRODUCTION**
The introduction outlines the key challenges in audio generation, specifically focusing on speech synthesis, and points out the limitations of traditional methods. It briefly introduces the proposed solution—a fully end-to-end audio synthesis model for raw waveforms. The writing is clear and easy to follow.

**Strengths:** 
- Provides a clear overview of the challenges in audio generation and traditional methods' limitations.
- Offers a concise introduction that sets up the main contributions of the paper.

**Weaknesses:** 
- Could be more concise and directly highlight the main contributions of the paper.
- Provides a broad overview rather than focusing on the specific innovations.

**Suggestions for Improvement:** 
- Condense the introduction to emphasize the main contributions and delve into the proposed solution in more detail.

**SAMPLERNN MODEL**
The SampleRNN model forms the core of the paper, and it is comprehensively explained here. The authors provide a detailed description of the model's architecture, including its hierarchical structure and how each module operates at different temporal resolutions. They also explain the frame-level and sample-level modules, along with relevant equations and diagrams.

**Strengths:** 
- The model is thoroughly explained, and the architecture is clearly outlined.

**Weaknesses:** 
- Could be more concise and centered around the main contributions of the model.

**Suggestions for Improvement:** 
- Condense the section to focus on the main contributions and provide more detailed explanations of the equations and diagrams.

**EXPERIMENTS**
The experiments section evaluates the proposed model, comparing it against baselines and involving human evaluations. The authors present a clear setup, detailing the datasets and evaluation metrics used.

**Strengths:** 
- Details the evaluation of the proposed model and provides a clear setup.

**Weaknesses:** 
- Could be more concise and focused on the main contributions of the experiments.

**Suggestions for Improvement:** 
- Condense the section to highlight the main contributions and offer more detailed explanations of the results.

**CONCLUSION**
The conclusion summarizes the main contributions of the paper and highlights the advantages of the proposed model. It also touches on future work.

**Strengths:** 
- Summarizes the main contributions and emphasizes the benefits of the proposed model.

**Weaknesses:** 
- Could be more concise and focused on the main contributions.

**Suggestions for Improvement:** 
- Condense the conclusion to focus on the main contributions and provide a clearer summary.

---",1,AI,0.7308315634727478,0.9985764026641846,0.7129228115081787,1.0206540822982788,LABEL_0,0
"This paper explores the performance-area-energy-model accuracy tradeoff encountered in designing custom number representations for deep learning inference. Common image-based benchmarks: VGG, Googlenet etc are used to demonstrate that fewer than1 6 bits in a custom floating point representation can lead to improvement in runtime performance and energy efficiency with only a small loss in model accuracy.

Questions:

1. Does the custom floating point number representation take into account support for de-normal numbers? 
2. Is the custom floating point unit clocked at the same frequency as the baseline 32-bit floating point unit? If not, what are the different frequencies used and how would this impact the overall system design in terms of feeding the data to the floating point units from the memory

Comments:

1. I would recommend using the IEEE half-precision floating point (1bit sign, 5bit exponent, and 10bit mantissa) as a baseline for comparison. At this point, it is well known in both the ML and the HW communities that 32-bit floats are an overkill for DNN inference and major HW vendors already include support for IEEE half-precision floats. 
2. In my opinion, the claim that switching to custom floating point  lead to a YY.ZZ x savings in energy is misleading. It might be true that the floating-point unit itself might consume less energy due to smaller bit-width of the operands, however a large fraction of the total energy is spent in data movement to/from the memories. As a result, reducing the floating point unit’s energy consumption by a certain factor will not translate to the same reduction in the total energy. A reader not familiar with such nuances (for example a typical member of the ML community), may be mislead by such claims. 
3. On a similar note as comment 2, the authors should explicitly mention that the claimed speedup is that of the floating point unit only, and it will not translate to the overall workload speedup. Although the speedup of the compute unit is roughly quadratic in the bit-width, the bandwidth requirements scale linearly with bit-width. As a result, it is possible that these custom floating point units may be starved on memory bandwidth, in which case the claims of speedup and energy savings need to be revisited.
4. The authors should also comment on the complexities and overheads introduced in data accesses, designing the various system buses/ data paths when the number representation is not byte-aligned. Moving to a custom 14-bit number representation (for example) can improve the performance and energy-efficiency of the floating point unit, but these gains can be partially eroded due to the additional overhead in supporting non-byte aligned memory accesses.
",0,Human,0.3790895938873291,0.052380084991455,0.9612696506083012,1.6284940242767334,LABEL_1,1
"**Review of the Paper:**

**Title:** Introduction of NewsQA: A New Dataset for Machine Comprehension

**Strengths:**

1. **Innovative Dataset Presentation:** The paper introduces NewsQA, a new large-scale dataset for machine comprehension that tackles issues found in existing datasets. This is a noteworthy contribution because it offers fresh material for training and evaluating machine comprehension models.

2. **Rich Dataset Features:** NewsQA is designed with various challenging elements like variable-length answers, questions without answers, and the absence of candidate answers. These features make the dataset more realistic and push the boundaries of current machine comprehension models.

3. **Transparent Methodology:** The authors detail the four-step process used to curate articles, source questions, find answers, and validate the dataset. This level of transparency is invaluable for others looking to replicate the work or use the dataset.

4. **Contextual Positioning:** The paper places NewsQA in the broader context of existing datasets, emphasizing its unique contributions and the areas it fills. This helps readers understand its significance and potential impact.

5. **Human-Machine Performance Comparison:** The paper evaluates both humans and machines on the NewsQA dataset, showcasing the current performance gap and highlighting the challenges presented by the dataset. This comparison serves as a benchmark for future research.

**Weaknesses:**

1. **Insufficient Model Analysis:** Although the paper discusses the performance of two neural network baselines, it doesn't delve into why these models perform the way they do or how they can be improved. A deeper analysis would offer more guidance for future research.

2. **Lack of Error Analysis:** The dataset’s machine comprehension models aren’t analyzed for errors. Without understanding the types of mistakes made, we miss critical insights into the dataset’s challenges.

3. **Minimal Bias Discussion:** The paper barely touches on potential biases in the dataset, such as those introduced by news articles or the backgrounds of the crowdworkers. Addressing these biases is essential for ensuring the dataset’s applicability across different real-world scenarios.

4. **Scalability and Practical Issues:** While NewsQA is substantial, the paper doesn’t discuss the computational resources needed to train models on it or its practicality in real-world applications. These aspects need further exploration.",1,AI,0.93330180644989,0.9992352724075316,0.8656712248921394,1.3363016843795776,LABEL_0,0
"### Review of the Paper

#### Title: Semi-Supervised Climate Event Detection Using 3D Convolutional Neural Networks

#### Summary:
This paper introduces a groundbreaking approach for identifying extreme weather events in climate simulation data through the use of a 3D convolutional neural network (CNN) architecture. The authors propose a semi-supervised learning framework that makes use of both labeled and unlabeled data to enhance the detection of climate events like hurricanes and cyclones. Designed to handle the complex, spatiotemporal nature of climate data, the model employs a 3D encoder-decoder architecture tailored for this purpose.

#### Strengths:
- **Novelty and Relevance**: By tackling an important challenge in climate science—identifying extreme weather events that aren’t always captured in global or annual averages—the paper addresses a critical need as climate change intensifies.
- **Advanced Techniques**: The innovative application of 3D CNNs to climate data demonstrates how deep learning can extend beyond traditional 2D image processing to manage intricate, multi-channel spatiotemporal data.
- **Semi-Supervised Learning**: The semi-supervised approach is a significant strength, allowing the model to utilize vast quantities of unlabeled data, a common characteristic in climate datasets.
- **Comprehensive Related Work**: The paper offers a comprehensive overview of related research, placing the proposed method within the broader context of deep learning applications in climate science and video analysis.
- **Potential Impact**: If successful, this method could revolutionize climate research, improving the identification and analysis of extreme weather events, which might aid in real-time predictions and policy-making.

#### Weaknesses:
- **Lack of Experimental Results**: The absence of detailed experimental results and comparisons with existing methods makes it challenging to evaluate the model’s effectiveness and performance.
- **Limited Discussion on Model Limitations**: The paper lacks a thorough discussion on the model’s limitations, including computational complexity, scalability issues, and the quality of bounding box predictions.
- **Insufficient Implementation Details**: While the architecture is outlined, the training process, hyperparameters, and evaluation metrics used to assess performance are not sufficiently detailed.
- **Clarity and Structure**: The paper could benefit from a clearer presentation of the model architecture and results. Sections describing the decoder and other aspects of the model could be more clearly organized and structured.

#### Conclusion:
Overall, the paper presents a promising approach to climate event detection using advanced machine learning techniques. However, additional research is needed to validate its efficacy and address its limitations.",1,AI,0.739040732383728,0.9968088269233704,0.9387978333979844,1.295111894607544,LABEL_0,0
"---

The paper introduces a novel approach to unsupervised domain adaptation through the development of a new metric called Central Moment Discrepancy (CMD). This metric focuses on matching domain-specific hidden representations within neural networks, aiming to reduce domain discrepancy without the computational burden of alternatives like Maximum Mean Discrepancy (MMD).

### Strengths

1. **Originality and Impact**: By introducing CMD, the paper makes a substantial contribution to the field. It not only defines CMD as a metric but also proves its efficacy in reducing domain discrepancies during training.

2. **Theoretical Foundation**: The authors provide a rigorous probabilistic analysis to support their claims about CMD. This analysis strengthens the paper's theoretical underpinnings, showing how CMD impacts distribution convergence.

3. **Practical Feasibility**: The paper demonstrates that CMD performs exceptionally well across multiple domain adaptation tasks, indicating both its theoretical soundness and practical effectiveness.

4. **Efficiency Advantages**: Unlike MMD, which requires complex kernel matrix calculations, CMD operates more efficiently, making it scalable and less computationally intensive.

5. **Stability Analysis**: The paper highlights CMD’s stability with respect to parameter adjustments, suggesting that the approach is robust and less prone to overfitting due to hyperparameter tuning.

### Weaknesses

1. **Insufficient Evidence**: While the paper claims state-of-the-art performance, it doesn't provide enough empirical evidence to substantiate these claims. Detailed experiments with diverse datasets and comparison against multiple baselines would bolster the findings.

2. **Clarity and Organization**: The writing could benefit from clearer explanations and a more organized structure. Sections such as the introduction and literature review could use some simplification to improve readability.

3. **Limitation Exploration**: The paper fails to thoroughly address potential limitations or edge cases where CMD might not perform optimally. Discussing these scenarios would provide a more nuanced perspective.

4. **Comprehensive Comparison**: Although CMD is compared against MMD and KL divergence, the paper could include a broader comparative study with recent advancements in domain adaptation techniques, including adversarial methods and other moment-matching approaches.

5. **Reproducibility Issues**: While a GitHub repository is available, detailed information about the experimental setup, hyperparameters, and datasets used is lacking. Providing this would enhance the paper’s transparency and facilitate replication.

### Suggestions for Improvement

1. **Enhanced Empirical Evaluation**: Conduct more thorough empirical evaluations with diverse datasets",1,AI,0.6518760323524475,0.9905531406402588,0.975243914872408,1.4028934240341189,LABEL_0,0
"

The paper offers a comprehensive look at implicit generative models, highlighting their distinctions from prescribed models and discussing the complexities associated with them. It focuses on generative adversarial networks (GANs) as a key tool for learning within these models and examines several approaches for likelihood-free inference, with a particular emphasis on density ratio estimation via class probability estimation.

### Strengths:

1. **Clear Differentiation and Motivation**: The paper adeptly differentiates between prescribed and implicit probabilistic models, underscoring the practical utility of implicit models in areas like climate science and ecology. This helps readers understand why implicit models are worth exploring.

2. **Thorough Examination**: The paper provides a detailed overview of the challenges posed by implicit generative models, including the difficulties in working with the likelihood function. It also reviews various methodologies for likelihood-free inference, giving readers a broad sense of the current state of research in this field.

3. **Connecting Implicit Models to GANs**: By linking implicit generative models to GANs, the paper places its discussion within a well-established and active area of research. This connection makes the paper more relevant and useful for those already familiar with GANs.

4. **Explaining Density Ratio Estimation**: The paper offers a detailed explanation of how density ratio estimation can be used in implicit models, particularly through class probability estimation. The explanation is clear and easy to follow.

### Weaknesses:

1. **Lack of Empirical Evidence**: While the paper is rich in theory, it lacks empirical results or experiments that could demonstrate the practical efficacy of the proposed methods. Adding such evidence would significantly bolster the paper.

2. **Technical Depth**: The paper contains numerous technical details and mathematical formulations that may be challenging for readers without a strong background in probabilistic modeling or machine learning. Simplifying some of the explanations or providing more intuitive illustrations could enhance accessibility.

3. **Insufficient Discussion on Limitations**: Although the paper touches on some of the limitations of implicit models, it doesn't delve deeply into major challenges like computational complexity or scalability. A more thorough examination of these limitations would round out the paper.

4. **Outdated Reference List**: The paper references both foundational work and some recent studies, but it could benefit from an updated review of the latest advancements in implicit generative models and GANs. Given the rapid evolution of these fields, staying current with the latest research is crucial.

### Suggestions for Improvement:

- Include experimental results",1,AI,0.8884109258651733,0.9989427924156188,0.963639922440052,1.2337886095046997,LABEL_0,0
"This paper presents a succinct argument that the principle of optimizing receptive field location and size in a simulated eye that can make saccades with respect to a classification error of images of data whose labels depend on variable-size and variable-location subimages, explains the existence of a foveal area in e.g. the primate retina.

The argument could be improved by using more-realistic image data and drawing more direct correspondence with the number, receptive field sizes and eccentricities of retinal cells in e.g. the macaque, but the authors would then face the challenge of identifying a loss function that is both biologically plausible and supportive of their claim.

The argument could also be improved by commenting on the timescales involved. Presumably the density of the foveal center depends on the number of of saccades allowed by the inference process, as well as the size of the target sub-images, and also has an impact on the overall classification accuracy.

Why does the classification error rate of dataset 2 remain stubbornly at 24%? This seems so high that the model may not be working the way we’d like it to. It seems that the overall argument of the paper pre-supposes that the model can be trained to be a good classifier. If there are other training strategies or other models that work better and differently, then it raises the question of why do our eyes and visual cortex not work more like *those ones* if evolutionary pressures are applying the same pressure as our training objective.

Why does the model with zooming powers out-do the translation-only model on dataset 1 (where all target images are the same size) and tie the translation-only model dataset 2 (where the target images have different sizes, for which the zooming model should be tailor-made?). Between this strange tie and the high classification rate on Dataset 2, I wonder if maybe one or both models isn’t being trained to its potential, which would undermine the overall claim.

Comparing this model to other attention models (e.g. spatial transformer networks, DRAW) would be irrelevant to what I take to be the main point of the paper, but it would address the potential concerns above that training just didn’t go very well, or there was some problem with the model parameterization that could be easily fixed.",0,Human,0.1917012929916381,0.0002521872520446,0.9495895337313414,1.7576398849487305,LABEL_1,1
"**Title: Unspecified**

**Review:**

**Strengths:**

1. **Clear Introduction to GL and RL:**
   The paper offers a thorough overview of generative learning (GL) and representation learning (RL), highlighting their interconnected nature. This foundational knowledge forms the bedrock upon which Sum-Product Networks (SPNs) are explored.

2. **Innovative SPN Applications:**
   By applying SPNs to new areas beyond traditional uses, the authors introduce a fresh perspective on these networks. This novel approach could open up exciting possibilities for machine learning research.

3. **Integration with MPNs:**
   The combination of SPNs and Max-Product Networks (MPNs) for decoding learned representations is a clever idea. The use of Most Probable Explanation (MPE) inference provides a solid rationale and enriches the study.

4. **Comprehensive Evaluation:**
   The paper promises a broad assessment of SPN and MPN representations across diverse structured output prediction tasks. This evaluation will be essential for showcasing the methods' practical value and competitive edge.

5. **Comparative Analysis:**
   By comparing SPNs and MPNs against established models like Restricted Boltzmann Machines (RBMs) and autoencoders, the authors position their work within the larger machine learning ecosystem. This comparison is invaluable for understanding where their approaches stand.

**Weaknesses:**

1. **Lack of Specific Contributions:**
   Despite outlining several advancements, the paper doesn't clearly articulate how these contributions represent significant strides over existing literature. More explicit discussions about the unique and impactful aspects of the proposed techniques would strengthen the manuscript.

2. **Technical Detailing:**
   Although informative, the explanations of SPNs and MPNs need more depth. Providing additional mathematical formulations, real-world examples, or further theoretical discussions could clarify these concepts for a wider audience.

3. **Insufficient Empirical Data:**
   While promising extensive evaluations, the paper does not present any concrete results or insights derived from these evaluations. Including preliminary findings or a brief summary of key outcomes would bolster the paper’s credibility and impact.

4. **Improvement in Clarity and Organization:**
   The paper benefits from clearer transitions between sections and improved overall structure. Abrupt shifts in focus can be confusing; more defined headers and smoother transitions would facilitate a more fluid reading experience.

5. **Clarification of Assumptions and Limitations:**
   The paper should address assumptions and limitations more thoroughly. Discussing what works best under certain conditions and noting potential pitfalls",1,AI,0.8398044109344482,0.9954184293746948,0.8185982629656792,1.5890533924102783,LABEL_0,0
